family,model,symbol,live,is_years,is_cagr,is_sharpe,is_maxdd,is_entries,is_in_mkt,is_bh_cagr,oos_years,oos_cagr,oos_sharpe,oos_maxdd,oos_entries,oos_in_mkt,oos_bh_cagr,full_years,full_cagr,full_sharpe,full_maxdd,full_entries,full_in_mkt,full_bh_cagr
breakouts,donchian_55_20,ARKK,False,6.162698412698413,0.1700231325797983,0.8765113085992321,-0.244949947955044,14.0,0.47585318737926596,0.34156708275251746,5.4603174603174605,0.04337807791821202,0.30787540458522217,-0.4161754188261071,11,0.2914244186046512,-0.08177772774105407,11.623015873015873,0.10871867190382267,0.6052424676330882,-0.416175418826107,24,0.3892113349265961,0.12261035386434105
breakouts,donchian_breakout,ARKK,False,6.162698412698413,0.24779076026941316,1.0515729198082628,-0.23535481880761933,21.0,0.68190598840953,0.34156708275251746,5.4603174603174605,-0.03355757287037486,0.028007513306911435,-0.6284433680723804,23,0.5181686046511628,-0.08177772774105407,11.623015873015873,0.10665364145844847,0.5162569417835758,-0.6284433680723803,43,0.6049846363946739,0.12261035386434105
breakouts,donchian_long_only,ARKK,False,6.162698412698413,0.2175740149070391,0.9869392063177643,-0.2199672309394567,16.0,0.5769478428847392,0.34156708275251746,5.4603174603174605,0.023343607033157854,0.21608824552417571,-0.4761110031575626,18,0.42005813953488375,-0.08177772774105407,11.623015873015873,0.12211889738187853,0.6126213624215423,-0.47611100315756205,33,0.503243427791055,0.12261035386434105
breakouts,donchian_ma_exit,ARKK,False,6.162698412698413,0.21664256330450438,1.0256007048796694,-0.19269012127800322,18.0,0.5235028976175145,0.34156708275251746,5.4603174603174605,-0.019150750836774533,0.020971792484645663,-0.406823654963668,26,0.3488372093023256,-0.08177772774105407,11.623015873015873,0.0995363240388607,0.5473815764587282,-0.40682365496366757,43,0.44144759303516556,0.12261035386434105
breakouts,nr7_breakout,ARKK,False,6.162698412698413,0.08852467662853658,0.510823855248961,-0.25165898219856964,112.0,0.5859626529298133,0.34156708275251746,5.4603174603174605,-0.11754249950457774,-0.28689198665734683,-0.6242504051090878,86,0.4629360465116279,-0.08177772774105407,11.623015873015873,-0.013675144520486682,0.07020212448007034,-0.624250405109088,198,0.5281666097644248,0.12261035386434105
breakouts,turtle_ma_exit,ARKK,False,6.162698412698413,0.16941463701971893,0.8833869071890686,-0.24494994795504377,15.0,0.4513844172569221,0.34156708275251746,5.4603174603174605,0.0215267775675394,0.20676968882607952,-0.391677756323629,15,0.25363372093023256,-0.08177772774105407,11.623015873015873,0.09744643826204569,0.5700299731615152,-0.3916777563236289,29,0.35848412427449644,0.12261035386434105
breakouts,volume_confirmed_breakout,ARKK,False,6.162698412698413,0.18669963843921167,0.8834126711784414,-0.29642739335449864,12.0,0.604636188023181,0.34156708275251746,5.4603174603174605,0.013744134781378481,0.18243309138919422,-0.5245171615977673,6,0.3444767441860465,-0.08177772774105407,11.623015873015873,0.10205094377173185,0.5254798893595316,-0.5245171615977671,17,0.48241720723796516,0.12261035386434105
breakouts,donchian_55_20,CRWD,False,1.5634920634920635,0.6384069504988654,1.4505538724591738,-0.21823200566273326,3.0,0.350253807106599,1.294626585553547,5.448412698412699,0.09352492063087947,0.4553691281435043,-0.5217543246009483,16,0.38310269482884196,0.23902000946575552,7.011904761904762,0.19669057624340724,0.728739349292392,-0.5217543246009482,18,0.37577815506508205,0.42113936410004205
breakouts,donchian_breakout,CRWD,False,1.5634920634920635,0.8948501219571399,1.5158980716846868,-0.23641473095750054,6.0,0.5989847715736041,1.294626585553547,5.448412698412699,0.2714788006582607,0.8234294285239804,-0.4389504694769597,20,0.5986890021849963,0.23902000946575552,7.011904761904762,0.38977137846038556,1.0068949782475625,-0.4389504694769595,25,0.5987549518958687,0.42113936410004205
breakouts,donchian_long_only,CRWD,False,1.5634920634920635,0.7926602213440963,1.666928133302699,-0.21823200566273315,3.0,0.3756345177664975,1.294626585553547,5.448412698412699,0.19433849407506676,0.7292979751632864,-0.5053286792713191,17,0.4559359067734887,0.23902000946575552,7.011904761904762,0.3075369504852319,0.9756452612399545,-0.5053286792713196,19,0.4380305602716469,0.42113936410004205
breakouts,donchian_ma_exit,CRWD,False,1.5634920634920635,0.7926602213440963,1.666928133302699,-0.21823200566273315,3.0,0.3756345177664975,1.294626585553547,5.448412698412699,0.16026463353582976,0.6409348483104328,-0.5112737180444937,20,0.43335761107064824,0.23902000946575552,7.011904761904762,0.2784580946670909,0.9138670250954505,-0.5112737180444936,22,0.4204867006225241,0.42113936410004205
breakouts,nr7_breakout,CRWD,False,1.5634920634920635,0.6782203282823145,1.259108441544431,-0.3569915798851643,20.0,0.6091370558375635,1.294626585553547,5.448412698412699,-0.05896528462386019,0.021782593551887292,-0.7911752182029551,92,0.5571740713765477,0.23902000946575552,7.011904761904762,0.07059960442516044,0.3711872352987896,-0.7911752182029552,111,0.568760611205433,0.42113936410004205
breakouts,turtle_ma_exit,CRWD,False,1.5634920634920635,0.6384069504988654,1.4505538724591738,-0.21823200566273326,3.0,0.350253807106599,1.294626585553547,5.448412698412699,0.06232721928691265,0.3557986960344999,-0.5275019573506335,19,0.3605243991260015,0.23902000946575552,7.011904761904762,0.17007687885413159,0.6612279563626042,-0.5275019573506334,21,0.35823429541595925,0.42113936410004205
breakouts,volume_confirmed_breakout,CRWD,False,1.5634920634920635,0.5687877142970978,1.0298213662972346,-0.6289523031743316,4.0,0.7284263959390863,1.294626585553547,5.448412698412699,0.056036673073273535,0.3333743973770704,-0.4519326335448658,13,0.5914056809905317,0.23902000946575552,7.011904761904762,0.1534676183582655,0.5441012049310691,-0.6289523031743316,16,0.6219581211092247,0.42113936410004205
breakouts,donchian_55_20,FTAI,False,5.634920634920635,0.0756952234658812,0.5388957908605272,-0.1825864933942869,14.0,0.35,0.058866259338271165,5.4603174603174605,0.41135148048186454,1.318511835477883,-0.3131568228692171,12,0.5007267441860465,0.5991743121793554,11.095238095238095,0.22951595207992725,0.9950958271999994,-0.31315682286921664,25,0.4241773962804006,0.2971527287357474
breakouts,donchian_breakout,FTAI,False,5.634920634920635,0.03449019138826004,0.26064804742435793,-0.3624484040573007,25.0,0.573943661971831,0.058866259338271165,5.4603174603174605,0.24194472496215913,0.7687549539006828,-0.5681330788894583,21,0.657703488372093,0.5991743121793554,11.095238095238095,0.13185231191353908,0.5505279320604276,-0.568133078889458,45,0.6151645207439199,0.2971527287357474
breakouts,donchian_long_only,FTAI,False,5.634920634920635,0.10116213902137039,0.654425248400546,-0.17444332919412364,16.0,0.40774647887323945,0.058866259338271165,5.4603174603174605,0.27123310026322067,0.8654642449179796,-0.6278691325196742,16,0.5777616279069767,0.5991743121793554,11.095238095238095,0.18180942634304031,0.750807303668402,-0.6278691325196741,31,0.49141630901287553,0.2971527287357474
breakouts,donchian_ma_exit,FTAI,False,5.634920634920635,0.10044698280311715,0.6524098795122154,-0.17444332919412364,18.0,0.3929577464788732,0.058866259338271165,5.4603174603174605,0.30772789178445703,0.9637755002328414,-0.5487248968785301,18,0.5494186046511628,0.5991743121793554,11.095238095238095,0.19799094006234297,0.8130218981580261,-0.5487248968785303,35,0.4699570815450644,0.2971527287357474
breakouts,nr7_breakout,FTAI,False,5.634920634920635,0.14649976701739265,0.6591627041483493,-0.31939766590086793,73.0,0.5345070422535211,0.058866259338271165,5.4603174603174605,0.10484511260514617,0.4485361671166677,-0.410980310067672,88,0.5872093023255814,0.5991743121793554,11.095238095238095,0.12580753226984798,0.5222656580506864,-0.4109803100676718,161,0.5604434907010014,0.2971527287357474
breakouts,turtle_ma_exit,FTAI,False,5.634920634920635,0.0749966068855017,0.5364248698930444,-0.17652200428742426,16.0,0.3352112676056338,0.058866259338271165,5.4603174603174605,0.4444032988362565,1.4208589447821247,-0.27322397257760944,13,0.48401162790697677,0.5991743121793554,11.095238095238095,0.2431925974500253,1.0559684499253565,-0.27322397257760955,28,0.4084406294706724,0.2971527287357474
breakouts,volume_confirmed_breakout,FTAI,False,5.634920634920635,0.08817597149915035,0.503226117938556,-0.4205958531364775,12.0,0.6267605633802817,0.058866259338271165,5.4603174603174605,0.3898012203194958,1.0699568501135506,-0.47672965514608745,9,0.6606104651162791,0.5991743121793554,11.095238095238095,0.22741059142903497,0.8289538787947878,-0.47672965514608734,20,0.6434191702432046,0.2971527287357474
breakouts,donchian_55_20,FXI,False,9.988095238095237,0.021524603458269453,0.2516965315271098,-0.1847277950871945,21.0,0.3007548669050457,0.00750238634755207,5.4603174603174605,0.02878889564638354,0.2792444539052018,-0.18017454136284372,7,0.17950581395348839,-0.06809834028181405,15.448412698412698,0.024086323632711126,0.26141799942466826,-0.1847277950871945,28,0.2578987927048549,-0.0198953599586722
breakouts,donchian_breakout,FXI,False,9.988095238095237,0.02267450853321118,0.2245519428928035,-0.3507289471074967,39.0,0.5299960270162892,0.00750238634755207,5.4603174603174605,-0.034358241067720896,-0.09234015749380747,-0.5045096375412268,23,0.4491279069767442,-0.06809834028181405,15.448412698412698,0.002141026575936955,0.0948929594475248,-0.5391811024100094,62,0.5014127921911122,-0.0198953599586722
breakouts,donchian_long_only,FXI,False,9.988095238095237,0.001109554061261342,0.07055031839727575,-0.25171658373554484,31.0,0.40921732220897894,0.00750238634755207,5.4603174603174605,0.0153340130358266,0.17539265344528132,-0.32385556060027554,14,0.29433139534883723,-0.06809834028181405,15.448412698412698,0.006114343816158607,0.11234692381602202,-0.37172627319911056,45,0.3686103262265605,-0.0198953599586722
breakouts,donchian_ma_exit,FXI,False,9.988095238095237,-0.01897854673430821,-0.1143449717210881,-0.3319207537276775,38.0,0.3543901470003973,0.00750238634755207,5.4603174603174605,0.041522231614602,0.34551991259715775,-0.22298668727629134,14,0.27252906976744184,-0.06809834028181405,15.448412698412698,0.001993287565852153,0.07898317807280981,-0.3634797724740544,52,0.32545594657076804,-0.0198953599586722
breakouts,nr7_breakout,FXI,False,9.988095238095237,-0.024235970093303028,-0.09995344588770862,-0.3273709329629755,161.0,0.4870878029400079,0.00750238634755207,5.4603174603174605,-0.06501170319679317,-0.22726184845025812,-0.5751825171057702,97,0.49709302325581395,-0.06809834028181405,15.448412698412698,-0.038847644449754526,-0.1534087227225439,-0.6367002913776258,257,0.49062419727716416,-0.0198953599586722
breakouts,turtle_ma_exit,FXI,False,9.988095238095237,0.011858615096610459,0.16795575878399432,-0.19626138295961104,24.0,0.27930075486690503,0.00750238634755207,5.4603174603174605,0.034153637494762856,0.31907179485279935,-0.16421924110702601,7,0.17805232558139536,-0.06809834028181405,15.448412698412698,0.019683439000362624,0.2292679291857126,-0.20295416946176947,31,0.24351399948625738,-0.0198953599586722
breakouts,volume_confirmed_breakout,FXI,False,9.988095238095237,0.01395776252908365,0.16800294912950725,-0.3349947247938281,20.0,0.5172824791418356,0.00750238634755207,5.4603174603174605,-0.1294207891317205,-0.6170622274684561,-0.6325048214549096,13,0.44694767441860467,-0.06809834028181405,15.448412698412698,-0.03923525476852696,-0.16066555439909033,-0.6553020140770789,32,0.4924222964294888,-0.0198953599586722
breakouts,donchian_55_20,GLD,False,9.988095238095237,0.001680875018507777,0.06330327723118977,-0.3405759550832762,22.0,0.27930075486690503,0.02548390538222889,5.4523809523809526,0.07970288555140037,0.6608234727579421,-0.17579710443886398,13,0.4141193595342067,0.14087739486536122,15.44047619047619,0.0285663402734595,0.321895246178619,-0.3405759550832762,35,0.3269082498072475,0.06483422276837847
breakouts,donchian_breakout,GLD,False,9.988095238095237,0.019930264430216837,0.23426245191135062,-0.29283751552917225,40.0,0.4823202224870878,0.02548390538222889,5.4523809523809526,0.06842794384115214,0.5362903660671755,-0.22643895427821936,24,0.61863173216885,0.14087739486536122,15.44047619047619,0.03679917291995438,0.3564244947567877,-0.29283751552917225,63,0.5304548959136469,0.06483422276837847
breakouts,donchian_long_only,GLD,False,9.988095238095237,0.013558808939302835,0.18577128362271103,-0.323249861375571,31.0,0.36034962256654746,0.02548390538222889,5.4523809523809526,0.053946900370839934,0.45141023932077845,-0.22643895427821936,23,0.5407569141193596,0.14087739486536122,15.44047619047619,0.027640861680615858,0.2965095639987919,-0.323249861375571,53,0.42405551272166536,0.06483422276837847
breakouts,donchian_ma_exit,GLD,False,9.988095238095237,0.02859867709710784,0.3397088827492215,-0.21598876198899564,33.0,0.34406038935240363,0.02548390538222889,5.4523809523809526,0.03299469085769813,0.30978348348041096,-0.22643895427821925,30,0.48398835516739447,0.14087739486536122,15.44047619047619,0.030148868082828795,0.32269365111750603,-0.25179215072163197,62,0.3934721151374968,0.06483422276837847
breakouts,nr7_breakout,GLD,False,9.988095238095237,-0.0016014847493220907,0.04052932352906616,-0.22953065597198197,150.0,0.5152959872864521,0.02548390538222889,5.4523809523809526,0.06043724277363549,0.5082293889449454,-0.1747246541008045,87,0.5509461426491994,0.14087739486536122,15.44047619047619,0.019879928981499706,0.22540310809616124,-0.290154413361862,236,0.5278848625032125,0.06483422276837847
breakouts,turtle_ma_exit,GLD,False,9.988095238095237,0.009076940967958302,0.1468955270475234,-0.28263190973271146,24.0,0.2685736988478347,0.02548390538222889,5.4523809523809526,0.06336727544683507,0.5458283021312929,-0.1757971044388642,16,0.39665211062590977,0.14087739486536122,15.44047619047619,0.02792399075718488,0.3179514025104713,-0.28263190973271146,40,0.3138010794140324,0.06483422276837847
breakouts,volume_confirmed_breakout,GLD,False,9.988095238095237,-0.008144218046789664,-0.021085763138119443,-0.34146113178198645,22.0,0.46523639253079063,0.02548390538222889,5.4523809523809526,0.12742566984394776,0.9022714927420862,-0.1749720765153795,10,0.6397379912663755,0.14087739486536122,15.44047619047619,0.037757915664660135,0.3640030874747568,-0.3618741957518369,32,0.5268568491390389,0.06483422276837847
breakouts,donchian_55_20,KWEB,False,7.416666666666667,0.09872585883578977,0.6629547985356511,-0.3052523017231956,13.0,0.3611556982343499,0.15563805012964171,5.4603174603174605,0.057180916804656645,0.37572883587231537,-0.3168144963920112,8,0.20930232558139536,-0.1922102548026271,12.876984126984127,0.08091353186918893,0.5226370377021605,-0.3168144963920113,21,0.29676425269645607,-0.007218239638403734
breakouts,donchian_breakout,KWEB,False,7.416666666666667,0.1636157632273485,0.7973094164268199,-0.3557120199218162,24.0,0.5949705724986624,0.15563805012964171,5.4603174603174605,-0.10519002413175782,-0.2891055640372935,-0.5856865911565605,24,0.39898255813953487,-0.1922102548026271,12.876984126984127,0.04096463443546239,0.286756779912172,-0.5856865911565607,48,0.511864406779661,-0.007218239638403734
breakouts,donchian_long_only,KWEB,False,7.416666666666667,0.12250759909340703,0.7421309496831804,-0.3567552723247126,17.0,0.45692883895131087,0.15563805012964171,5.4603174603174605,0.019816249716048562,0.1981419725625042,-0.3125213584150748,15,0.2863372093023256,-0.1922102548026271,12.876984126984127,0.07775683900697872,0.47764161069642674,-0.3567552723247126,32,0.38459167950693374,-0.007218239638403734
breakouts,donchian_ma_exit,KWEB,False,7.416666666666667,0.10962563497212119,0.6891703211298916,-0.31541981538018415,23.0,0.4323167469234885,0.15563805012964171,5.4603174603174605,0.02916128861832834,0.24091874414299355,-0.28468433482594113,18,0.2311046511627907,-0.1922102548026271,12.876984126984127,0.07476477397181869,0.47585826826738087,-0.31541981538018415,41,0.34699537750385206,-0.007218239638403734
breakouts,nr7_breakout,KWEB,False,7.416666666666667,0.05072055127310482,0.3445013185060996,-0.3204296390668815,123.0,0.5366506153023007,0.15563805012964171,5.4603174603174605,-0.0875945871052568,-0.16214834100724895,-0.7136876945618638,86,0.470203488372093,-0.1922102548026271,12.876984126984127,-0.010321751029746307,0.08131002089500859,-0.7136876945618642,209,0.5084745762711864,-0.007218239638403734
breakouts,turtle_ma_exit,KWEB,False,7.416666666666667,0.10315429696783718,0.6924522513430378,-0.2660861272281948,14.0,0.35741037988229,0.15563805012964171,5.4603174603174605,0.05123787112618494,0.35283519532444996,-0.3168144963920114,10,0.1882267441860465,-0.1922102548026271,12.876984126984127,0.08083384422407613,0.5297437489163191,-0.3168144963920113,24,0.2856702619414484,-0.007218239638403734
breakouts,volume_confirmed_breakout,KWEB,False,7.416666666666667,0.04564331689115986,0.3187684946562895,-0.35056396849146365,15.0,0.5093632958801498,0.15563805012964171,5.4603174603174605,-0.19824115552399724,-0.6229754071552114,-0.7776702628114971,12,0.5799418604651163,-0.1922102548026271,12.876984126984127,-0.06572393520639896,-0.1542131489006183,-0.7776702628114966,27,0.539291217257319,-0.007218239638403734
breakouts,donchian_55_20,QQQ,False,9.988095238095237,0.029235697612030265,0.32347430539275596,-0.19154216106646427,38.0,0.5403257846642828,0.19162571769665293,5.4523809523809526,0.09155872755592998,0.8720506408849037,-0.11159994733957912,15,0.4636098981077147,0.1617737471396683,15.44047619047619,0.05082612280288057,0.5174816686256581,-0.19154216106646427,52,0.5132356720637369,0.18099770513389823
breakouts,donchian_breakout,QQQ,False,9.988095238095237,0.06537730195121805,0.5582616395865632,-0.22406175132983863,44.0,0.679777512912197,0.19162571769665293,5.4523809523809526,0.06869960541117148,0.5395673122407879,-0.29940489025395434,24,0.636098981077147,0.1617737471396683,15.44047619047619,0.06654930108327228,0.5506410072703208,-0.30813828943100485,67,0.6643536365972758,0.18099770513389823
breakouts,donchian_long_only,QQQ,False,9.988095238095237,0.05625362783102705,0.5004085091650589,-0.22406175132983897,44.0,0.6607071911005165,0.19162571769665293,5.4523809523809526,0.0765097626067599,0.6704498490238274,-0.21077905163655763,20,0.5727802037845706,0.1617737471396683,15.44047619047619,0.06336262061032327,0.559136668883788,-0.22406175132983897,63,0.6296581855564123,0.18099770513389823
breakouts,donchian_ma_exit,QQQ,False,9.988095238095237,0.05665289103698301,0.5147025998301116,-0.22406175132983908,49.0,0.6475963448549861,0.19162571769665293,5.4523809523809526,0.08004879439854506,0.7146004085405933,-0.196528551459764,21,0.5647743813682679,0.1617737471396683,15.44047619047619,0.06485605682191053,0.5837579452651767,-0.22406175132983908,69,0.6183500385505012,0.18099770513389823
breakouts,nr7_breakout,QQQ,False,9.988095238095237,-0.004434898463318904,0.017277890977151655,-0.2856805668060737,159.0,0.5017878426698451,0.19162571769665293,5.4523809523809526,-0.016893764490435004,-0.06704565858313935,-0.33897168636563824,99,0.5043668122270742,0.1617737471396683,15.44047619047619,-0.008852336447034315,-0.015135135953951507,-0.3800782068594254,257,0.5026985350809561,0.18099770513389823
breakouts,turtle_ma_exit,QQQ,False,9.988095238095237,0.025640295913644362,0.29116992797919383,-0.19255928817885537,39.0,0.5395311879221295,0.19162571769665293,5.4523809523809526,0.07965958336025736,0.78132699405983,-0.12554703350132623,16,0.4621542940320233,0.1617737471396683,15.44047619047619,0.0443998539724364,0.462858477194897,-0.19255928817885537,54,0.5122076586995631,0.18099770513389823
breakouts,volume_confirmed_breakout,QQQ,False,9.988095238095237,0.015615249747355175,0.26938676980090737,-0.16192674635525983,12.0,0.22526817640047675,0.19162571769665293,5.4523809523809526,-0.002696783596435437,-0.02467455118410045,-0.11263271686222376,3,0.11135371179039301,0.1617737471396683,15.44047619047619,0.009110768899189603,0.178693566884203,-0.17417593235082718,15,0.18504240555127216,0.18099770513389823
breakouts,donchian_55_20,RKLB,False,0.10317460317460317,,,,,,,5.4603174603174605,0.5410684376706834,1.1294758789149555,-0.427420235290774,8,0.3001453488372093,0.475406278429404,5.563492063492063,0.5287581322111699,1.1189088256941166,-0.427420235290774,8,0.29457917261055633,0.47495216592036416
breakouts,donchian_breakout,RKLB,False,0.10317460317460317,,,,,,,5.4603174603174605,0.8324392757836354,1.2855317605494652,-0.43224462471436953,18,0.5385174418604651,0.475406278429404,5.563492063492063,0.8119730116437234,1.2734870221921477,-0.43224462471436953,18,0.5285306704707561,0.47495216592036416
breakouts,donchian_long_only,RKLB,False,0.10317460317460317,,,,,,,5.4603174603174605,0.6093461511266622,1.1575356297841215,-0.4274202352907741,11,0.3640988372093023,0.475406278429404,5.563492063492063,0.5952074330773631,1.1467033481651776,-0.4274202352907741,11,0.3573466476462197,0.47495216592036416
breakouts,donchian_ma_exit,RKLB,False,0.10317460317460317,,,,,,,5.4603174603174605,0.5457947977137521,1.0985919708699632,-0.5117706773060968,14,0.3335755813953488,0.475406278429404,5.563492063492063,0.533359656714137,1.0883166159718984,-0.5117706773060968,14,0.3273894436519258,0.47495216592036416
breakouts,nr7_breakout,RKLB,False,0.10317460317460317,,,,,,,5.4603174603174605,0.36663097353438134,0.8073934537019958,-0.7215589269407712,76,0.5893895348837209,0.475406278429404,5.563492063492063,0.36329026777051077,0.8051293884230226,-0.7215589269407707,77,0.5912981455064193,0.47495216592036416
breakouts,turtle_ma_exit,RKLB,False,0.10317460317460317,,,,,,,5.4603174603174605,0.45799373033097446,1.032004646203003,-0.511770677306097,11,0.2805232558139535,0.475406278429404,5.563492063492063,0.4478341573248885,1.0223574364778811,-0.511770677306097,11,0.275320970042796,0.47495216592036416
breakouts,volume_confirmed_breakout,RKLB,False,0.10317460317460317,,,,,,,5.4603174603174605,0.5244543532655908,0.9503700384911099,-0.7105828263449927,11,0.6380813953488372,0.475406278429404,5.563492063492063,0.5125807867706904,0.9414915613638682,-0.7105828263449927,11,0.6262482168330956,0.47495216592036416
breakouts,donchian_55_20,SHOP,False,5.619047619047619,0.3602410869996562,1.069574010464864,-0.4188781572516137,13.0,0.461864406779661,1.1121699416422266,5.4603174603174605,0.06430707230448252,0.3568881370577167,-0.41124220710512427,13,0.3321220930232558,0.005852737889900705,11.079365079365079,0.20532638360567756,0.7421675876669439,-0.4188781572516137,25,0.39792263610315187,0.4651521273906998
breakouts,donchian_breakout,SHOP,False,5.619047619047619,0.32699253241101456,0.8766229329796444,-0.4816075824284799,22.0,0.6384180790960452,1.1121699416422266,5.4603174603174605,0.023721559245480917,0.2572569540264475,-0.5359129103156852,24,0.5421511627906976,0.005852737889900705,11.079365079365079,0.16770294361357685,0.5814880824839931,-0.5359129103156859,45,0.5909742120343839,0.4651521273906998
breakouts,donchian_long_only,SHOP,False,5.619047619047619,0.4050850948753597,1.0464758005973098,-0.48160758242848,19.0,0.5847457627118644,1.1121699416422266,5.4603174603174605,0.07395338441584598,0.3770039952579608,-0.4475777079292712,20,0.4578488372093023,0.005852737889900705,11.079365079365079,0.2307790975048125,0.7363983268849168,-0.48160758242848,38,0.5222063037249284,0.4651521273906998
breakouts,donchian_ma_exit,SHOP,False,5.619047619047619,0.3427972659599119,0.9439421162966432,-0.5622059823040897,21.0,0.5755649717514124,1.1121699416422266,5.4603174603174605,0.12086537305883427,0.5010875206561448,-0.39737865327911437,21,0.44476744186046513,0.005852737889900705,11.079365079365079,0.2284117541477222,0.7388735324658422,-0.5622059823040897,41,0.5111031518624641,0.4651521273906998
breakouts,nr7_breakout,SHOP,False,5.619047619047619,0.3968861783872619,0.9974168539615128,-0.3790778022139035,77.0,0.6038135593220338,1.1121699416422266,5.4603174603174605,-0.033452006282023494,0.1345996623336174,-0.6916221905563814,88,0.5392441860465116,0.005852737889900705,11.079365079365079,0.1650321406252402,0.5708233658049183,-0.7050437789250726,165,0.5719914040114613,0.4651521273906998
breakouts,turtle_ma_exit,SHOP,False,5.619047619047619,0.3602410869996562,1.069574010464864,-0.4188781572516137,13.0,0.461864406779661,1.1121699416422266,5.4603174603174605,0.10501798325574696,0.4895215915865705,-0.30158178522749446,13,0.32049418604651164,0.005852737889900705,11.079365079365079,0.22783238085604807,0.8060137514616046,-0.4188781572516137,25,0.3921919770773639,0.4651521273906998
breakouts,volume_confirmed_breakout,SHOP,False,5.619047619047619,0.5662709176300365,1.2539823266385637,-0.4263666862195886,9.0,0.5812146892655368,1.1121699416422266,5.4603174603174605,-0.0738900077141772,0.022067128636537852,-0.648395909115834,12,0.6097383720930233,0.005852737889900705,11.079365079365079,0.2089251942203869,0.6583291811577994,-0.6483959091158342,20,0.5952722063037249,0.4651521273906998
breakouts,donchian_55_20,SPY,False,9.988095238095237,-0.0017589734559926296,0.01794440510188821,-0.23281853511290707,37.0,0.49980135081446164,0.11526693850590419,5.444444444444445,0.0403560106256311,0.4984042693092263,-0.16572683200366312,18,0.5379008746355685,0.1348302715972507,15.432539682539682,0.012900492717706546,0.19689590515195002,-0.23281853511290707,54,0.5132424787863203,0.12212988059614616
breakouts,donchian_breakout,SPY,False,9.988095238095237,0.016557491238838207,0.21175090735224253,-0.18432660214589558,45.0,0.6583234008740564,0.11526693850590419,5.444444444444445,0.0745702989168524,0.7242058630564998,-0.14140930737695878,22,0.6763848396501457,0.1348302715972507,15.432539682539682,0.03665727747850345,0.3979383464012546,-0.18432660214589558,66,0.6646952944201594,0.12212988059614616
breakouts,donchian_long_only,SPY,False,9.988095238095237,-0.0011356770088910562,0.03328396728170179,-0.20293865644856834,44.0,0.6181962653953119,0.11526693850590419,5.444444444444445,0.062943208086649,0.6914262993705219,-0.1530277060651959,20,0.6246355685131195,0.1348302715972507,15.432539682539682,0.021017263285940002,0.2712158415899268,-0.20293865644856834,63,0.6204679866289534,0.12212988059614616
breakouts,donchian_ma_exit,SPY,False,9.988095238095237,0.001721982515313858,0.06269786560407577,-0.19394524414366365,46.0,0.589590782677791,0.11526693850590419,5.444444444444445,0.06615034340720749,0.7533647152582167,-0.12444848515583917,22,0.6115160349854227,0.1348302715972507,15.432539682539682,0.023994602210363647,0.31777882731143736,-0.19394524414366365,67,0.5973257906916946,0.12212988059614616
breakouts,nr7_breakout,SPY,False,9.988095238095237,0.0015857005393349333,0.06199592085473935,-0.20730748668233612,154.0,0.5057608263806118,0.11526693850590419,5.444444444444445,-0.01655964290430223,-0.13609435410230442,-0.23689569481193606,95,0.5087463556851312,0.1348302715972507,15.432539682539682,-0.004853701162239821,-0.009978059072089459,-0.27293354753582577,249,0.5068140910259706,0.12212988059614616
breakouts,turtle_ma_exit,SPY,False,9.988095238095237,0.0007205706340029927,0.046701074474740825,-0.22416226382057503,38.0,0.4807310290027811,0.11526693850590419,5.444444444444445,0.047316136997954894,0.5959427801768791,-0.13488393400541387,18,0.532069970845481,0.1348302715972507,15.432539682539682,0.016917470807479074,0.25644018396541357,-0.22416226382057503,55,0.49884289020313705,0.12212988059614616
breakouts,volume_confirmed_breakout,SPY,False,9.988095238095237,0.009434702880365409,0.18534197792726056,-0.16195032166123602,10.0,0.19030591974572905,0.11526693850590419,5.444444444444445,0.022546432185812648,0.36939864777121656,-0.10586210846220834,4,0.23615160349854228,0.1348302715972507,15.432539682539682,0.014041082863419208,0.25389971822517116,-0.16195032166123602,13,0.2064798148624325,0.12212988059614616
breakouts,donchian_55_20,TRGP,False,9.988095238095237,0.10571047047475846,0.7218636740581964,-0.23116399580258762,18.0,0.3023440603893524,-0.0016174992742771233,5.4603174603174605,0.2605226436598631,1.1105003841988108,-0.2884312671954009,17,0.5123546511627907,0.5337422573759358,15.448412698412698,0.1581272202305839,0.8788891692251647,-0.28843126719540035,34,0.3765733367582841,0.16198506669283952
breakouts,donchian_breakout,TRGP,False,9.988095238095237,0.22532041136976244,0.8211688107628841,-0.43712101283311033,39.0,0.5510528406833533,-0.0016174992742771233,5.4603174603174605,0.26669748570247775,0.9945519323595869,-0.3828296381789258,23,0.6693313953488372,0.5337422573759358,15.448412698412698,0.23978858483842225,0.878434769251921,-0.43712101283311033,61,0.5928589776521962,0.16198506669283952
breakouts,donchian_long_only,TRGP,False,9.988095238095237,0.09679480480154679,0.6249383974824033,-0.3834942637642451,24.0,0.3742550655542312,-0.0016174992742771233,5.4603174603174605,0.2779849011195259,1.0463738300972072,-0.3400455063020962,21,0.6366279069767442,0.5337422573759358,15.448412698412698,0.15769700782249108,0.79919357507877,-0.3834942637642451,44,0.4669920369894683,0.16198506669283952
breakouts,donchian_ma_exit,TRGP,False,9.988095238095237,0.11453861037022328,0.731432591411082,-0.2773542241879443,25.0,0.36670639650377435,-0.0016174992742771233,5.4603174603174605,0.23673050165363096,0.9350376873700743,-0.3306756777657148,25,0.6177325581395349,0.5337422573759358,15.448412698412698,0.15628314505458363,0.8046642037618417,-0.33067567776571527,49,0.4554328281530953,0.16198506669283952
breakouts,nr7_breakout,TRGP,False,9.988095238095237,0.06784267022664014,0.36395631983650306,-0.6519466862262279,137.0,0.5125148986889154,-0.0016174992742771233,5.4603174603174605,0.11659377030551665,0.5574183544066905,-0.56837173630667,78,0.59375,0.5337422573759358,15.448412698412698,0.08482586176259033,0.4234010845483616,-0.6519466862262279,215,0.5412278448497303,0.16198506669283952
breakouts,turtle_ma_exit,TRGP,True,9.988095238095237,0.10887448372734454,0.7448382757835097,-0.20890503830329343,18.0,0.29916567342073896,-0.0016174992742771233,5.4603174603174605,0.26626165178886296,1.1310043194540769,-0.27056098703800946,17,0.5116279069767442,0.5337422573759358,15.448412698412698,0.16213319871408793,0.900333574532099,-0.2705609870380089,34,0.3742614949910095,0.16198506669283952
breakouts,volume_confirmed_breakout,TRGP,False,9.988095238095237,0.054783612128686654,0.35048093725099666,-0.621129258222262,18.0,0.4632499006754072,-0.0016174992742771233,5.4603174603174605,0.2553686613477495,1.0294485424615174,-0.35260841821795985,9,0.5552325581395349,0.5337422573759358,15.448412698412698,0.12172748456855564,0.608778229761032,-0.621129258222262,26,0.49576162342666324,0.16198506669283952
breakouts,donchian_55_20,XBI,False,9.988095238095237,0.04854160852576861,0.3650569935255522,-0.21470682233396776,32.0,0.37544696066746125,0.20969385898032877,5.4603174603174605,0.029131730346404483,0.2735874307349305,-0.32927236342272515,12,0.2768895348837209,0.01823563861641264,15.448412698412698,0.041639614622277055,0.33522514814356646,-0.32927236342272415,43,0.3406113537117904,0.1382232177629894
breakouts,donchian_breakout,XBI,False,9.988095238095237,0.08064132317258177,0.46428309779074173,-0.3576945878006166,47.0,0.600715137067938,0.20969385898032877,5.4603174603174605,-0.025301665538666307,-0.02023355421542404,-0.5616790425186244,25,0.5436046511627907,0.01823563861641264,15.448412698412698,0.0419401652806175,0.29888270052731525,-0.5616790425186248,71,0.5805291548933984,0.1382232177629894
breakouts,donchian_long_only,XBI,False,9.988095238095237,0.05781999183692488,0.3809996972163323,-0.39935330121873835,43.0,0.5208581644815257,0.20969385898032877,5.4603174603174605,0.02596685774125862,0.23713299936991716,-0.36312357895394987,15,0.37790697674418605,0.01823563861641264,15.448412698412698,0.04644990053383946,0.33483985381163844,-0.39935330121873835,57,0.4703313639866427,0.1382232177629894
breakouts,donchian_ma_exit,XBI,False,9.988095238095237,0.05318921170827595,0.36364333100046753,-0.40176581581731763,49.0,0.5037743345252285,0.20969385898032877,5.4603174603174605,0.02961462357487732,0.2647411719373152,-0.3506609188190094,19,0.34665697674418605,0.01823563861641264,15.448412698412698,0.04479561019063749,0.3318101169750188,-0.40176581581731763,67,0.44824043154379656,0.1382232177629894
breakouts,nr7_breakout,XBI,False,9.988095238095237,0.029774465743017897,0.24589456726940548,-0.3201319266241467,152.0,0.499404052443385,0.20969385898032877,5.4603174603174605,-0.12283040982743787,-0.5200985834259424,-0.6573477615435777,87,0.4789244186046512,0.01823563861641264,15.448412698412698,-0.026981805821279403,-0.03012971046596249,-0.675483115457972,239,0.4921654251220139,0.1382232177629894
breakouts,turtle_ma_exit,XBI,False,9.988095238095237,0.037557199823213816,0.3042171328048239,-0.25450635717343384,36.0,0.36392530790623756,0.20969385898032877,5.4603174603174605,0.04104576983355246,0.3630154520096901,-0.28576432723137757,13,0.26526162790697677,0.01823563861641264,15.448412698412698,0.038788914272141595,0.32098376984586785,-0.28576432723137735,48,0.3290521448754174,0.1382232177629894
breakouts,volume_confirmed_breakout,XBI,False,9.988095238095237,0.017607536092868248,0.18713404140642081,-0.43357941201996497,28.0,0.49662296384584825,0.20969385898032877,5.4603174603174605,0.016064958787127548,0.18039774611594445,-0.46791696505085234,8,0.5268895348837209,0.01823563861641264,15.448412698412698,0.01706203714589649,0.1846146354533371,-0.5638375083645786,35,0.5073208322630363,0.1382232177629894
breakouts,donchian_55_20,XLC,False,2.5396825396825395,-0.0053108636481741245,0.009165649356417862,-0.1597594775522082,7.0,0.31875,0.12586303794533404,5.4603174603174605,0.07813040750696554,0.7927829908850973,-0.11527853200493354,12,0.4622093023255814,0.08656133218728135,8.0,0.0509094288613805,0.5251550662877215,-0.1597594775522082,18,0.4166666666666667,0.09887387640187861
breakouts,donchian_breakout,XLC,False,2.5396825396825395,0.06656359257895317,0.5180518360496169,-0.12711739562854973,11.0,0.584375,0.12586303794533404,5.4603174603174605,0.02571939215928687,0.26141748407299237,-0.339621603633376,23,0.6380813953488372,0.08656133218728135,8.0,0.03851343252835715,0.3489624205469011,-0.339621603633376,33,0.621031746031746,0.09887387640187861
breakouts,donchian_long_only,XLC,False,2.5396825396825395,0.008912385702030567,0.13338569640312142,-0.14002617904424042,9.0,0.4515625,0.12586303794533404,5.4603174603174605,0.0816684689217746,0.7572791178144728,-0.164514132265967,17,0.5712209302325582,0.08656133218728135,8.0,0.0580201589429461,0.5367078145142473,-0.16451413226596678,25,0.533234126984127,0.09887387640187861
breakouts,donchian_ma_exit,XLC,False,2.5396825396825395,-0.012479425466422889,-0.03352286958737521,-0.15859253263808526,10.0,0.446875,0.12586303794533404,5.4603174603174605,0.0816684689217746,0.7572791178144728,-0.164514132265967,17,0.5712209302325582,0.08656133218728135,8.0,0.05084640759694925,0.4812510999704282,-0.16451413226596712,26,0.5317460317460317,0.09887387640187861
breakouts,nr7_breakout,XLC,False,2.5396825396825395,-0.0038230119485859193,0.037981977885601176,-0.12140987829945293,40.0,0.534375,0.12586303794533404,5.4603174603174605,-0.03853624144420975,-0.26105827371773577,-0.4496456706755455,82,0.5254360465116279,0.08656133218728135,8.0,-0.02764926667083334,-0.16028012039843811,-0.4943445646435083,122,0.5282738095238095,0.09887387640187861
breakouts,turtle_ma_exit,XLC,False,2.5396825396825395,-0.0053108636481741245,0.009165649356417862,-0.1597594775522082,7.0,0.31875,0.12586303794533404,5.4603174603174605,0.07813040750696554,0.7927829908850973,-0.11527853200493354,12,0.4622093023255814,0.08656133218728135,8.0,0.0509094288613805,0.5251550662877215,-0.1597594775522082,18,0.4166666666666667,0.09887387640187861
breakouts,volume_confirmed_breakout,XLC,False,2.5396825396825395,0.08511988607824539,0.6684622980031014,-0.11629120619909938,6.0,0.5046875,0.12586303794533404,5.4603174603174605,0.0009731077107608677,0.06338065647786649,-0.21847541523388003,10,0.438953488372093,0.08656133218728135,8.0,0.026954212068440286,0.2843073546919719,-0.23165519393935252,15,0.45982142857142855,0.09887387640187861
breakouts,donchian_55_20,XLK,False,9.988095238095237,0.034415915586862855,0.36197107685591673,-0.20327358040488197,36.0,0.5180770758839889,0.17859109679812768,5.4523809523809526,0.06531363452007755,0.5132077527809628,-0.21142468512022639,18,0.49708879184861715,0.20908678344991727,15.44047619047619,0.04522288473454705,0.4212646307125372,-0.2114246851202266,53,0.5106656386533025,0.18927094919385312
breakouts,donchian_breakout,XLK,False,9.988095238095237,0.058674361900835637,0.5132155075194779,-0.20681597361151371,44.0,0.6571315057608264,0.17859109679812768,5.4523809523809526,0.0760794771992801,0.5103032734283667,-0.25746101274577704,25,0.6528384279475983,0.20908678344991727,15.44047619047619,0.06478811107296956,0.5060306130428116,-0.25746101274577615,68,0.655615523001799,0.18927094919385312
breakouts,donchian_long_only,XLK,False,9.988095238095237,0.050592486281037186,0.46393231738936985,-0.20681597361151371,43.0,0.6372665872069925,0.17859109679812768,5.4523809523809526,0.04828666579426133,0.38056428081667826,-0.2598137781694475,23,0.5953420669577875,0.20908678344991727,15.44047619047619,0.04977767027142921,0.42683448076200253,-0.2598137781694482,65,0.622462092007196,0.18927094919385312
breakouts,donchian_ma_exit,XLK,False,9.988095238095237,0.037346604872122935,0.3647116287605965,-0.20681597361151405,48.0,0.621771950735002,0.17859109679812768,5.4523809523809526,0.07323010581300426,0.538232505105517,-0.25981377816944773,23,0.5858806404657934,0.20908678344991727,15.44047619047619,0.04987874206045473,0.4328224889088772,-0.2598137781694482,70,0.6090979182729376,0.18927094919385312
breakouts,nr7_breakout,XLK,False,9.988095238095237,-0.017315865138847752,-0.09284839685790092,-0.2999105858633492,169.0,0.5101311084624554,0.17859109679812768,5.4523809523809526,0.09820439354877997,0.6844747209987119,-0.2721355976328602,84,0.5254730713245997,0.20908678344991727,15.44047619047619,0.02201883813040939,0.23224504424141895,-0.2999105858633492,252,0.5155487021331278,0.18927094919385312
breakouts,turtle_ma_exit,XLK,False,9.988095238095237,0.030482479384517758,0.3287381205729627,-0.20327358040488164,38.0,0.5133094954310687,0.17859109679812768,5.4523809523809526,0.08089503640510576,0.6228002203522373,-0.21142468512022683,18,0.4912663755458515,0.20908678344991727,15.44047619047619,0.0480099414545776,0.4465603554993616,-0.21142468512022605,55,0.5055255718324339,0.18927094919385312
breakouts,volume_confirmed_breakout,XLK,False,9.988095238095237,0.008114888048156299,0.13588621994416614,-0.22724456943325233,17.0,0.29996027016289234,0.17859109679812768,5.4523809523809526,0.015702285199829635,0.185429909884238,-0.2686466794194525,6,0.3529839883551674,0.20908678344991727,15.44047619047619,0.01078767401533165,0.1551455400473531,-0.35247450300878325,22,0.3186841428938576,0.18927094919385312
breakouts,donchian_55_20,ZS,False,2.7976190476190474,0.5137681020647895,1.3690851876412882,-0.2716362129686485,5.0,0.36312056737588655,0.9049325689060737,5.4603174603174605,0.12944814751157518,0.6336538686310443,-0.34480085012817474,11,0.32194767441860467,-0.07269356275849981,8.257936507936508,0.2472591180669339,0.9316689655164679,-0.34480085012817485,15,0.335896203748198,0.18316528300270107
breakouts,donchian_breakout,ZS,False,2.7976190476190474,0.6826838972626914,1.3264671305281373,-0.5057238605790563,10.0,0.6581560283687943,0.9049325689060737,5.4603174603174605,-0.005823024185147685,0.17482544397879166,-0.5975400112977314,22,0.5363372093023255,-0.07269356275849981,8.257936507936508,0.18819565221124224,0.63022467675931,-0.5975400112977327,31,0.5776069197501201,0.18316528300270107
breakouts,donchian_long_only,ZS,False,2.7976190476190474,0.5499470460846163,1.4031830516637462,-0.3125629399461244,6.0,0.41843971631205673,0.9049325689060737,5.4603174603174605,0.05294234570840661,0.32821591614138973,-0.4911927531511361,15,0.40625,-0.07269356275849981,8.257936507936508,0.20030002489992005,0.7441542203087445,-0.4911927531511361,20,0.4103796251802018,0.18316528300270107
breakouts,donchian_ma_exit,ZS,False,2.7976190476190474,0.5097277098688462,1.337430616053035,-0.3184047705708478,7.0,0.4085106382978723,0.9049325689060737,5.4603174603174605,0.12595365312326323,0.5877712443934358,-0.3656364407420566,16,0.3793604651162791,-0.07269356275849981,8.257936507936508,0.24357962776546005,0.8853725046441964,-0.36563644074205626,22,0.38923594425756847,0.18316528300270107
breakouts,nr7_breakout,ZS,False,2.7976190476190474,0.5454182417753333,1.1614414836787998,-0.36665627628574105,37.0,0.6326241134751773,0.9049325689060737,5.4603174603174605,-0.010403930244412107,0.1468258576211184,-0.5443632055140333,86,0.501453488372093,-0.07269356275849981,8.257936507936508,0.15091067747682718,0.5552697115571308,-0.5443632055140334,123,0.5458913983661701,0.18316528300270107
breakouts,turtle_ma_exit,ZS,False,2.7976190476190474,0.5137681020647895,1.3690851876412882,-0.2716362129686485,5.0,0.36312056737588655,0.9049325689060737,5.4603174603174605,0.14318066697693954,0.6870875791131372,-0.34480085012817474,11,0.3168604651162791,-0.07269356275849981,8.257936507936508,0.25726594583997553,0.9621494215713026,-0.34480085012817485,15,0.3325324363286881,0.18316528300270107
breakouts,volume_confirmed_breakout,ZS,False,2.7976190476190474,0.7837276847112107,1.4189825329456327,-0.4774511091573922,5.0,0.7475177304964539,0.9049325689060737,5.4603174603174605,0.042620148815143644,0.2955307612822206,-0.4601154834662421,10,0.36627906976744184,-0.07269356275849981,8.257936507936508,0.2506342083740445,0.7848682974805629,-0.4774511091573922,14,0.49543488707352235,0.18316528300270107
mean_reversion,atr_extension,ABNB,False,0.05952380952380952,,,,,,,5.4603174603174605,0.028519535753940728,0.23673777389975775,-0.36257806804140624,21,0.21729651162790697,-0.0015523264593422237,5.51984126984127,0.028207695124636833,0.2354585110174171,-0.36257806804140624,21,0.21495327102803738,0.0010623304897010577
mean_reversion,bollinger_reversion,ABNB,False,0.05952380952380952,,,,,,,5.4603174603174605,0.023935553235027385,0.21881998948363654,-0.31025769516594315,27,0.1620639534883721,-0.0015523264593422237,5.51984126984127,0.02367441022873784,0.21763758719532617,-0.31025769516594315,27,0.16031631919482386,0.0010623304897010577
mean_reversion,bollinger_reversion_long_only,ABNB,False,0.05952380952380952,,,,,,,5.4603174603174605,0.08140897661117452,0.48931974275913476,-0.2285080493847511,20,0.1744186046511628,-0.0015523264593422237,5.51984126984127,0.08049667736013544,0.48667368852801307,-0.2285080493847511,20,0.17253774263120059,0.0010623304897010577
mean_reversion,gap_fill,ABNB,False,0.05952380952380952,,,,,,,5.4603174603174605,-0.12261023174486818,-0.44761962793386184,-0.5640452542232037,199,0.1867732558139535,-0.0015523264593422237,5.51984126984127,-0.10953624760470415,-0.36690785104577706,-0.5681369214617426,201,0.18691588785046728,0.0010623304897010577
mean_reversion,rsi_exhaustion,ABNB,False,0.05952380952380952,,,,,,,5.4603174603174605,0.06838238202491254,0.4660117296139443,-0.1713427646969956,12,0.09447674418604651,-0.0015523264593422237,5.51984126984127,0.08928186027310292,0.5361683110099199,-0.21613901184713435,12,0.102803738317757,0.0010623304897010577
mean_reversion,rsi_reversion_ma_filter,ABNB,False,0.05952380952380952,,,,,,,5.4603174603174605,0.02418311971895548,0.3639851506800556,-0.13317434333616385,3,0.04578488372093023,-0.0015523264593422237,5.51984126984127,0.02391924427525316,0.3620176870326012,-0.13317434333616385,3,0.04529115744069015,0.0010623304897010577
mean_reversion,zscore_neutral_regime,ABNB,False,0.05952380952380952,,,,,,,5.4603174603174605,0.013968031002040915,0.1662759346529359,-0.34223697167216605,22,0.1431686046511628,-0.0015523264593422237,5.51984126984127,0.013816369452990696,0.1653775278502124,-0.34223697167216605,22,0.14162473040977713,0.0010623304897010577
mean_reversion,zscore_reversion,ABNB,False,0.05952380952380952,,,,,,,5.4603174603174605,0.012990760454862693,0.1658616092554414,-0.32232677014804645,25,0.21584302325581395,-0.0015523264593422237,5.51984126984127,0.012849776980887295,0.16496544158358578,-0.32232677014804645,25,0.2135154565061107,0.0010623304897010577
mean_reversion,zscore_reversion_long_only,ABNB,False,0.05952380952380952,,,,,,,5.4603174603174605,0.021297936517272298,0.2123317328894705,-0.3737856281572213,36,0.3175872093023256,-0.0015523264593422237,5.51984126984127,0.021065865716683785,0.21118440279632045,-0.3737856281572213,36,0.3141624730409777,0.0010623304897010577
mean_reversion,atr_extension,ARKK,False,6.162698412698413,0.016975751999447564,0.18399559131520046,-0.36368622945868445,24.0,0.19381841596909208,0.34156708275251746,5.4603174603174605,0.024427145062397182,0.23280863782618008,-0.5077671370110168,25,0.2550872093023256,-0.08177772774105407,11.623015873015873,0.02046952967706339,0.2064742906166019,-0.5363215145643474,49,0.22260157050187776,0.12261035386434105
mean_reversion,bollinger_reversion,ARKK,False,6.162698412698413,0.002192273014549606,0.10558441454266035,-0.4200462091838493,35.0,0.18737926593689633,0.34156708275251746,5.4603174603174605,-0.05123069123540103,-0.11031806929893184,-0.4040652271332562,28,0.1925872093023256,-0.08177772774105407,11.623015873015873,-0.023269682137199266,-0.007441180654085623,-0.4200462091838493,62,0.1898258791396381,0.12261035386434105
mean_reversion,bollinger_reversion_long_only,ARKK,False,6.162698412698413,-0.011165001776307415,0.007309668051526076,-0.34198314140803143,14.0,0.12234385061171925,0.34156708275251746,5.4603174603174605,0.02937248149275562,0.24101775269002465,-0.471559724045011,18,0.18895348837209303,-0.08177772774105407,11.623015873015873,0.007676143272480784,0.14278082323639055,-0.5310180879862512,32,0.15363605326049845,0.12261035386434105
mean_reversion,gap_fill,ARKK,False,6.162698412698413,-0.020374573293819198,-0.04938792539429062,-0.3870216704256074,139.0,0.10882163554410818,0.34156708275251746,5.4603174603174605,0.009053286856003151,0.15556513783694234,-0.4640944209487219,216,0.19912790697674418,-0.08177772774105407,11.623015873015873,-0.00665825084918481,0.06576765884133086,-0.4684567601298748,355,0.15124615909866848,0.12261035386434105
mean_reversion,rsi_exhaustion,ARKK,False,6.162698412698413,0.020734375920948844,0.21652979953215795,-0.22697979726766815,10.0,0.06374758531873792,0.34156708275251746,5.4603174603174605,0.18567810207517166,0.9340074863747989,-0.28668984026959654,15,0.10392441860465117,-0.08177772774105407,11.623015873015873,0.09515138266745304,0.6097246571432429,-0.2866898402695969,25,0.08262205530897918,0.12261035386434105
mean_reversion,rsi_reversion_ma_filter,ARKK,False,6.162698412698413,0.007755200130020956,0.1251542524068094,-0.30401709306989844,5.0,0.0489375402446877,0.34156708275251746,5.4603174603174605,-0.0010663211617711887,0.06054535513691337,-0.21919177694282543,5,0.061046511627906974,-0.08177772774105407,11.623015873015873,0.0036013220697075354,0.09494083638496309,-0.30401709306989844,10,0.05462615227039946,0.12261035386434105
mean_reversion,zscore_neutral_regime,ARKK,False,6.162698412698413,-0.027784483018332362,-0.0745784785805811,-0.44781712529089046,21.0,0.15840309079201545,0.34156708275251746,5.4603174603174605,-0.023120602968514814,-0.017809417813308533,-0.31243205640915583,21,0.13880813953488372,-0.08177772774105407,11.623015873015873,-0.025596242216941234,-0.04595572815826619,-0.44781712529089046,42,0.14919767838852852,0.12261035386434105
mean_reversion,zscore_reversion,ARKK,False,6.162698412698413,0.022291498990192116,0.2107590241502749,-0.3636862294586849,36.0,0.23052157115260785,0.34156708275251746,5.4603174603174605,-0.11602617943665283,-0.43546956329973746,-0.5919710187325973,24,0.21220930232558138,-0.08177772774105407,11.623015873015873,-0.04519492979621842,-0.11373536916011948,-0.5919710187325969,59,0.22191874359849778,0.12261035386434105
mean_reversion,zscore_reversion_long_only,ARKK,False,6.162698412698413,-0.008110487549576662,0.05125337249247784,-0.40492845873777616,26.0,0.2034771410173857,0.34156708275251746,5.4603174603174605,-0.06506603719968473,-0.02895749541083021,-0.5969393410653561,32,0.3248546511627907,-0.08177772774105407,11.623015873015873,-0.035287041361926175,0.0018305021679448908,-0.6449294853179552,58,0.2604984636394674,0.12261035386434105
mean_reversion,atr_extension,DDOG,False,1.2896825396825398,0.1841910477665225,0.697298054207919,-0.25864047939226154,4.0,0.14153846153846153,1.1161574412076423,5.4603174603174605,0.28990070755202013,1.0033573200625296,-0.34226545190577784,29,0.23328488372093023,0.1770800511999715,6.75,0.26899879729920295,0.9424122228500488,-0.3422654519057774,33,0.2157554379776602,0.31630588575362073
mean_reversion,bollinger_reversion,DDOG,False,1.2896825396825398,0.08408952280534443,0.42885710771869934,-0.25789837777003155,6.0,0.15384615384615385,1.1161574412076423,5.4603174603174605,0.07720376679182417,0.42690814972125823,-0.3301454510659062,27,0.17587209302325582,0.1770800511999715,6.75,0.0785159989963451,0.42688935706512515,-0.3301454510659061,32,0.17166372721928277,0.31630588575362073
mean_reversion,bollinger_reversion_long_only,DDOG,False,1.2896825396825398,0.1423770781285858,0.6216595641549093,-0.25864047939226154,3.0,0.10153846153846154,1.1161574412076423,5.4603174603174605,0.19530875165539952,0.8481374032290381,-0.23705180377422375,19,0.1380813953488372,0.1770800511999715,6.75,0.18500927777200493,0.7999477416743209,-0.25864047939226154,22,0.13109935332157555,0.31630588575362073
mean_reversion,gap_fill,DDOG,False,1.2896825396825398,0.03359074952357588,0.26657179647882995,-0.2620680507396481,43.0,0.17846153846153845,1.1161574412076423,5.4603174603174605,0.03511687038079203,0.2621632731508969,-0.5123349570336723,225,0.21148255813953487,0.1770800511999715,6.75,0.03482510946776651,0.26286720038393213,-0.5123349570336726,268,0.20517342739564962,0.31630588575362073
mean_reversion,rsi_exhaustion,DDOG,False,1.2896825396825398,-0.06111943603667702,-0.08866364914732346,-0.2408163369107409,2.0,0.11692307692307692,1.1161574412076423,5.4603174603174605,0.1088480939775327,0.6211487206063957,-0.2210989641649136,11,0.09229651162790697,0.1770800511999715,6.75,0.07415124956566665,0.4394492205434977,-0.2408163369107409,13,0.09700176366843033,0.31630588575362073
mean_reversion,rsi_reversion_ma_filter,DDOG,False,1.2896825396825398,0.19961983358060076,1.5481748062214213,-0.03063539535716797,2.0,0.036923076923076927,1.1161574412076423,5.4603174603174605,-0.0197293500329917,-0.04314324800511088,-0.38155186692271503,6,0.09302325581395349,0.1770800511999715,6.75,0.018830337061267466,0.19674282225583895,-0.3815518669227157,8,0.0823045267489712,0.31630588575362073
mean_reversion,zscore_neutral_regime,DDOG,False,1.2896825396825398,-0.04626367732077452,-0.0018799694114790067,-0.35818296535722494,5.0,0.12,1.1161574412076423,5.4603174603174605,-0.04107043958679901,-0.07784132414151701,-0.4617447820310784,20,0.15915697674418605,0.1770800511999715,6.75,-0.04206486136715004,-0.058987114362663094,-0.5030940076279524,25,0.15167548500881833,0.31630588575362073
mean_reversion,zscore_reversion,DDOG,False,1.2896825396825398,-0.019151428695410755,0.11284303166220491,-0.2586404793922613,7.0,0.2,1.1161574412076423,5.4603174603174605,-0.002755202812319557,0.1314376306970613,-0.3779833831956809,25,0.21148255813953487,0.1770800511999715,6.75,-0.005908974448613602,0.12694232208670883,-0.37798338319568126,31,0.20928865373309818,0.31630588575362073
mean_reversion,zscore_reversion_long_only,DDOG,False,1.2896825396825398,0.23666011245485974,0.7987054045294417,-0.25864047939226154,6.0,0.17846153846153845,1.1161574412076423,5.4603174603174605,0.2982613290433096,0.9382352080385642,-0.39955261953369414,38,0.29433139534883723,0.1770800511999715,6.75,0.28625898225957425,0.9119006435928637,-0.39955261953369414,44,0.2721928277483833,0.31630588575362073
mean_reversion,atr_extension,DV,False,0.0,,,,,,,5.166666666666667,0.19682325850239812,0.9096913504532437,-0.3194563572990503,22,0.23195084485407066,-0.20772580944447339,5.166666666666667,0.19682325850239812,0.9096913504532437,-0.3194563572990503,22,0.23195084485407066,-0.20772580944447339
mean_reversion,bollinger_reversion,DV,False,0.0,,,,,,,5.166666666666667,-0.06772130796006937,-0.1313148326750298,-0.5629978555436643,30,0.21274961597542244,-0.20772580944447339,5.166666666666667,-0.06772130796006937,-0.1313148326750298,-0.5629978555436643,30,0.21274961597542244,-0.20772580944447339
mean_reversion,bollinger_reversion_long_only,DV,False,0.0,,,,,,,5.166666666666667,0.1523030534800931,0.7131903789543604,-0.3194563572990503,23,0.2726574500768049,-0.20772580944447339,5.166666666666667,0.1523030534800931,0.7131903789543604,-0.3194563572990503,23,0.2726574500768049,-0.20772580944447339
mean_reversion,gap_fill,DV,False,0.0,,,,,,,5.166666666666667,-0.05235132678346388,-0.1455384686307886,-0.3484495970865239,173,0.16589861751152074,-0.20772580944447339,5.166666666666667,-0.05235132678346388,-0.1455384686307886,-0.3484495970865239,173,0.16589861751152074,-0.20772580944447339
mean_reversion,rsi_exhaustion,DV,False,0.0,,,,,,,5.166666666666667,0.13629320399124456,0.7347900938895008,-0.28408856450342,16,0.19969278033794163,-0.20772580944447339,5.166666666666667,0.13629320399124456,0.7347900938895008,-0.28408856450342,16,0.19969278033794163,-0.20772580944447339
mean_reversion,rsi_reversion_ma_filter,DV,False,0.0,,,,,,,5.166666666666667,-0.0158783966658137,-0.17833643174489777,-0.20616907027564524,2,0.04608294930875576,-0.20772580944447339,5.166666666666667,-0.0158783966658137,-0.17833643174489777,-0.20616907027564524,2,0.04608294930875576,-0.20772580944447339
mean_reversion,zscore_neutral_regime,DV,False,0.0,,,,,,,5.166666666666667,-0.06402483137697057,-0.23138157585594682,-0.403146766701605,19,0.17972350230414746,-0.20772580944447339,5.166666666666667,-0.06402483137697057,-0.23138157585594682,-0.403146766701605,19,0.17972350230414746,-0.20772580944447339
mean_reversion,zscore_reversion,DV,False,0.0,,,,,,,5.166666666666667,-0.03718180357980616,-0.008344701927385099,-0.54156004947158,30,0.22580645161290322,-0.20772580944447339,5.166666666666667,-0.03718180357980616,-0.008344701927385099,-0.54156004947158,30,0.22580645161290322,-0.20772580944447339
mean_reversion,zscore_reversion_long_only,DV,False,0.0,,,,,,,5.166666666666667,0.08275713415106956,0.4159849419641324,-0.31333246133410686,34,0.3509984639016897,-0.20772580944447339,5.166666666666667,0.08275713415106956,0.4159849419641324,-0.31333246133410686,34,0.3509984639016897,-0.20772580944447339
mean_reversion,atr_extension,EEM,False,9.988095238095237,-0.0035712505987072207,0.0456064180313601,-0.32596741612328173,48.0,0.24910607866507747,0.008163275558143557,5.4603174603174605,0.0034644879097713854,0.08964756294664883,-0.2540705308552059,27,0.3066860465116279,0.04927670882159063,15.448412698412698,-0.0010900887563182193,0.05978529133399296,-0.3646327470963373,75,0.26945800154122784,0.02250762104897097
mean_reversion,bollinger_reversion,EEM,False,9.988095238095237,2.9115476505525706e-05,0.06388115048278051,-0.29715193125316763,60.0,0.20699245133094954,0.008163275558143557,5.4603174603174605,0.06990231054113316,0.6858235905435417,-0.12448635754933579,38,0.21220930232558138,0.04927670882159063,15.448412698412698,0.02418874909297908,0.26045253814748953,-0.29715193125316763,98,0.20883637297713845,0.02250762104897097
mean_reversion,bollinger_reversion_long_only,EEM,False,9.988095238095237,-0.006676232777267588,0.016241092102822884,-0.32829233557490933,35.0,0.18911402463249902,0.008163275558143557,5.4603174603174605,0.0661972556466972,0.6924578240779344,-0.1271313219024045,20,0.18023255813953487,0.04927670882159063,15.448412698412698,0.01849385040990814,0.21183409717013152,-0.32829233557490933,55,0.18597482661186746,0.02250762104897097
mean_reversion,gap_fill,EEM,False,9.988095238095237,-0.06885782731964118,-0.5890266945249696,-0.5685579276765412,260.0,0.12077870480731029,0.008163275558143557,5.4603174603174605,-0.06338208016227598,-0.6852911584333967,-0.3376620415364828,142,0.11991279069767442,0.04927670882159063,15.448412698412698,-0.06692606509301946,-0.6157562158360506,-0.6838657439859349,402,0.12047264320575392,0.02250762104897097
mean_reversion,rsi_exhaustion,EEM,False,9.988095238095237,-0.014861764800204291,-0.07917773752917455,-0.2570970267650441,18.0,0.09813269765593961,0.008163275558143557,5.4603174603174605,0.041463454913993614,0.620196637274671,-0.07559568470057654,10,0.055232558139534885,0.04927670882159063,15.448412698412698,0.00468981962505266,0.09730723818270606,-0.2570970267650441,28,0.08296943231441048,0.02250762104897097
mean_reversion,rsi_reversion_ma_filter,EEM,False,9.988095238095237,0.008902317780133506,0.2887821491462097,-0.08623065335236624,6.0,0.029797377830750895,0.008163275558143557,5.4603174603174605,0.009670917051223027,0.28406759054491454,-0.09237021801843626,5,0.047238372093023256,0.04927670882159063,15.448412698412698,0.009173916097022339,0.2866496140673415,-0.09237021801843648,11,0.03596198304649371,0.02250762104897097
mean_reversion,zscore_neutral_regime,EEM,False,9.988095238095237,-0.005385982745717444,0.017292176116958418,-0.3418968364795829,67.0,0.20500595947556616,0.008163275558143557,5.4603174603174605,0.0038550210682697372,0.08859821342429268,-0.14995779287979127,35,0.19113372093023256,0.04927670882159063,15.448412698412698,-0.0021294651656597052,0.03954875469428893,-0.3418968364795829,102,0.20010274852298998,0.02250762104897097
mean_reversion,zscore_reversion,EEM,False,9.988095238095237,-0.012666688703127926,-0.03095812163659478,-0.34651174481655433,61.0,0.24990067540723082,0.008163275558143557,5.4603174603174605,0.08174232531862491,0.7783886624022858,-0.12448635754933624,37,0.23328488372093023,0.04927670882159063,15.448412698412698,0.019722080769994044,0.22037120557836695,-0.34651174481655433,98,0.24402774210120728,0.02250762104897097
mean_reversion,zscore_reversion_long_only,EEM,False,9.988095238095237,-0.003743432600129326,0.05123194324401877,-0.3779922874039908,69.0,0.3154549066348828,0.008163275558143557,5.4603174603174605,-0.027672911176592763,-0.15314152855677698,-0.31290673835658056,32,0.33648255813953487,0.04927670882159063,15.448412698412698,-0.01226797901225174,-0.01390014086720293,-0.3779922874039908,101,0.3228872334960185,0.02250762104897097
mean_reversion,atr_extension,EFA,False,9.988095238095237,0.04228307074987603,0.4126638804911307,-0.32051642962379323,51.0,0.23798172427493047,0.022852339989455128,5.4603174603174605,0.058613968521216364,0.6138341176682052,-0.12817937109623778,31,0.23837209302325582,0.06431352091554143,15.448412698412698,0.04802631845011729,0.47603345397873026,-0.32051642962379323,82,0.23811970202928334,0.03731912743387378
mean_reversion,bollinger_reversion,EFA,False,9.988095238095237,0.004024881515624745,0.09223018411795703,-0.3096385619288612,65.0,0.2189114024632499,0.022852339989455128,5.4603174603174605,0.03059829490293997,0.35879094811455975,-0.17191272627017007,38,0.251453488372093,0.06431352091554143,15.448412698412698,0.013338170078417422,0.17961646978741386,-0.3096385619288612,103,0.23041356280503467,0.03731912743387378
mean_reversion,bollinger_reversion_long_only,EFA,False,9.988095238095237,-0.009751568136280087,-0.02576529762271414,-0.29369176478599857,38.0,0.1946762018275725,0.022852339989455128,5.4603174603174605,0.07623147170681754,0.9869421764180303,-0.08126873529957646,20,0.1438953488372093,0.06431352091554143,15.448412698412698,0.01982494825337322,0.24154574850165275,-0.29369176478599857,58,0.17672745954276908,0.03731912743387378
mean_reversion,gap_fill,EFA,False,9.988095238095237,-0.06418428271368437,-0.6604536208450771,-0.5211154222977586,210.0,0.09574890742947954,0.022852339989455128,5.4603174603174605,-0.04441657385563691,-0.6608728245320552,-0.28554352445139697,106,0.09084302325581395,0.06431352091554143,15.448412698412698,-0.05724445497376851,-0.6522502560004555,-0.6268111855165489,316,0.09401489853583354,0.03731912743387378
mean_reversion,rsi_exhaustion,EFA,False,9.988095238095237,-0.009898604104206843,-0.06403682797525209,-0.293691764785999,20.0,0.08224076281287247,0.022852339989455128,5.4603174603174605,0.06996307069091667,1.0730830557628002,-0.06294900306021922,12,0.07340116279069768,0.06431352091554143,15.448412698412698,0.017623801939644412,0.2543839739983393,-0.293691764785999,32,0.07911636270228616,0.03731912743387378
mean_reversion,rsi_reversion_ma_filter,EFA,False,9.988095238095237,0.023055402754744936,0.7664217537275343,-0.05038082165943525,8.0,0.03377036154151768,0.022852339989455128,5.4603174603174605,0.026605575210169263,0.6899005786297632,-0.054642039953580634,7,0.04142441860465116,0.06431352091554143,15.448412698412698,0.024308823671994384,0.7290883416634578,-0.054642039953580857,15,0.036475725661443616,0.03731912743387378
mean_reversion,zscore_neutral_regime,EFA,False,9.988095238095237,0.015016746884435772,0.19440244056393022,-0.31178881672658887,70.0,0.20818434644417957,0.022852339989455128,5.4603174603174605,0.011304274332649245,0.16149364696285545,-0.16147364402265796,34,0.20276162790697674,0.06431352091554143,15.448412698412698,0.01370300056132523,0.18307235181537337,-0.31178881672658887,104,0.2062676599023889,0.03731912743387378
mean_reversion,zscore_reversion,EFA,False,9.988095238095237,-0.0017438909392053503,0.04021411638022828,-0.3626171246758151,61.0,0.22963845848232023,0.022852339989455128,5.4603174603174605,0.034671067888664364,0.39030753762458886,-0.1865833632700663,39,0.2710755813953488,0.06431352091554143,15.448412698412698,0.010978340714598911,0.1563022445740886,-0.3626171246758151,100,0.24428461340868224,0.03731912743387378
mean_reversion,zscore_reversion_long_only,EFA,False,9.988095238095237,0.033557927116557806,0.32659795549327636,-0.31934555267021614,63.0,0.289233214143822,0.022852339989455128,5.4603174603174605,0.023938660996859706,0.2665014073410245,-0.18792514939699878,36,0.27398255813953487,0.06431352091554143,15.448412698412698,0.030147668170530606,0.3064572162118032,-0.31934555267021614,99,0.2838427947598253,0.03731912743387378
mean_reversion,atr_extension,EWJ,False,9.988095238095237,0.04300933896564185,0.43027108858894675,-0.26144570065967987,50.0,0.2137465236392531,0.04472770459177133,5.4603174603174605,0.033581981630680824,0.35182363080379875,-0.1259936784061717,28,0.23909883720930233,0.05985710828483359,15.448412698412698,0.03966740823633197,0.402792264329011,-0.26144570065967987,78,0.22270742358078602,0.05005042908989221
mean_reversion,bollinger_reversion,EWJ,False,9.988095238095237,-0.0031273515897639603,0.022465129791062854,-0.23754815031608534,58.0,0.18951132300357568,0.04472770459177133,5.4603174603174605,0.052047218720521427,0.5361322243948157,-0.1394942507613539,36,0.22674418604651161,0.05985710828483359,15.448412698412698,0.01603566600980022,0.2051647115088806,-0.23754815031608534,94,0.20267146159773952,0.05005042908989221
mean_reversion,bollinger_reversion_long_only,EWJ,False,9.988095238095237,0.004734135830326114,0.09819029839741683,-0.26144570065967976,32.0,0.1577274533174414,0.04472770459177133,5.4603174603174605,0.09972605711840732,1.1742959999020344,-0.07091746108693331,21,0.13953488372093023,0.05985710828483359,15.448412698412698,0.03733344645230052,0.42108663787608114,-0.26144570065967976,53,0.15129720010274852,0.05005042908989221
mean_reversion,gap_fill,EWJ,False,9.988095238095237,-0.045556310045732684,-0.4650389566469913,-0.42586032197718715,232.0,0.10727056019070322,0.04472770459177133,5.4603174603174605,-0.048282589592379854,-0.5074671895140892,-0.3058560863290368,150,0.13299418604651161,0.05985710828483359,15.448412698412698,-0.04652081816176534,-0.479908810591981,-0.5504231122879057,382,0.11636270228615464,0.05005042908989221
mean_reversion,rsi_exhaustion,EWJ,False,9.988095238095237,0.017772274005604327,0.25577916853787297,-0.22883956578404485,15.0,0.06714342471195868,0.04472770459177133,5.4603174603174605,0.03335429565630643,0.5567110591462199,-0.08019575314743022,8,0.04869186046511628,0.05985710828483359,15.448412698412698,0.023252784593008835,0.3414124290745174,-0.22883956578404485,23,0.06062162856408939,0.05005042908989221
mean_reversion,rsi_reversion_ma_filter,EWJ,False,9.988095238095237,0.011431829187101838,0.19220430843025027,-0.24831761498304616,9.0,0.04052443384982122,0.04472770459177133,5.4603174603174605,0.014138610864101286,0.3560813437176436,-0.03949979274830406,4,0.029069767441860465,0.05985710828483359,15.448412698412698,0.012387727999835674,0.2247643885183157,-0.24831761498304616,13,0.036475725661443616,0.05005042908989221
mean_reversion,zscore_neutral_regime,EWJ,False,9.988095238095237,-0.002641532910747535,0.030239358662820973,-0.27416470622441225,56.0,0.1871275327771156,0.04472770459177133,5.4603174603174605,0.0242821407057503,0.27341665540814075,-0.17884627688255672,39,0.2063953488372093,0.05985710828483359,15.448412698412698,0.00679293455899832,0.1170313335163643,-0.27416470622441225,95,0.19393783714359106,0.05005042908989221
mean_reversion,zscore_reversion,EWJ,False,9.988095238095237,0.021108460184162015,0.24544805328725222,-0.23038587184708337,65.0,0.23758442590385379,0.04472770459177133,5.4603174603174605,0.009599838985284714,0.14115254135283653,-0.2171129757281698,34,0.23473837209302326,0.05985710828483359,15.448412698412698,0.01702576803684286,0.2080727192199153,-0.23038587184708337,99,0.2365784741844336,0.05005042908989221
mean_reversion,zscore_reversion_long_only,EWJ,False,9.988095238095237,0.033465602991468835,0.33645235395859246,-0.26144570065967987,58.0,0.2534763607469209,0.04472770459177133,5.4603174603174605,0.05419982353269259,0.5065520411391282,-0.13453821345987627,37,0.27761627906976744,0.05985710828483359,15.448412698412698,0.04074720019911848,0.396221272669939,-0.26144570065967987,95,0.26200873362445415,0.05005042908989221
mean_reversion,atr_extension,FXI,False,9.988095238095237,-0.007037995766790428,0.029972401337893095,-0.4029747189298959,47.0,0.2586412395709178,0.00750238634755207,5.4603174603174605,-0.016596255473579236,0.008829295666624232,-0.30828947006606844,32,0.34375,-0.06809834028181405,15.448412698412698,-0.0104269786060871,0.021171304605045915,-0.4599621592469503,79,0.2887233496018495,-0.0198953599586722
mean_reversion,bollinger_reversion,FXI,False,9.988095238095237,-0.013151180571885579,-0.028937860733154876,-0.30598038526930105,56.0,0.21414382201032975,0.00750238634755207,5.4603174603174605,0.02796009018617651,0.2606375985046824,-0.2674765458886924,34,0.18459302325581395,-0.06809834028181405,15.448412698412698,0.0011884625989222464,0.07826101424073995,-0.3640816844740663,90,0.20369894682763937,-0.0198953599586722
mean_reversion,bollinger_reversion_long_only,FXI,False,9.988095238095237,-0.02417833024182603,-0.11556740650446688,-0.3550867156835372,26.0,0.15176797775129122,0.00750238634755207,5.4603174603174605,0.03964283245741873,0.3152919000058069,-0.2919408654333867,25,0.2136627906976744,-0.06809834028181405,15.448412698412698,-0.0020809512336114055,0.05887271871263654,-0.47872015345822017,51,0.1736450038530696,-0.0198953599586722
mean_reversion,gap_fill,FXI,False,9.988095238095237,-0.12258536492361649,-0.9342408308012636,-0.7310477140180163,376.0,0.17918156535558205,0.00750238634755207,5.4603174603174605,-0.1120246485704206,-0.6322785718164285,-0.4772998895093816,250,0.24345930232558138,-0.06809834028181405,15.448412698412698,-0.11886705654066809,-0.8048871947667344,-0.8584279681989173,626,0.20190084767531466,-0.0198953599586722
mean_reversion,rsi_exhaustion,FXI,False,9.988095238095237,-0.0064207784015680724,0.0029130839132995435,-0.2076033114691055,19.0,0.10210568136670639,0.00750238634755207,5.4603174603174605,0.008682713422110355,0.13044451938005372,-0.2579561355113218,10,0.07340116279069768,-0.06809834028181405,15.448412698412698,-0.0011083916601046795,0.04993214065981503,-0.25795613551132157,29,0.09195992807603391,-0.0198953599586722
mean_reversion,rsi_reversion_ma_filter,FXI,False,9.988095238095237,-0.019270727509470342,-0.19198901916932565,-0.3148710576952366,7.0,0.06754072308303535,0.00750238634755207,5.4603174603174605,0.03779748310210862,0.9141956705152633,-0.02460053600319123,4,0.024709302325581394,-0.06809834028181405,15.448412698412698,0.0005325436701446584,0.0432334454370698,-0.3148710576952366,11,0.05240174672489083,-0.0198953599586722
mean_reversion,zscore_neutral_regime,FXI,False,9.988095238095237,-0.04145453185414949,-0.28402623828281875,-0.4124077873930152,54.0,0.21056813667063964,0.00750238634755207,5.4603174603174605,-0.007851484465669856,0.010125351187239237,-0.2630705016556547,29,0.19404069767441862,-0.06809834028181405,15.448412698412698,-0.029709438977889913,-0.17207328259247578,-0.5119388849196869,83,0.20472643205753918,-0.0198953599586722
mean_reversion,zscore_reversion,FXI,False,9.988095238095237,-0.025457650823265454,-0.11008143218020196,-0.32076132912758204,55.0,0.22367898291617005,0.00750238634755207,5.4603174603174605,0.03776550885064611,0.3222321017811376,-0.2674765458886921,31,0.19113372093023256,-0.06809834028181405,15.448412698412698,-0.0035637672465557158,0.04760703705696107,-0.3831586283441264,86,0.21217569997431288,-0.0198953599586722
mean_reversion,zscore_reversion_long_only,FXI,False,9.988095238095237,-0.028956656268538827,-0.0992626574193741,-0.47200869900664943,58.0,0.3118792212951927,0.00750238634755207,5.4603174603174605,-0.023454197005320254,-0.026702625677954388,-0.37512188645226485,35,0.3626453488372093,-0.06809834028181405,15.448412698412698,-0.02701533662495126,-0.07037273721689562,-0.5688244171197585,93,0.3298227587978423,-0.0198953599586722
mean_reversion,atr_extension,GDX,False,9.988095238095237,0.05511835979917956,0.3397962190901015,-0.47315812754688025,46.0,0.27691696464044496,-0.052104671347077636,5.4603174603174605,0.06684613903740155,0.46287968863395146,-0.26499158740047446,25,0.2311046511627907,0.14928130482633506,15.448412698412698,0.059248796513323265,0.3684135842201,-0.47315812754688025,71,0.26072437708707935,0.014688008236794392
mean_reversion,bollinger_reversion,GDX,False,9.988095238095237,0.03663592424623685,0.27329676045700224,-0.3804878870347208,57.0,0.19745729042510926,-0.052104671347077636,5.4603174603174605,0.06352025499918401,0.4674326922845234,-0.3393696050854823,25,0.16715116279069767,0.14928130482633506,15.448412698412698,0.04605977169315301,0.3244628979490913,-0.3804878870347208,82,0.18674544053429232,0.014688008236794392
mean_reversion,bollinger_reversion_long_only,GDX,False,9.988095238095237,-0.040437158147138774,-0.05726271122077208,-0.6263593596987801,31.0,0.20381406436233612,-0.052104671347077636,5.4603174603174605,0.037690443343225466,0.3715833279118283,-0.26587627220020715,14,0.1380813953488372,0.14928130482633506,15.448412698412698,-0.013518583941908635,0.03372059160598822,-0.6263593596987801,45,0.1805805291548934,0.014688008236794392
mean_reversion,gap_fill,GDX,False,9.988095238095237,-0.15401422489666705,-0.7331548210131229,-0.8305287788848853,365.0,0.17044100119189512,-0.052104671347077636,5.4603174603174605,-0.028697219262994178,-0.11528510805514122,-0.22550484208612864,198,0.17877906976744187,0.14928130482633506,15.448412698412698,-0.11168422063203698,-0.5470955606642662,-0.8562392591391458,563,0.17338813254559465,0.014688008236794392
mean_reversion,rsi_exhaustion,GDX,False,9.988095238095237,-0.013201349981506127,0.029714261610364872,-0.4759548328367941,19.0,0.11561382598331346,-0.052104671347077636,5.4603174603174605,0.1004611286140138,1.1726659836316942,-0.07990930758651094,11,0.05813953488372093,0.14928130482633506,15.448412698412698,0.025565209689686563,0.23559621280384382,-0.4759548328367941,30,0.09529925507320833,0.014688008236794392
mean_reversion,rsi_reversion_ma_filter,GDX,False,9.988095238095237,0.028306494997460296,0.4689739512707321,-0.09376608496299788,5.0,0.03456495828367104,-0.052104671347077636,5.4603174603174605,0.03130241720267146,0.35574337480535606,-0.16565091101526108,5,0.07630813953488372,0.14928130482633506,15.448412698412698,0.029364422694182934,0.4059788214170943,-0.16565091101526097,10,0.04931929103519137,0.014688008236794392
mean_reversion,zscore_neutral_regime,GDX,False,9.988095238095237,-0.01516562045890868,-0.030373449642111267,-0.434311332829601,46.0,0.18434644417957885,-0.052104671347077636,5.4603174603174605,0.08832146479285696,0.6246683253732052,-0.21410846925789606,26,0.17078488372093023,0.14928130482633506,15.448412698412698,0.020236886981344293,0.20832969125089593,-0.434311332829601,72,0.17955304392499358,0.014688008236794392
mean_reversion,zscore_reversion,GDX,False,9.988095238095237,0.065088303204905,0.3806576326301416,-0.4019507412632787,55.0,0.2173222089789432,-0.052104671347077636,5.4603174603174605,0.13226378611520562,0.7506338685570101,-0.23288170735319358,33,0.24273255813953487,0.14928130482633506,15.448412698412698,0.08836379306059805,0.4880357644273372,-0.4019507412632787,88,0.2263036218854354,0.014688008236794392
mean_reversion,zscore_reversion_long_only,GDX,False,9.988095238095237,-0.021954133019562616,0.051571673611826956,-0.6722334692323141,65.0,0.35677393722685735,-0.052104671347077636,5.4603174603174605,0.11291284370159849,0.640866601223637,-0.26587627220020693,38,0.3175872093023256,0.14928130482633506,15.448412698412698,0.023737769013324916,0.21823845205515985,-0.6722334692323141,103,0.34292319547906497,0.014688008236794392
mean_reversion,atr_extension,GLD,False,9.988095238095237,0.012942836919160428,0.19568817041696454,-0.19574104361286893,44.0,0.2622169249106079,0.02548390538222889,5.4523809523809526,0.0004529109361228745,0.045168020697431095,-0.08740656725313978,20,0.20087336244541484,0.14087739486536122,15.44047619047619,0.008514652408148082,0.14449086408277476,-0.19574104361286893,64,0.2405551272166538,0.06483422276837847
mean_reversion,bollinger_reversion,GLD,False,9.988095238095237,-0.006416356534443057,-0.03932118553942708,-0.25699365384281514,54.0,0.21414382201032975,0.02548390538222889,5.4523809523809526,0.05066225469319563,0.6164005701171852,-0.11844120712468031,34,0.21615720524017468,0.14087739486536122,15.44047619047619,0.01337626316708751,0.20200431459260626,-0.25699365384281514,88,0.21485479311231045,0.06483422276837847
mean_reversion,bollinger_reversion_long_only,GLD,False,9.988095238095237,0.024892869817981778,0.3683953234883477,-0.14890585855500438,32.0,0.17004370282081843,0.02548390538222889,5.4523809523809526,0.007710355061443908,0.14627725674776265,-0.08681066740980181,17,0.12954876273653565,0.14087739486536122,15.44047619047619,0.018792128234503158,0.29376279321452037,-0.14890585855500438,49,0.15574402467232074,0.06483422276837847
mean_reversion,gap_fill,GLD,False,9.988095238095237,-0.04103011191447725,-0.7242814414536219,-0.35616374618426894,151.0,0.06436233611442194,0.02548390538222889,5.4523809523809526,0.0219413373709747,0.38134372798516414,-0.0801252016882239,104,0.08151382823871907,0.14087739486536122,15.44047619047619,-0.019249432356629237,-0.3059832283878801,-0.37976109178559925,255,0.0704189154459008,0.06483422276837847
mean_reversion,rsi_exhaustion,GLD,False,9.988095238095237,0.006565932434785093,0.15376986496663933,-0.10870633634277305,19.0,0.11680572109654351,0.02548390538222889,5.4523809523809526,0.027801351107283878,0.5570845016011104,-0.0868106674098017,9,0.05895196506550218,0.14087739486536122,15.44047619047619,0.014014055112376411,0.2972270152144539,-0.10870633634277305,28,0.09637625289128758,0.06483422276837847
mean_reversion,rsi_reversion_ma_filter,GLD,False,9.988095238095237,0.032383489371776486,0.7262497459194662,-0.05102367086617454,10.0,0.05085419149781486,0.02548390538222889,5.4523809523809526,0.018964212314033224,0.4046490576395222,-0.06697833797695651,5,0.04148471615720524,0.14087739486536122,15.44047619047619,0.027624774023624843,0.6056409595552693,-0.06697833797695651,15,0.04754561809303521,0.06483422276837847
mean_reversion,zscore_neutral_regime,GLD,False,9.988095238095237,-0.00040238116726254436,0.036798147601592716,-0.19388530775855384,60.0,0.24155740961462058,0.02548390538222889,5.4523809523809526,0.016135424256181974,0.2680588408648962,-0.18439294325064814,28,0.16666666666666666,0.14087739486536122,15.44047619047619,0.00540652241797579,0.10831978283851568,-0.19388530775855384,88,0.2151117964533539,0.06483422276837847
mean_reversion,zscore_reversion,GLD,False,9.988095238095237,-0.006207644115506672,-0.03499624960755474,-0.2716351334690452,52.0,0.2280492649980135,0.02548390538222889,5.4523809523809526,0.043191357999580626,0.5733037672273372,-0.12062046309801266,28,0.20451237263464336,0.14087739486536122,15.44047619047619,0.01096321758558605,0.17512160259256593,-0.2716351334690452,80,0.2197378565921357,0.06483422276837847
mean_reversion,zscore_reversion_long_only,GLD,False,9.988095238095237,0.0003152707097497931,0.051677228059616546,-0.21970639479395238,59.0,0.3154549066348828,0.02548390538222889,5.4523809523809526,0.006542170541592673,0.11826100688036861,-0.1418634900388872,27,0.2423580786026201,0.14087739486536122,15.44047619047619,0.0025097176251565045,0.07373307173404921,-0.21970639479395238,86,0.2896427653559496,0.06483422276837847
mean_reversion,atr_extension,HYG,False,9.988095238095237,-0.013759177176308368,-0.1750047808213786,-0.25413622881660547,51.0,0.25903853794199444,-0.003365958735390473,5.4603174603174605,-0.006650148968736946,-0.12486675181357478,-0.10852184702220924,28,0.2550872093023256,-0.01624857731896001,15.448412698412698,-0.011252288313267633,-0.1590856307145129,-0.25413622881660547,79,0.2576419213973799,-0.007938547022079745
mean_reversion,bollinger_reversion,HYG,False,9.988095238095237,-0.014344975535270366,-0.22906965406458668,-0.20407085030183336,70.0,0.21930870083432658,-0.003365958735390473,5.4603174603174605,-0.008482998142326892,-0.20325535805405023,-0.06268436695042445,35,0.23473837209302326,-0.01624857731896001,15.448412698412698,-0.012277001350788241,-0.21889526558357678,-0.20407085030183336,105,0.22476239404058568,-0.007938547022079745
mean_reversion,bollinger_reversion_long_only,HYG,False,9.988095238095237,-0.014515440666612589,-0.2011863294227212,-0.23375787137936144,40.0,0.1966626936829559,-0.003365958735390473,5.4603174603174605,0.01358572831666316,0.37201211480948265,-0.059792051300359694,24,0.16787790697674418,-0.01624857731896001,15.448412698412698,-0.004673096958805356,-0.056724316012915395,-0.23375787137936144,64,0.18648856922681736,-0.007938547022079745
mean_reversion,gap_fill,HYG,False,9.988095238095237,-0.0031779941778834475,-0.09181709647771677,-0.10408434570956815,23.0,0.010329757647993643,-0.003365958735390473,5.4603174603174605,-0.0005446311093119105,-0.030633961226589845,-0.025903638722101108,11,0.00872093023255814,-0.01624857731896001,15.448412698412698,-0.0022480127864482613,-0.07566179157455569,-0.10434349282606192,34,0.009761109684048292,-0.007938547022079745
mean_reversion,rsi_exhaustion,HYG,False,9.988095238095237,0.011612118420685658,0.24524479678425665,-0.15678070971166336,38.0,0.11839491458085022,-0.003365958735390473,5.4603174603174605,0.011011124492693591,0.3618355781354228,-0.05245327493488705,13,0.09811046511627906,-0.01624857731896001,15.448412698412698,0.011399653350116834,0.267472795320461,-0.15678070971166336,51,0.11122527613665553,-0.007938547022079745
mean_reversion,rsi_reversion_ma_filter,HYG,False,9.988095238095237,0.0024327398804599998,0.11290075770627447,-0.050889481143240434,15.0,0.0723083035359555,-0.003365958735390473,5.4603174603174605,0.005749066591785423,0.7346363894492192,-0.014802075650501179,6,0.030523255813953487,-0.01624857731896001,15.448412698412698,0.0036036605317875114,0.19048423340148893,-0.050889481143240434,21,0.05753917287438993,-0.007938547022079745
mean_reversion,zscore_neutral_regime,HYG,False,9.988095238095237,-0.013270703311379917,-0.19408132793263388,-0.21906376363578206,80.0,0.2244735796583234,-0.003365958735390473,5.4603174603174605,-0.008575489107931489,-0.17251897819827186,-0.07830994406032965,47,0.26453488372093026,-0.01624857731896001,15.448412698412698,-0.011613702902262157,-0.18617258779354837,-0.21906376363578206,127,0.23863344464423325,-0.007938547022079745
mean_reversion,zscore_reversion,HYG,False,9.988095238095237,-0.017966432466588245,-0.27262809309537045,-0.24875670188506294,67.0,0.23520063567739372,-0.003365958735390473,5.4603174603174605,-0.007080745529858823,-0.14976235702352889,-0.09460608068185727,39,0.2754360465116279,-0.01624857731896001,15.448412698412698,-0.014132537183911387,-0.23568492549613843,-0.2553917378521732,106,0.24942203955818135,-0.007938547022079745
mean_reversion,zscore_reversion_long_only,HYG,False,9.988095238095237,-0.024753668045553012,-0.3339869123669705,-0.31930704567501034,67.0,0.29916567342073896,-0.003365958735390473,5.4603174603174605,-0.01119059081206819,-0.21121563818960826,-0.11729761220290502,39,0.3321220930232558,-0.01624857731896001,15.448412698412698,-0.019981121528734103,-0.2962236323749424,-0.31930704567501034,106,0.31081428204469563,-0.007938547022079745
mean_reversion,atr_extension,IBB,False,9.988095238095237,0.05662715952797637,0.4477880167678949,-0.23970338983499273,34.0,0.15812475168851808,0.17162445805812143,5.4603174603174605,0.04724166453422707,0.44140150980903126,-0.17105552044997263,19,0.1824127906976744,0.03968667606380816,15.448412698412698,0.05330023777262838,0.4440518510502888,-0.23970338983499273,53,0.16670947855124582,0.12317928378386744
mean_reversion,bollinger_reversion,IBB,False,9.988095238095237,0.07138314260796297,0.5549711384333375,-0.3464984901260545,69.0,0.22367898291617005,0.17162445805812143,5.4603174603174605,0.013537209396282002,0.1767138967352647,-0.23377949775616802,34,0.19840116279069767,0.03968667606380816,15.448412698412698,0.05056937978480258,0.43913194761366475,-0.3464984901260545,102,0.21474441304906242,0.12317928378386744
mean_reversion,bollinger_reversion_long_only,IBB,False,9.988095238095237,0.024530414636322107,0.24043857360854684,-0.26759386074536606,29.0,0.1426301152165276,0.17162445805812143,5.4603174603174605,0.011961703334396834,0.15917451676552657,-0.1693580265346455,19,0.19113372093023256,0.03968667606380816,15.448412698412698,0.020070204086010124,0.21428274220682958,-0.26759386074536606,48,0.15977395324942203,0.12317928378386744
mean_reversion,gap_fill,IBB,False,9.988095238095237,-0.01671759418945662,-0.11419776159665054,-0.4327453073058164,133.0,0.05880015891934843,0.17162445805812143,5.4603174603174605,0.006637456659230212,0.1228213640364708,-0.2004109856521289,62,0.05232558139534884,0.03968667606380816,15.448412698412698,-0.00852520799861678,-0.04264833016931002,-0.4327453073058164,195,0.05651168764449011,0.12317928378386744
mean_reversion,rsi_exhaustion,IBB,False,9.988095238095237,0.03738691899986679,0.387625271817661,-0.1959390373604647,13.0,0.07389749702026222,0.17162445805812143,5.4603174603174605,0.04748528803598995,0.5652953505237415,-0.13389623981381116,13,0.08793604651162791,0.03968667606380816,15.448412698412698,0.04094506464424508,0.4399662913688107,-0.1959390373604647,26,0.0788594913948112,0.12317928378386744
mean_reversion,rsi_reversion_ma_filter,IBB,False,9.988095238095237,0.014080622933159148,0.20529402073414568,-0.14045669718462894,9.0,0.04370282081843464,0.17162445805812143,5.4603174603174605,0.012647289478992185,0.28867580300522433,-0.07020363541210295,5,0.061046511627906974,0.03968667606380816,15.448412698412698,0.013573772507291526,0.21750425179679986,-0.14045669718462894,14,0.04983303365014128,0.12317928378386744
mean_reversion,zscore_neutral_regime,IBB,False,9.988095238095237,0.03811714562557844,0.32975507433625467,-0.3152193791396799,64.0,0.1871275327771156,0.17162445805812143,5.4603174603174605,-0.019287335762751212,-0.10134157469092027,-0.3178421653188841,37,0.20276162790697674,0.03968667606380816,15.448412698412698,0.01745312137757349,0.1949216455776799,-0.317842165318884,101,0.1926534806062163,0.12317928378386744
mean_reversion,zscore_reversion,IBB,False,9.988095238095237,0.043943414686821614,0.35741262395687834,-0.3905546072209263,63.0,0.2586412395709178,0.17162445805812143,5.4603174603174605,0.0017166656873996988,0.07316062964525934,-0.32276089611276015,31,0.2056686046511628,0.03968667606380816,15.448412698412698,0.028818545631496884,0.27183746870940945,-0.3905546072209263,93,0.23991780118160802,0.12317928378386744
mean_reversion,zscore_reversion_long_only,IBB,False,9.988095238095237,0.09300310720442706,0.6272333883989112,-0.26110652205532425,65.0,0.24592769169646406,0.17162445805812143,5.4603174603174605,0.037495472353245685,0.3292471653813275,-0.29009554046519426,34,0.3001453488372093,0.03968667606380816,15.448412698412698,0.07305227235252554,0.5297609650148293,-0.2900955404651945,99,0.2650911893141536,0.12317928378386744
mean_reversion,atr_extension,ITB,False,9.988095238095237,0.03199787445648661,0.2698371358571782,-0.5021118499154402,36.0,0.17798967024235202,0.15543781129788403,5.4603174603174605,0.01257312942798161,0.15796348069165614,-0.23681215051245774,21,0.25218023255813954,0.122551075886143,15.448412698412698,0.025089888987837483,0.2320699130853151,-0.5021118499154402,57,0.20421268944258927,0.14370517577312403
mean_reversion,bollinger_reversion,ITB,False,9.988095238095237,0.023046549804532024,0.22002954100318006,-0.5126725072442556,61.0,0.21176003178386968,0.15543781129788403,5.4603174603174605,0.08070076672982696,0.6822013431286202,-0.15041111866704826,29,0.17151162790697674,0.122551075886143,15.448412698412698,0.04306453545212685,0.3510298568551318,-0.5126725072442556,90,0.19753403544824044,0.14370517577312403
mean_reversion,bollinger_reversion_long_only,ITB,False,9.988095238095237,0.007874501190641592,0.12820948725220307,-0.47912691460061685,23.0,0.10448947159316647,0.15543781129788403,5.4603174603174605,0.05289941363339801,0.44110632965508234,-0.23681215051245752,16,0.14970930232558138,0.122551075886143,15.448412698412698,0.023564424173742937,0.23046551968381654,-0.47912691460061685,39,0.12047264320575392,0.14370517577312403
mean_reversion,gap_fill,ITB,False,9.988095238095237,-0.06469165497910989,-0.47992679218837947,-0.5462638883358508,152.0,0.06992451330949544,0.15543781129788403,5.4603174603174605,-0.01958248067960444,-0.16032782337617735,-0.34156384123182437,127,0.1068313953488372,0.122551075886143,15.448412698412698,-0.04898980471027248,-0.38247255626926735,-0.6085528715736148,279,0.08296943231441048,0.14370517577312403
mean_reversion,rsi_exhaustion,ITB,False,9.988095238095237,-0.02492110163515726,-0.11745628728164083,-0.4602504934135381,11.0,0.057210965435041714,0.15543781129788403,5.4603174603174605,0.08527663632472327,0.8927622031610624,-0.09808937682272767,10,0.06976744186046512,0.122551075886143,15.448412698412698,0.012687985670427171,0.16382119844339765,-0.4602504934135381,21,0.06164911379398921,0.14370517577312403
mean_reversion,rsi_reversion_ma_filter,ITB,False,9.988095238095237,0.05564154563694723,0.7994430052746946,-0.12000606689334159,14.0,0.05601907032181168,0.15543781129788403,5.4603174603174605,0.024932598833442343,0.4367916829612293,-0.1045987936555699,4,0.03997093023255814,0.122551075886143,15.448412698412698,0.04468358129096872,0.6821791235101446,-0.12000606689334159,18,0.05034677626509119,0.14370517577312403
mean_reversion,zscore_neutral_regime,ITB,False,9.988095238095237,0.09019924547384361,0.7737205270385132,-0.2924328213148918,60.0,0.17163289630512515,0.15543781129788403,5.4603174603174605,0.014267874781928924,0.18448087527310042,-0.20076384720090656,26,0.18604651162790697,0.122551075886143,15.448412698412698,0.06273242588361216,0.5786029253142866,-0.2924328213148918,86,0.17672745954276908,0.14370517577312403
mean_reversion,zscore_reversion,ITB,False,9.988095238095237,0.007820041330579564,0.13215704425202654,-0.5348365687660495,55.0,0.23877632101708382,0.15543781129788403,5.4603174603174605,0.06524945478237343,0.5348288904617027,-0.18769129276711238,29,0.22529069767441862,0.122551075886143,15.448412698412698,0.0277560928887588,0.250501824307155,-0.5348365687660495,84,0.23400976110968405,0.14370517577312403
mean_reversion,zscore_reversion_long_only,ITB,False,9.988095238095237,0.06385933579006697,0.4232590596603675,-0.5110184791692648,63.0,0.2634088200238379,0.15543781129788403,5.4603174603174605,0.06887192494365624,0.4525327679476738,-0.23681215051245796,34,0.3502906976744186,0.122551075886143,15.448412698412698,0.06562836841377795,0.43352892070463145,-0.5110184791692648,97,0.29411764705882354,0.14370517577312403
mean_reversion,atr_extension,IWM,False,9.988095238095237,0.021164991352313534,0.2316584009362491,-0.3667174031379331,40.0,0.18673023440603895,0.09633573000481177,5.4523809523809526,0.04608332843314855,0.4128359045438696,-0.16078784607309637,23,0.2059679767103348,0.07894004601635696,15.44047619047619,0.029895686644968222,0.29751162302579104,-0.3667174031379331,63,0.19352351580570548,0.0901611183622304
mean_reversion,bollinger_reversion,IWM,False,9.988095238095237,0.04007794709568202,0.37582266892712884,-0.3667174031379329,72.0,0.23122765196662692,0.09633573000481177,5.4523809523809526,0.09704063736111701,0.7989435126036569,-0.12323011622710267,37,0.2088791848617176,0.07894004601635696,15.44047619047619,0.05984678539484323,0.5254045941179627,-0.3667174031379329,108,0.22333590336674378,0.0901611183622304
mean_reversion,bollinger_reversion_long_only,IWM,False,9.988095238095237,-0.0017411007886122265,0.04768051837686689,-0.3844638049086657,32.0,0.15097338100913787,0.09633573000481177,5.4523809523809526,0.02185494758705686,0.23801407350653972,-0.1886053242915562,18,0.16666666666666666,0.07894004601635696,15.44047619047619,0.006528308850417774,0.11463012092726667,-0.3844638049086657,50,0.15651503469545103,0.0901611183622304
mean_reversion,gap_fill,IWM,False,9.988095238095237,-0.03579001537658966,-0.34107463515789677,-0.39590431306303,127.0,0.058005562177195075,0.09633573000481177,5.4523809523809526,-0.02401269446376797,-0.24983010801023772,-0.21642343627644633,106,0.09170305676855896,0.07894004601635696,15.44047619047619,-0.0316474980705882,-0.31084231894783615,-0.4369005415028091,233,0.06990490876381393,0.0901611183622304
mean_reversion,rsi_exhaustion,IWM,False,9.988095238095237,-0.014639972118182687,-0.09373383364955415,-0.4037376339302433,13.0,0.059992054032578464,0.09633573000481177,5.4523809523809526,0.047560225402542455,0.5359506461878225,-0.08549868594861576,11,0.08369723435225619,0.07894004601635696,15.44047619047619,0.006890800077826276,0.11912969320958544,-0.4037376339302433,24,0.06836288871755333,0.0901611183622304
mean_reversion,rsi_reversion_ma_filter,IWM,False,9.988095238095237,0.01765052080665175,0.39822797219430023,-0.11347064212829838,11.0,0.04529201430274136,0.09633573000481177,5.4523809523809526,0.03833720712843647,0.7711723433536781,-0.04987595136788048,7,0.05240174672489083,0.07894004601635696,15.44047619047619,0.024907957243628598,0.5362685280967945,-0.11347064212829838,18,0.047802621434078645,0.0901611183622304
mean_reversion,zscore_neutral_regime,IWM,False,9.988095238095237,-0.004528791372285457,0.02046891473602585,-0.40154097852644366,73.0,0.20818434644417957,0.09633573000481177,5.4523809523809526,0.041461299608642976,0.44739277059290056,-0.1460865235890575,32,0.1615720524017467,0.07894004601635696,15.44047619047619,0.011474650480666204,0.15827090567775973,-0.40154097852644366,105,0.19172449241840145,0.0901611183622304
mean_reversion,zscore_reversion,IWM,False,9.988095238095237,0.010025489529714271,0.14170759614119494,-0.4652841448659476,68.0,0.2701628923321414,0.09633573000481177,5.4523809523809526,0.041864255470188905,0.3699079937532947,-0.2792750763663153,34,0.2627365356622999,0.07894004601635696,15.44047619047619,0.02115579040570359,0.22349792774351357,-0.4652841448659476,101,0.26754047802621433,0.0901611183622304
mean_reversion,zscore_reversion_long_only,IWM,False,9.988095238095237,0.01210911664154457,0.15667107316876283,-0.4116358793287732,67.0,0.2745331744139849,0.09633573000481177,5.4523809523809526,0.044039544927519714,0.3638671219950146,-0.17006623968715995,34,0.2823871906841339,0.07894004601635696,15.44047619047619,0.02327137067049634,0.23336565627386469,-0.4116358793287732,101,0.2773066049858648,0.0901611183622304
mean_reversion,atr_extension,KWEB,False,7.416666666666667,-0.01136839351858454,0.046367985482953816,-0.4062318725600049,29.0,0.24612092027822366,0.15563805012964171,5.4603174603174605,-0.015452556747346136,0.10156554824850224,-0.5114745239578231,32,0.35683139534883723,-0.1922102548026271,12.876984126984127,-0.013102294588417385,0.07391414691209375,-0.6132476883976024,61,0.2930662557781202,-0.007218239638403734
mean_reversion,bollinger_reversion,KWEB,False,7.416666666666667,0.015632838542870564,0.17683908714212015,-0.39233524315092716,39.0,0.21615837346174424,0.15563805012964171,5.4603174603174605,-0.00568504045653262,0.08706866071152208,-0.41118341741599274,21,0.14970930232558138,-0.1922102548026271,12.876984126984127,0.006538017632425452,0.13386371880860262,-0.4939184815890627,60,0.18798151001540833,-0.007218239638403734
mean_reversion,bollinger_reversion_long_only,KWEB,False,7.416666666666667,-0.025992212465635656,-0.05163395462426043,-0.3756280370976206,21.0,0.17710005350454788,0.15563805012964171,5.4603174603174605,0.07420475271262439,0.40437694056667306,-0.3512455955319759,18,0.19694767441860464,-0.1922102548026271,12.876984126984127,0.01530014750548192,0.1752678268133837,-0.4050625836381341,39,0.1855161787365177,-0.007218239638403734
mean_reversion,gap_fill,KWEB,False,7.416666666666667,-0.031275526472912096,-0.10459202398542862,-0.4260101034548329,190.0,0.12252541466024612,0.15563805012964171,5.4603174603174605,-0.12421822177659503,-0.3410799691219673,-0.5212160522593399,291,0.279796511627907,-0.1922102548026271,12.876984126984127,-0.07183411809019358,-0.22729833415556977,-0.649106364754114,481,0.18921417565485363,-0.007218239638403734
mean_reversion,rsi_exhaustion,KWEB,False,7.416666666666667,0.03217124869819066,0.2859509331948124,-0.21306236167817094,15.0,0.10861423220973783,0.15563805012964171,5.4603174603174605,-0.0020223389349921517,0.10992769063369406,-0.46170544256201673,14,0.1184593023255814,-0.1922102548026271,12.876984126984127,0.01753111652643735,0.1840349499416337,-0.46170544256201695,29,0.11278890600924499,-0.007218239638403734
mean_reversion,rsi_reversion_ma_filter,KWEB,False,7.416666666666667,-0.025530664721403085,-0.13746245037491833,-0.3707660423360224,5.0,0.08132691278758694,0.15563805012964171,5.4603174603174605,0.03427356061571851,0.40662106822062277,-0.15253452807711865,5,0.07122093023255814,-0.1922102548026271,12.876984126984127,-0.0006057510582088144,0.051812876837255994,-0.3707660423360224,10,0.07704160246533127,-0.007218239638403734
mean_reversion,zscore_neutral_regime,KWEB,False,7.416666666666667,-0.010711950002225468,0.0211373708308528,-0.42896875262585565,32.0,0.1658640984483681,0.15563805012964171,5.4603174603174605,0.018473163994721986,0.20119959154392209,-0.156480054589468,22,0.12863372093023256,-0.1922102548026271,12.876984126984127,0.001560076600395588,0.0887128332289152,-0.42896875262585565,53,0.15007704160246532,-0.007218239638403734
mean_reversion,zscore_reversion,KWEB,False,7.416666666666667,-0.02238227244793156,-0.008400539485890566,-0.530400927518059,40.0,0.26324237560192615,0.15563805012964171,5.4603174603174605,-0.035242012876150586,-0.03948982388913793,-0.4657508403147259,24,0.16787790697674418,-0.1922102548026271,12.876984126984127,-0.02785607873485607,-0.02259038264448403,-0.6451478225947025,64,0.22280431432973805,-0.007218239638403734
mean_reversion,zscore_reversion_long_only,KWEB,False,7.416666666666667,-0.035672338794266345,-0.06674140425516199,-0.4523879472004164,33.0,0.279828785446763,0.15563805012964171,5.4603174603174605,-0.07966744866281306,-0.09237527188154818,-0.548847469881528,35,0.40334302325581395,-0.1922102548026271,12.876984126984127,-0.054579050254941586,-0.07852352202613241,-0.6962606433625282,68,0.33220338983050846,-0.007218239638403734
mean_reversion,atr_extension,LITE,False,5.444444444444445,0.18473703631399996,0.7254819631482856,-0.28605826818534874,22.0,0.2033527696793003,0.37147032800411695,5.4603174603174605,0.07884498671413809,0.415587339179023,-0.25934298516205423,22,0.21002906976744187,0.4835742334132904,10.904761904761905,0.13047486833760913,0.5761852334197466,-0.28605826818534874,44,0.2066957787481805,0.42652341191351417
mean_reversion,bollinger_reversion,LITE,False,5.444444444444445,0.03238636719168819,0.2515509259301144,-0.3533003860711641,32.0,0.21137026239067055,0.37147032800411695,5.4603174603174605,0.15171608509488843,0.6522191554005595,-0.3880217798082993,25,0.17296511627906977,0.4835742334132904,10.904761904761905,0.09050690429786457,0.45936839032562615,-0.4921034100326187,57,0.19213973799126638,0.42652341191351417
mean_reversion,bollinger_reversion_long_only,LITE,False,5.444444444444445,0.16810010148476318,0.7937022241070171,-0.33543921721893566,19.0,0.15379008746355685,0.37147032800411695,5.4603174603174605,0.19932524714846234,0.9218287656988616,-0.20696975301383558,20,0.16279069767441862,0.4835742334132904,10.904761904761905,0.18363243414371255,0.857344500073783,-0.33543921721893566,39,0.15829694323144106,0.42652341191351417
mean_reversion,gap_fill,LITE,False,5.444444444444445,-0.13028902610580195,-0.5077865051790589,-0.6328900109363214,150.0,0.1377551020408163,0.37147032800411695,5.4603174603174605,-0.09342619419518716,-0.19729512986690584,-0.5886647656136674,217,0.19549418604651161,0.4835742334132904,10.904761904761905,-0.11202205490425743,-0.33087133391393914,-0.8115767073718794,367,0.16666666666666666,0.42652341191351417
mean_reversion,rsi_exhaustion,LITE,False,5.444444444444445,0.11020008125787362,0.7989716509317512,-0.1855783332417097,9.0,0.07215743440233237,0.37147032800411695,5.4603174603174605,0.06802361810535507,0.48256258736236257,-0.20846116931595238,11,0.12281976744186046,0.4835742334132904,10.904761904761905,0.08887697339803124,0.6288357794498166,-0.2084611693159527,20,0.0975254730713246,0.42652341191351417
mean_reversion,rsi_reversion_ma_filter,LITE,False,5.444444444444445,0.07667573331852706,0.8272592020076323,-0.08771931222316465,5.0,0.02988338192419825,0.37147032800411695,5.4603174603174605,0.041204149722734895,0.40597453194284466,-0.21220548583153576,3,0.02180232558139535,0.4835742334132904,10.904761904761905,0.058765591239340775,0.5917127221380254,-0.21220548583153587,8,0.02583697234352256,0.42652341191351417
mean_reversion,zscore_neutral_regime,LITE,False,5.444444444444445,0.051844096811796136,0.3242379770106588,-0.31031597500737107,24.0,0.16253644314868804,0.37147032800411695,5.4603174603174605,0.13329937264025338,0.6989623966695294,-0.3242479841431313,27,0.17151162790697674,0.4835742334132904,10.904761904761905,0.09187164290036831,0.49006802843104874,-0.3242479841431306,51,0.16703056768558952,0.42652341191351417
mean_reversion,zscore_reversion,LITE,False,5.444444444444445,0.012048036372268367,0.17234838101173064,-0.3533003860711642,31.0,0.22813411078717202,0.37147032800411695,5.4603174603174605,0.10890355870396307,0.5265665879550573,-0.4148854286225958,24,0.19912790697674418,0.4835742334132904,10.904761904761905,0.05943993716997831,0.3529136266044202,-0.4973462536178028,55,0.2136098981077147,0.42652341191351417
mean_reversion,zscore_reversion_long_only,LITE,False,5.444444444444445,0.20290674274333664,0.7170371310382918,-0.2912135911500835,31.0,0.29081632653061223,0.37147032800411695,5.4603174603174605,0.21481020878616786,0.7892817933795355,-0.2888256293202508,36,0.29723837209302323,0.4835742334132904,10.904761904761905,0.20885248756116592,0.7507117273642103,-0.2912135911500835,67,0.2940320232896652,0.42652341191351417
mean_reversion,atr_extension,PCOR,False,0.0,,,,,,,5.083333333333333,0.18556728211644802,0.7796849363263009,-0.2679611066601675,24,0.2224824355971897,-0.1358805847411516,5.083333333333333,0.18556728211644802,0.7796849363263009,-0.2679611066601675,24,0.2224824355971897,-0.1358805847411516
mean_reversion,bollinger_reversion,PCOR,False,0.0,,,,,,,5.083333333333333,0.039218540205680164,0.2876287927072375,-0.2444828646115954,22,0.15456674473067916,-0.1358805847411516,5.083333333333333,0.039218540205680164,0.2876287927072375,-0.2444828646115954,22,0.15456674473067916,-0.1358805847411516
mean_reversion,bollinger_reversion_long_only,PCOR,False,0.0,,,,,,,5.083333333333333,0.05529991859026695,0.3500815908999763,-0.2679611066601675,14,0.1483216237314598,-0.1358805847411516,5.083333333333333,0.05529991859026695,0.3500815908999763,-0.2679611066601675,14,0.1483216237314598,-0.1358805847411516
mean_reversion,gap_fill,PCOR,False,0.0,,,,,,,5.083333333333333,-0.04928289106203654,-0.097618288014721,-0.4394550816541838,182,0.18969555035128804,-0.1358805847411516,5.083333333333333,-0.04928289106203654,-0.097618288014721,-0.4394550816541838,182,0.18969555035128804,-0.1358805847411516
mean_reversion,rsi_exhaustion,PCOR,False,0.0,,,,,,,5.083333333333333,0.1343614492874945,0.7517830026039137,-0.26224785128918005,12,0.10616705698672912,-0.1358805847411516,5.083333333333333,0.1343614492874945,0.7517830026039137,-0.26224785128918005,12,0.10616705698672912,-0.1358805847411516
mean_reversion,rsi_reversion_ma_filter,PCOR,False,0.0,,,,,,,5.083333333333333,-0.01760611501328946,-0.0850936085558422,-0.24343211314329427,3,0.06791569086651054,-0.1358805847411516,5.083333333333333,-0.01760611501328946,-0.0850936085558422,-0.24343211314329427,3,0.06791569086651054,-0.1358805847411516
mean_reversion,zscore_neutral_regime,PCOR,False,0.0,,,,,,,5.083333333333333,0.02739844196526109,0.23574651102562083,-0.3171160824893652,21,0.15378610460577674,-0.1358805847411516,5.083333333333333,0.02739844196526109,0.23574651102562083,-0.3171160824893652,21,0.15378610460577674,-0.1358805847411516
mean_reversion,zscore_reversion,PCOR,False,0.0,,,,,,,5.083333333333333,-0.023575350280417462,0.006338133464008907,-0.377307665472585,21,0.17720530835284934,-0.1358805847411516,5.083333333333333,-0.023575350280417462,0.006338133464008907,-0.377307665472585,21,0.17720530835284934,-0.1358805847411516
mean_reversion,zscore_reversion_long_only,PCOR,False,0.0,,,,,,,5.083333333333333,0.21971961605937995,0.7852869140124988,-0.3188237076285817,36,0.3231850117096019,-0.1358805847411516,5.083333333333333,0.21971961605937995,0.7852869140124988,-0.3188237076285817,36,0.3231850117096019,-0.1358805847411516
mean_reversion,atr_extension,PLTR,False,0.25793650793650796,0.0,,0.0,0.0,0.0,34.68021500063466,5.4603174603174605,0.12043795300127469,0.4895530595191216,-0.6343222744238138,22,0.24200581395348839,0.33255385791666625,5.718253968253968,0.11470525252404817,0.4783819636219778,-0.6343222744238138,22,0.23108952116585704,0.5421975246225907
mean_reversion,bollinger_reversion,PLTR,False,0.25793650793650796,-0.15811072346462018,-2.658345637832495,-0.04342168829249937,1.0,0.03076923076923077,34.68021500063466,5.4603174603174605,-0.021841431900868624,0.13307910957005895,-0.6881387679387989,29,0.24055232558139536,0.33255385791666625,5.718253968253968,-0.02843846508654102,0.10954953742189744,-0.6881387679387987,29,0.23108952116585704,0.5421975246225907
mean_reversion,bollinger_reversion_long_only,PLTR,False,0.25793650793650796,0.0,,0.0,0.0,0.0,34.68021500063466,5.4603174603174605,0.14844182114626348,0.6084188464837597,-0.5182699974633828,15,0.14244186046511628,0.33255385791666625,5.718253968253968,0.14129424845593297,0.5945284067366582,-0.5182699974633828,15,0.13601665510062458,0.5421975246225907
mean_reversion,gap_fill,PLTR,False,0.25793650793650796,0.9268491341172918,2.454276517978553,-0.07065509132341907,7.0,0.12307692307692308,34.68021500063466,5.4603174603174605,3.9150867180426374e-05,0.19049116715380443,-0.6524156671877069,247,0.24127906976744187,0.33255385791666625,5.718253968253968,0.030065928354938265,0.26564972966657285,-0.6524156671877068,254,0.2359472588480222,0.5421975246225907
mean_reversion,rsi_exhaustion,PLTR,False,0.25793650793650796,0.47784558144014344,1.7044132296004546,-0.04135740516452546,1.0,0.046153846153846156,34.68021500063466,5.4603174603174605,0.016002473729454847,0.1802644706056381,-0.38345866063402734,7,0.08212209302325581,0.33255385791666625,5.718253968253968,0.03332113636523837,0.2552817887890969,-0.3834586606340271,8,0.08049965301873699,0.5421975246225907
mean_reversion,rsi_reversion_ma_filter,PLTR,False,0.25793650793650796,0.0,,0.0,0.0,0.0,34.68021500063466,5.4603174603174605,0.05247689404257483,0.8492052565400952,-0.05578229409500424,3,0.019622093023255814,0.33255385791666625,5.718253968253968,0.050051537642476385,0.8297914867928573,-0.05578229409500424,3,0.018736988202637056,0.5421975246225907
mean_reversion,zscore_neutral_regime,PLTR,False,0.25793650793650796,0.0,,0.0,0.0,0.0,34.68021500063466,5.4603174603174605,0.03528984540409352,0.268578471423009,-0.6123544411271863,21,0.2056686046511628,0.33255385791666625,5.718253968253968,0.033671509446222325,0.26245372556167695,-0.6123544411271863,21,0.1963913948646773,0.5421975246225907
mean_reversion,zscore_reversion,PLTR,False,0.25793650793650796,0.0,,0.0,0.0,0.0,34.68021500063466,5.4603174603174605,0.014415934162772759,0.22808214726906423,-0.6992711677598545,26,0.21875,0.33255385791666625,5.718253968253968,0.013761213116127324,0.22288129350118052,-0.6992711677598545,26,0.208882720333102,0.5421975246225907
mean_reversion,zscore_reversion_long_only,PLTR,False,0.25793650793650796,0.0,,0.0,0.0,0.0,34.68021500063466,5.4603174603174605,0.08162677018202902,0.39241631454919246,-0.706649690295021,27,0.3015988372093023,0.33255385791666625,5.718253968253968,0.07780520786249245,0.38346472123953773,-0.706649690295021,27,0.2879944482997918,0.5421975246225907
mean_reversion,atr_extension,QQQ,False,9.988095238095237,0.06910437691397431,0.6278802243440322,-0.2128945600142792,39.0,0.14898688915375446,0.19162571769665293,5.4523809523809526,0.05182541786451145,0.4195549604488261,-0.2193023690141246,21,0.1957787481804949,0.1617737471396683,15.44047619047619,0.06297060435062041,0.5409515886634696,-0.2193023690141246,60,0.16551015163197122,0.18099770513389823
mean_reversion,bollinger_reversion,QQQ,False,9.988095238095237,0.05484052804359241,0.49511405516112844,-0.24788264674693827,74.0,0.23520063567739372,0.19162571769665293,5.4523809523809526,0.07515041269105005,0.6622807312284135,-0.1573432009091319,38,0.2052401746724891,0.1617737471396683,15.44047619047619,0.061968210499439236,0.5532273229238751,-0.24788264674693827,112,0.22462092007196094,0.18099770513389823
mean_reversion,bollinger_reversion_long_only,QQQ,False,9.988095238095237,0.055797046758435886,0.5514008859829171,-0.2127493082380103,30.0,0.11521652761223679,0.19162571769665293,5.4523809523809526,0.04428634699484868,0.44049502099114984,-0.1058455374943319,14,0.11499272197962154,0.1617737471396683,15.44047619047619,0.05171793911922684,0.5115287937312663,-0.2127493082380103,44,0.11513749678745824,0.18099770513389823
mean_reversion,gap_fill,QQQ,False,9.988095238095237,-0.018478397602951224,-0.20194271209311734,-0.2706389578669538,120.0,0.052443384982121574,0.19162571769665293,5.4523809523809526,-0.005814809930946407,-0.029419175789799464,-0.23627385366838982,100,0.08151382823871907,0.1617737471396683,15.44047619047619,-0.014025128505718576,-0.13848621080729354,-0.31594557566061654,220,0.06270881521459779,0.18099770513389823
mean_reversion,rsi_exhaustion,QQQ,False,9.988095238095237,0.05427011166927165,0.7799926353472431,-0.10678771615725735,15.0,0.03972983710766786,0.19162571769665293,5.4523809523809526,0.052034616584133,0.6756783996798775,-0.09182797756844951,7,0.03711790393013101,0.1617737471396683,15.44047619047619,0.053480165828970305,0.7393009273393237,-0.10678771615725735,22,0.038807504497558466,0.18099770513389823
mean_reversion,rsi_reversion_ma_filter,QQQ,False,9.988095238095237,0.019695594488070123,0.24314734151160503,-0.21373118141563063,16.0,0.08224076281287247,0.19162571769665293,5.4523809523809526,0.022431804483385553,0.26491522567715164,-0.2010869322035691,11,0.09097525473071325,0.1617737471396683,15.44047619047619,0.020660974700607238,0.25096608165173306,-0.21373118141563063,27,0.08532510922641995,0.18099770513389823
mean_reversion,zscore_neutral_regime,QQQ,False,9.988095238095237,0.0379562884642044,0.38000056789130315,-0.2743304786306633,66.0,0.16607071911005164,0.19162571769665293,5.4523809523809526,0.039514931913476214,0.4211270731282445,-0.14716897785545802,31,0.17976710334788937,0.1617737471396683,15.44047619047619,0.03850641357664086,0.393272041201833,-0.2743304786306633,97,0.17090722179388332,0.18099770513389823
mean_reversion,zscore_reversion,QQQ,False,9.988095238095237,0.039648447244366114,0.3669915957361658,-0.25282610633097913,70.0,0.2614223281684545,0.19162571769665293,5.4523809523809526,0.09029317898086475,0.7492476482069007,-0.16828199034715086,37,0.24890829694323144,0.1617737471396683,15.44047619047619,0.05725777351139105,0.5000830331166864,-0.25282610633097913,107,0.2570033410434336,0.18099770513389823
mean_reversion,zscore_reversion_long_only,QQQ,False,9.988095238095237,0.06424306829906468,0.5593761754442218,-0.21289456001427964,60.0,0.21017083829956298,0.19162571769665293,5.4523809523809526,0.06169979587866581,0.4575460656642321,-0.2633937919137268,33,0.25036390101892286,0.1617737471396683,15.44047619047619,0.0633442862767497,0.5146501354478501,-0.26339379191372714,93,0.2243639167309175,0.18099770513389823
mean_reversion,atr_extension,SLV,False,9.988095238095237,-0.03871650567366425,-0.12623697172822507,-0.5347930238045455,45.0,0.33452522844656335,-0.02037931723691344,5.4603174603174605,0.07043455375770158,0.49829949883756813,-0.19721102157320203,23,0.2507267441860465,0.15229589040685276,15.448412698412698,-0.0014705414327019772,0.08005412133694763,-0.5347930238045455,68,0.30490624197277166,0.03747744086455129
mean_reversion,bollinger_reversion,SLV,False,9.988095238095237,-0.056632176390827293,-0.26352637133745127,-0.5603384180229408,52.0,0.2061978545887962,-0.02037931723691344,5.4603174603174605,0.045838533399773285,0.3685135042596044,-0.2778931130792083,25,0.17659883720930233,0.15229589040685276,15.448412698412698,-0.021614436535306036,-0.05064453150902813,-0.5750487846343613,77,0.19573593629591574,0.03747744086455129
mean_reversion,bollinger_reversion_long_only,SLV,False,9.988095238095237,-0.01870870744905695,-0.027693939691820924,-0.48621231761388284,35.0,0.2395709177592372,-0.02037931723691344,5.4603174603174605,0.04398270787427405,0.4308260857550236,-0.18824098500619257,15,0.16497093023255813,0.15229589040685276,15.448412698412698,0.0030076432148216092,0.09654816859029021,-0.48621231761388284,50,0.2132031852042127,0.03747744086455129
mean_reversion,gap_fill,SLV,False,9.988095238095237,-0.07995227355054568,-0.46794952646510674,-0.6651629762515587,322.0,0.1501787842669845,-0.02037931723691344,5.4603174603174605,0.036339754683524905,0.3139483235070429,-0.2717540967431339,203,0.17877906976744187,0.15229589040685276,15.448412698412698,-0.04042024199503336,-0.1961422408286808,-0.6676427168492243,525,0.16028769586437194,0.03747744086455129
mean_reversion,rsi_exhaustion,SLV,False,9.988095238095237,-0.023168945204477875,-0.10265165214614572,-0.47110649610682653,18.0,0.1577274533174414,-0.02037931723691344,5.4603174603174605,0.06019206976166447,0.6770581169329526,-0.17999377589519572,11,0.08866279069767442,0.15229589040685276,15.448412698412698,0.005518615359586754,0.1071530032789042,-0.47110649610682653,29,0.13331620857950166,0.03747744086455129
mean_reversion,rsi_reversion_ma_filter,SLV,False,9.988095238095237,0.047507990658470556,0.7210688929908339,-0.12513425449458704,8.0,0.04251092570520461,-0.02037931723691344,5.4603174603174605,0.028348932851471442,0.33250731071567274,-0.17121417870804856,6,0.09665697674418605,0.15229589040685276,15.448412698412698,0.04069568058507822,0.5389668470828692,-0.17121417870804878,14,0.06164911379398921,0.03747744086455129
mean_reversion,zscore_neutral_regime,SLV,False,9.988095238095237,-0.04532066254840095,-0.21422717511713188,-0.5227192147642038,51.0,0.2205005959475566,-0.02037931723691344,5.4603174603174605,0.07972030310090994,0.7214375423601946,-0.1743272151639308,26,0.17078488372093023,0.15229589040685276,15.448412698412698,-0.0028717694389835957,0.05331752631473832,-0.5227192147642038,77,0.20292833290521448,0.03747744086455129
mean_reversion,zscore_reversion,SLV,False,9.988095238095237,-0.04566600022523304,-0.19027058163154825,-0.5491976087240613,50.0,0.20858164481525626,-0.02037931723691344,5.4603174603174605,0.07232188088914371,0.5185218959366175,-0.21549860432956103,27,0.21148255813953487,0.15229589040685276,15.448412698412698,-0.00552476843601124,0.05146376562508356,-0.5491976087240613,77,0.2096069868995633,0.03747744086455129
mean_reversion,zscore_reversion_long_only,SLV,False,9.988095238095237,-0.043349842330554944,-0.1312735148626034,-0.6123770776982644,60.0,0.3917361938816051,-0.02037931723691344,5.4603174603174605,0.106209425390424,0.6966902378767622,-0.22711036211643199,31,0.282703488372093,0.15229589040685276,15.448412698412698,0.0070489262566098,0.13123588292593247,-0.6123770776982644,91,0.3531980477780632,0.03747744086455129
mean_reversion,atr_extension,SMH,False,9.988095238095237,0.056662148616348995,0.47466013924755435,-0.2682232857911564,38.0,0.1728247914183552,0.21003910566310657,5.4603174603174605,0.1038213878603893,0.6079898127908827,-0.21178131973028247,22,0.18095930232558138,0.370967714950327,15.448412698412698,0.07309604434708894,0.5249837086315883,-0.2682232857911564,60,0.17569997431286924,0.26463878293336807
mean_reversion,bollinger_reversion,SMH,False,9.988095238095237,0.028052622738645505,0.26984354078684814,-0.4007663320854741,60.0,0.2208978943186333,0.21003910566310657,5.4603174603174605,0.16040325016591783,0.8967461941126839,-0.2259681664719877,35,0.20494186046511628,0.370967714950327,15.448412698412698,0.07301256820136981,0.5294745504249329,-0.4007663320854741,95,0.21525815566401232,0.26463878293336807
mean_reversion,bollinger_reversion_long_only,SMH,False,9.988095238095237,0.038483562190605,0.3634291152983434,-0.2682232857911564,32.0,0.1279300754866905,0.21003910566310657,5.4603174603174605,0.07858905517630288,0.5667301932629272,-0.18233318092853057,17,0.11119186046511628,0.370967714950327,15.448412698412698,0.05248572931775053,0.4428689054629832,-0.2682232857911564,49,0.12201387105060364,0.26463878293336807
mean_reversion,gap_fill,SMH,False,9.988095238095237,-0.06716383535137571,-0.606652471363891,-0.5524639227026735,191.0,0.08780294000794597,0.21003910566310657,5.4603174603174605,-0.0033665929591766286,0.06977998053913147,-0.38069435645210203,184,0.16642441860465115,0.370967714950327,15.448412698412698,-0.04509502103305063,-0.27354607660196706,-0.6445711650705519,375,0.11559208836372978,0.26463878293336807
mean_reversion,rsi_exhaustion,SMH,False,9.988095238095237,0.009662619421047847,0.1502633319586829,-0.15516751503121295,11.0,0.052840683353198255,0.21003910566310657,5.4603174603174605,0.03698673795234142,0.44497695020913747,-0.08530781289096967,4,0.016715116279069766,0.370967714950327,15.448412698412698,0.01923720383924188,0.2532400679540594,-0.15516751503121295,15,0.040071923966092986,0.26463878293336807
mean_reversion,rsi_reversion_ma_filter,SMH,False,9.988095238095237,0.018561519592619202,0.2231857644054045,-0.2682232857911565,13.0,0.06952721493841875,0.21003910566310657,5.4603174603174605,0.04760228507120945,0.5105573042001886,-0.17644647903307642,7,0.04433139534883721,0.370967714950327,15.448412698412698,0.028732965296493385,0.31973652556920035,-0.2682232857911565,20,0.06062162856408939,0.26463878293336807
mean_reversion,zscore_neutral_regime,SMH,False,9.988095238095237,0.034902020926467436,0.3320268243249389,-0.28764255284500506,54.0,0.18235995232419547,0.21003910566310657,5.4603174603174605,0.03509905383180634,0.3036849207789898,-0.292029653336339,26,0.14026162790697674,0.370967714950327,15.448412698412698,0.034971658890242896,0.3198184991032083,-0.2920296533363397,80,0.16748009247367068,0.26463878293336807
mean_reversion,zscore_reversion,SMH,False,9.988095238095237,0.032148584228903765,0.2905101766947048,-0.3829407915403775,64.0,0.2693682955899881,0.21003910566310657,5.4603174603174605,0.20326117552241674,1.0086834888008236,-0.2305068624722285,37,0.2601744186046512,0.370967714950327,15.448412698412698,0.0896538781246845,0.5937672034315116,-0.3829407915403775,100,0.2661186745440534,0.26463878293336807
mean_reversion,zscore_reversion_long_only,SMH,False,9.988095238095237,0.041395256750877074,0.34860885264186736,-0.28764255284500495,55.0,0.22526817640047675,0.21003910566310657,5.4603174603174605,0.09449404094848468,0.523670825314469,-0.23312630831755177,33,0.24781976744186046,0.370967714950327,15.448412698412698,0.0598623043447748,0.41895167444078746,-0.28764255284500495,88,0.2332391471872592,0.26463878293336807
mean_reversion,atr_extension,SNOW,False,0.2976190476190476,0.0,,0.0,0.0,0.0,0.4187811821196805,5.4603174603174605,0.0838553458218887,0.40231341882656657,-0.4612982378631504,27,0.28415697674418605,-0.02218209684945127,5.757936507936508,0.07935351215879782,0.3917788415039528,-0.4612982378631504,27,0.2694693314955203,-0.00342936013130668
mean_reversion,bollinger_reversion,SNOW,False,0.2976190476190476,0.0,,0.0,0.0,0.0,0.4187811821196805,5.4603174603174605,0.07910941314095088,0.4216719563329149,-0.3141441693973537,26,0.1744186046511628,-0.02218209684945127,5.757936507936508,0.0748710750989594,0.410629803471208,-0.3141441693973537,26,0.16540317022742937,-0.00342936013130668
mean_reversion,bollinger_reversion_long_only,SNOW,False,0.2976190476190476,0.0,,0.0,0.0,0.0,0.4187811821196805,5.4603174603174605,0.024106475935306015,0.23147950931115205,-0.331482773916816,18,0.18604651162790697,-0.02218209684945127,5.757936507936508,0.022846325099302067,0.22542072295411975,-0.331482773916816,18,0.17643004824259131,-0.00342936013130668
mean_reversion,gap_fill,SNOW,False,0.2976190476190476,0.10761286308568607,0.44470373442156114,-0.1680571247766769,14.0,0.21333333333333335,0.4187811821196805,5.4603174603174605,0.08855053410048952,0.43999733753616216,-0.43910105114109055,249,0.23328488372093023,-0.02218209684945127,5.757936507936508,0.08952774775062688,0.4374521351830244,-0.4391010511410903,263,0.23225361819434873,-0.00342936013130668
mean_reversion,rsi_exhaustion,SNOW,True,0.2976190476190476,1.0212842052278988,1.7802690714310425,-0.12316224021833289,1.0,0.3333333333333333,0.4187811821196805,5.4603174603174605,0.12941243678062642,0.6007241137048214,-0.27110138141906737,12,0.11409883720930232,-0.02218209684945127,5.757936507936508,0.1639065561184907,0.6954931034853444,-0.27110138141906726,13,0.12543073742246727,-0.00342936013130668
mean_reversion,rsi_reversion_ma_filter,SNOW,False,0.2976190476190476,0.0,,0.0,0.0,0.0,0.4187811821196805,5.4603174603174605,0.0498325482201456,0.35339663056161813,-0.3664842391195584,7,0.09593023255813954,-0.02218209684945127,5.757936507936508,0.0471969545732005,0.34414424502141516,-0.3664842391195584,7,0.09097174362508614,-0.00342936013130668
mean_reversion,zscore_neutral_regime,SNOW,False,0.2976190476190476,0.0,,0.0,0.0,0.0,0.4187811821196805,5.4603174603174605,0.06303508040717554,0.379313428918079,-0.23610183957137565,20,0.13880813953488372,-0.02218209684945127,5.757936507936508,0.05968159497772407,0.3693817878597362,-0.23610183957137565,20,0.13163335630599587,-0.00342936013130668
mean_reversion,zscore_reversion,SNOW,False,0.2976190476190476,0.1268546354043938,0.9096947123033774,-0.06365584219675957,1.0,0.09333333333333334,0.4187811821196805,5.4603174603174605,0.018818616672052313,0.20151999481397795,-0.4703261296542759,26,0.18968023255813954,-0.02218209684945127,5.757936507936508,0.024140003530765952,0.22101916670696445,-0.47032612965427556,27,0.1847002067539628,-0.00342936013130668
mean_reversion,zscore_reversion_long_only,SNOW,False,0.2976190476190476,0.0,,0.0,0.0,0.0,0.4187811821196805,5.4603174603174605,-0.014763712650546434,0.14724021602436363,-0.4865021746690963,33,0.32848837209302323,-0.02218209684945127,5.757936507936508,-0.014005968512663114,0.14338679357764772,-0.4865021746690963,33,0.31150930392832527,-0.00342936013130668
mean_reversion,atr_extension,SPY,False,9.988095238095237,0.050686020575877455,0.5179118801270173,-0.27600098426839914,42.0,0.1724274930472785,0.11526693850590419,5.444444444444445,0.05453901605560252,0.5227527379388491,-0.11813002183016508,25,0.1946064139941691,0.1348302715972507,15.432539682539682,0.05204370870567132,0.5194900011001746,-0.27600098426839914,67,0.1802519928002057,0.12212988059614616
mean_reversion,bollinger_reversion,SPY,False,9.988095238095237,0.03788922233861158,0.4082333902693249,-0.30801436304589647,78.0,0.23480333730631706,0.11526693850590419,5.444444444444445,0.05410074662200559,0.56921148390519,-0.10015663718122836,36,0.23833819241982507,0.1348302715972507,15.432539682539682,0.043579821421824594,0.4639362648020479,-0.30801436304589647,114,0.23605039856004115,0.12212988059614616
mean_reversion,bollinger_reversion_long_only,SPY,False,9.988095238095237,0.03306745693390489,0.3634373196738507,-0.2760009842683989,37.0,0.13984902661899087,0.11526693850590419,5.444444444444445,0.05821597098077902,0.6483278871025151,-0.10042538080977692,17,0.11151603498542274,0.1348302715972507,15.432539682539682,0.041870626616851814,0.45648426920702145,-0.2760009842683989,54,0.12985343275906402,0.12212988059614616
mean_reversion,gap_fill,SPY,False,9.988095238095237,-0.018966024675144633,-0.25788816305527346,-0.22788936548661343,92.0,0.04211362733412793,0.11526693850590419,5.444444444444445,-0.023431540956793784,-0.32933327366586174,-0.20925808407412538,69,0.0575801749271137,0.1348302715972507,15.432539682539682,-0.02054374017447147,-0.28305231863033575,-0.3523455605188244,161,0.04757006942658781,0.12212988059614616
mean_reversion,rsi_exhaustion,SPY,False,9.988095238095237,-0.0003168360270316972,0.038751967365123506,-0.275169176002669,13.0,0.05085419149781486,0.11526693850590419,5.444444444444445,0.03609485510976396,0.6297167933072292,-0.054459019100708606,7,0.029154518950437316,0.1348302715972507,15.432539682539682,0.01238038981248546,0.2002281752387851,-0.275169176002669,20,0.04319876574955001,0.12212988059614616
mean_reversion,rsi_reversion_ma_filter,SPY,False,9.988095238095237,0.011582289362460862,0.1846972246990268,-0.27600098426839914,15.0,0.07032181168057211,0.11526693850590419,5.444444444444445,0.012742277847542338,0.19430395437869724,-0.1794592095487496,9,0.08309037900874636,0.1348302715972507,15.432539682539682,0.011991369845220534,0.1881604344201635,-0.27600098426839914,24,0.07482643353047055,0.12212988059614616
mean_reversion,zscore_neutral_regime,SPY,False,9.988095238095237,0.005665638110172511,0.10706353655896322,-0.3380730154433714,59.0,0.17004370282081843,0.11526693850590419,5.444444444444445,0.04737204899639602,0.6605835273794189,-0.0705900336106634,35,0.16326530612244897,0.1348302715972507,15.432539682539682,0.02018615407450164,0.262003279790696,-0.3380730154433714,94,0.1676523527899203,0.12212988059614616
mean_reversion,zscore_reversion,SPY,False,9.988095238095237,0.014328485133671354,0.18512620924874656,-0.33874075613257826,76.0,0.28128724672228844,0.11526693850590419,5.444444444444445,0.056193027660448536,0.5842984985862185,-0.1634249365531555,36,0.27769679300291544,0.1348302715972507,15.432539682539682,0.02890496260578268,0.31963672277631744,-0.33874075613257826,112,0.2800205708408331,0.12212988059614616
mean_reversion,zscore_reversion_long_only,SPY,False,9.988095238095237,0.05001343872870834,0.48242178583561607,-0.30817096417831935,61.0,0.22328168454509337,0.11526693850590419,5.444444444444445,0.029708280972818413,0.2998644917362293,-0.1521188155549077,32,0.24052478134110788,0.1348302715972507,15.432539682539682,0.04280467358803541,0.4151592342567333,-0.30817096417831935,93,0.22936487528927746,0.12212988059614616
mean_reversion,atr_extension,XBI,False,9.988095238095237,0.05048105872924924,0.3520240296604431,-0.30367563608530423,38.0,0.18673023440603895,0.20969385898032877,5.4603174603174605,0.006709736781689735,0.12559059613611126,-0.3402923790999429,19,0.2180232558139535,0.01823563861641264,15.448412698412698,0.03479657003113967,0.2770409017361787,-0.3548087242622815,57,0.1977909067557154,0.1382232177629894
mean_reversion,bollinger_reversion,XBI,False,9.988095238095237,-0.010802757557256348,0.03134397417468804,-0.3961007140225351,58.0,0.21493841875248312,0.20969385898032877,5.4603174603174605,0.018452870316770786,0.20407444275455228,-0.23638230802676818,23,0.14462209302325582,0.01823563861641264,15.448412698412698,-0.0005595020670839945,0.08001229795843764,-0.4096719210911771,80,0.19008476753146675,0.1382232177629894
mean_reversion,bollinger_reversion_long_only,XBI,False,9.988095238095237,0.01761384519219744,0.18874202002751744,-0.30036571821548086,31.0,0.15494636471990464,0.20969385898032877,5.4603174603174605,-0.0023312663667005573,0.07401312078954121,-0.27458535952028607,16,0.18386627906976744,0.01823563861641264,15.448412698412698,0.01051899295608072,0.14662303241199762,-0.30036571821548086,47,0.1651682507063961,0.1382232177629894
mean_reversion,gap_fill,XBI,False,9.988095238095237,-0.022662020379886072,-0.10194176745428894,-0.45645363793764615,166.0,0.07310290027810885,0.20969385898032877,5.4603174603174605,-0.009906011032113748,-0.011134292022836608,-0.31068598940817405,109,0.09665697674418605,0.01823563861641264,15.448412698412698,-0.01817223440257798,-0.0706517806032002,-0.45645363793764615,275,0.08142820446956076,0.1382232177629894
mean_reversion,rsi_exhaustion,XBI,False,9.988095238095237,0.01843959055302702,0.19803146828720314,-0.27644358498754873,13.0,0.05959475566150179,0.20969385898032877,5.4603174603174605,0.02041476668737663,0.2174611858711609,-0.13761779695199317,8,0.09011627906976744,0.01823563861641264,15.448412698412698,0.019137289036380345,0.20448767071362403,-0.27644358498754873,21,0.07038273824813768,0.1382232177629894
mean_reversion,rsi_reversion_ma_filter,XBI,False,9.988095238095237,0.02374219591676341,0.24968446229179123,-0.2622303638588217,12.0,0.07111640842272547,0.20969385898032877,5.4603174603174605,0.010640793361590406,0.1760101576395586,-0.13982250733013735,2,0.036337209302325583,0.01823563861641264,15.448412698412698,0.019092147126478,0.22610177897050124,-0.2622303638588217,14,0.058823529411764705,0.1382232177629894
mean_reversion,zscore_neutral_regime,XBI,False,9.988095238095237,0.06639659188878921,0.4573223297255615,-0.395265496418724,66.0,0.2022248708780294,0.20969385898032877,5.4603174603174605,0.03383578974901025,0.28808989960370035,-0.2738502262843139,27,0.16787790697674418,0.01823563861641264,15.448412698412698,0.054772274204689664,0.40033231018592835,-0.395265496418724,93,0.19008476753146675,0.1382232177629894
mean_reversion,zscore_reversion,XBI,False,9.988095238095237,0.012119109788207849,0.15807011972654383,-0.3492737357134805,58.0,0.2471195868096941,0.20969385898032877,5.4603174603174605,0.027510317567916553,0.2562433556617968,-0.3042495832946407,26,0.19476744186046513,0.01823563861641264,15.448412698412698,0.017532685475367682,0.1868860569729401,-0.43058324822445826,83,0.22861546365271,0.1382232177629894
mean_reversion,zscore_reversion_long_only,XBI,False,9.988095238095237,0.09084015422239267,0.5146776325086905,-0.3110642773273974,67.0,0.26777910210568134,0.20969385898032877,5.4603174603174605,0.043095578777254895,0.30579556824289317,-0.3036506281016059,35,0.3125,0.01823563861641264,15.448412698412698,0.07371991610847362,0.44144309436400886,-0.3110642773273974,102,0.2835859234523504,0.1382232177629894
mean_reversion,atr_extension,XHB,False,9.988095238095237,0.030357709672574895,0.2690580259754544,-0.479159661231248,38.0,0.1760031783869686,0.12746863528360453,5.4603174603174605,0.04767915394007205,0.40741953015400895,-0.21546352507463307,22,0.20712209302325582,0.13600040404228353,15.448412698412698,0.03644709066107943,0.31315410942587507,-0.479159661231248,60,0.18700231184176727,0.1304768844608004
mean_reversion,bollinger_reversion,XHB,False,9.988095238095237,0.03371206264130944,0.297136342756086,-0.46525870518639967,65.0,0.22129519268970999,0.12746863528360453,5.4603174603174605,0.06034409903528015,0.5430603234330068,-0.13179431481059534,28,0.17950581395348839,0.13600040404228353,15.448412698412698,0.04304797767756652,0.37115710450638995,-0.46525870518639967,93,0.20652453120986386,0.1304768844608004
mean_reversion,bollinger_reversion_long_only,XHB,False,9.988095238095237,-0.007952539016735649,0.0204957770891674,-0.511462714171905,25.0,0.11918951132300358,0.12746863528360453,5.4603174603174605,0.10237043757773767,0.917364410177833,-0.09613532436721006,16,0.11409883720930232,0.13600040404228353,15.448412698412698,0.02971954521688991,0.2827151918999621,-0.511462714171905,41,0.11739018751605446,0.1304768844608004
mean_reversion,gap_fill,XHB,False,9.988095238095237,-0.04416635351000642,-0.3392818915979138,-0.44271212971638485,130.0,0.061183949145808506,0.12746863528360453,5.4603174603174605,-0.03110727375570954,-0.2857346719469851,-0.26506142926119614,118,0.09883720930232558,0.13600040404228353,15.448412698412698,-0.039570792669522126,-0.32140799964016764,-0.5765735646288433,248,0.07449267916773697,0.1304768844608004
mean_reversion,rsi_exhaustion,XHB,False,9.988095238095237,-0.011483680474944968,-0.02460278137706137,-0.39875304017725133,13.0,0.06237584425903854,0.12746863528360453,5.4603174603174605,0.07502061794123938,0.8647234836139348,-0.06771636755766741,9,0.06395348837209303,0.13600040404228353,15.448412698412698,0.018266014327585456,0.2140367083338621,-0.39875304017725133,22,0.06293347033136398,0.1304768844608004
mean_reversion,rsi_reversion_ma_filter,XHB,False,9.988095238095237,-0.0045953486637900776,0.02272633340856082,-0.47954212678068664,10.0,0.06197854588796186,0.12746863528360453,5.4603174603174605,0.04698716726970442,0.7338988754923564,-0.09810267285370311,9,0.06031976744186047,0.13600040404228353,15.448412698412698,0.013339717625344027,0.17941679695316284,-0.47954212678068664,19,0.06139224248651426,0.1304768844608004
mean_reversion,zscore_neutral_regime,XHB,False,9.988095238095237,0.019296006456866355,0.20818303325618595,-0.5079861443953821,60.0,0.18275725069527216,0.12746863528360453,5.4603174603174605,0.022340288290524146,0.2654241064033328,-0.14359117412869904,27,0.16351744186046513,0.13600040404228353,15.448412698412698,0.020370985649289075,0.22287970421855718,-0.5079861443953821,87,0.17595684562034422,0.1304768844608004
mean_reversion,zscore_reversion,XHB,False,9.988095238095237,-0.004110873999817133,0.05409084628568578,-0.5707751806809851,59.0,0.2522844656336909,0.12746863528360453,5.4603174603174605,0.07011857772673502,0.5922651542935676,-0.18885172053012,31,0.21729651162790697,0.13600040404228353,15.448412698412698,0.02151835774784816,0.21782865798097195,-0.5707751806809851,90,0.23991780118160802,0.1304768844608004
mean_reversion,zscore_reversion_long_only,XHB,False,9.988095238095237,0.01689202544312729,0.1839512044774695,-0.5347576009956501,56.0,0.26102502979737785,0.12746863528360453,5.4603174603174605,0.10958019146211107,0.7165044690507003,-0.2154635250746333,37,0.30959302325581395,0.13600040404228353,15.448412698412698,0.04873334278286778,0.3679372064374971,-0.5347576009956501,93,0.27819162599537633,0.1304768844608004
mean_reversion,atr_extension,XLB,False,9.988095238095237,0.0340499465403894,0.30850707012357265,-0.35439772535716507,41.0,0.1950735001986492,0.06550681494213428,5.4523809523809526,0.10629422615554263,0.9981163939964084,-0.10381457496085944,32,0.25181950509461426,0.06552251183314306,15.44047619047619,0.05900569255105581,0.5053981081003082,-0.35439772535716507,73,0.2151117964533539,0.0655123578425405
mean_reversion,bollinger_reversion,XLB,False,9.988095238095237,-0.007449753275744264,0.017370308818732187,-0.34273990425594136,66.0,0.24394119984108065,0.06550681494213428,5.4523809523809526,0.021606703549024164,0.25722397305126177,-0.17026168564950517,34,0.22270742358078602,0.06552251183314306,15.44047619047619,0.0027151180212083847,0.08621163115345175,-0.34273990425594136,100,0.23644307375995888,0.0655123578425405
mean_reversion,bollinger_reversion_long_only,XLB,False,9.988095238095237,-0.0005989043050973475,0.06590522521054587,-0.3560766700822726,31.0,0.1430274135876043,0.06550681494213428,5.4523809523809526,0.09688591643788169,1.0190635346897863,-0.10092555860621655,24,0.17540029112081515,0.06552251183314306,15.44047619047619,0.032793783417515376,0.3234368551446478,-0.3560766700822726,55,0.15445900796710357,0.0655123578425405
mean_reversion,gap_fill,XLB,False,9.988095238095237,-0.05327480885889946,-0.4728013004975516,-0.48336858658605975,133.0,0.05919745729042511,0.06550681494213428,5.4523809523809526,-0.04056206774869453,-0.6141429153560818,-0.2641352223359196,81,0.06841339155749636,0.06552251183314306,15.44047619047619,-0.04880500751317385,-0.4974091044440252,-0.5905997146641662,214,0.06245181187355436,0.0655123578425405
mean_reversion,rsi_exhaustion,XLB,False,9.988095238095237,0.00300045330323373,0.08614486427216432,-0.3445326790139793,14.0,0.06714342471195868,0.06550681494213428,5.4523809523809526,0.0359278084402479,0.53686779391394,-0.07185860934714638,10,0.07787481804949054,0.06552251183314306,15.44047619047619,0.014506562947490531,0.1923633679658893,-0.3445326790139793,24,0.07093292212798766,0.0655123578425405
mean_reversion,rsi_reversion_ma_filter,XLB,False,9.988095238095237,0.025093828722903444,0.5205572457184646,-0.08636645426054124,11.0,0.04529201430274136,0.06550681494213428,5.4523809523809526,0.04133000745634341,0.9379221642439626,-0.05655351999279201,8,0.06914119359534207,0.06552251183314306,15.44047619047619,0.030798071761165335,0.6554064436767311,-0.08636645426054124,19,0.053713698278077614,0.0655123578425405
mean_reversion,zscore_neutral_regime,XLB,False,9.988095238095237,-0.0005457549934487771,0.06257370629794912,-0.35052845403412736,64.0,0.1911005164878824,0.06550681494213428,5.4523809523809526,0.013341369053487373,0.1766151733670988,-0.12677395222437937,37,0.23508005822416303,0.06552251183314306,15.44047619047619,0.004336230439681454,0.09786677948413275,-0.35052845403412736,101,0.20663068619892058,0.0655123578425405
mean_reversion,zscore_reversion,XLB,False,9.988095238095237,-0.007670933152839399,0.01626117435927108,-0.37802077121636446,66.0,0.2634088200238379,0.06550681494213428,5.4523809523809526,0.009870795736947935,0.1456851692685098,-0.16122131263149697,31,0.2438136826783115,0.06552251183314306,15.44047619047619,-0.0015116292614010263,0.05365616716509852,-0.37802077121636446,97,0.2564893343613467,0.0655123578425405
mean_reversion,zscore_reversion_long_only,XLB,False,9.988095238095237,0.016923079559049148,0.18815292044897153,-0.3781865317695252,61.0,0.25148986889153757,0.06550681494213428,5.4523809523809526,0.026858310949614106,0.2758469188626375,-0.15046711169942717,36,0.3245997088791849,0.06552251183314306,15.44047619047619,0.02042040701518033,0.21439456322944858,-0.3781865317695252,97,0.2773066049858648,0.0655123578425405
mean_reversion,atr_extension,XLC,False,2.5396825396825395,0.04600094837819335,0.34417497951749,-0.2574400292388237,11.0,0.2359375,0.12586303794533404,5.4603174603174605,0.05367000170600811,0.46281366694635917,-0.26491579978883173,25,0.19694767441860464,0.08656133218728135,8.0,0.051229309428945546,0.41296211502413077,-0.26578051253304835,36,0.20932539682539683,0.09887387640187861
mean_reversion,bollinger_reversion,XLC,False,2.5396825396825395,-0.03309522486548211,-0.09134851945238108,-0.27610241574414207,16.0,0.246875,0.12586303794533404,5.4603174603174605,0.07333712766786826,0.7238683313958771,-0.12765325029768582,33,0.19694767441860464,0.08656133218728135,8.0,0.03833752613072239,0.3471938656551182,-0.27610241574414207,48,0.21279761904761904,0.09887387640187861
mean_reversion,bollinger_reversion_long_only,XLC,False,2.5396825396825395,0.04377107843078454,0.34318200512560104,-0.2574400292388239,10.0,0.1515625,0.12586303794533404,5.4603174603174605,0.0492409016629618,0.5092404591937715,-0.10131454000367646,14,0.11991279069767442,0.08656133218728135,8.0,0.04750135148882162,0.42825871293830997,-0.2574400292388239,24,0.12996031746031747,0.09887387640187861
mean_reversion,gap_fill,XLC,False,2.5396825396825395,-0.08795294183606595,-0.7300236477242501,-0.24232616437860588,46.0,0.078125,0.12586303794533404,5.4603174603174605,-0.051832134146696185,-0.6884845731784608,-0.32766642020038017,85,0.07194767441860465,0.08656133218728135,8.0,-0.06345140531800963,-0.688295014876905,-0.4601677179202074,131,0.07390873015873016,0.09887387640187861
mean_reversion,rsi_exhaustion,XLC,False,2.5396825396825395,0.030085467190710702,0.27551938451956637,-0.24871652011986212,5.0,0.0671875,0.12586303794533404,5.4603174603174605,0.039551820128288506,0.5440692389571552,-0.06641428699056107,9,0.04796511627906977,0.08656133218728135,8.0,0.036537241595892445,0.3947274883307303,-0.24871652011986212,14,0.05406746031746032,0.09887387640187861
mean_reversion,rsi_reversion_ma_filter,XLC,False,2.5396825396825395,-0.039347833871868465,-0.19193824845675533,-0.2574400292388239,2.0,0.059375,0.12586303794533404,5.4603174603174605,0.03949237770285663,1.1407884289765218,-0.030362217147949844,7,0.0377906976744186,0.08656133218728135,8.0,0.013786866364495554,0.19968934959197182,-0.2574400292388239,9,0.044642857142857144,0.09887387640187861
mean_reversion,zscore_neutral_regime,XLC,False,2.5396825396825395,0.011179871255303064,0.15137932176601956,-0.2574400292388239,12.0,0.1078125,0.12586303794533404,5.4603174603174605,0.044031919030594224,0.482069957088131,-0.10762818619162517,32,0.15479651162790697,0.08656133218728135,8.0,0.03348868338246902,0.33562493971734014,-0.2574400292388239,44,0.13988095238095238,0.09887387640187861
mean_reversion,zscore_reversion,XLC,False,2.5396825396825395,-0.014062635347393826,0.012230611881371587,-0.25744002923882414,15.0,0.240625,0.12586303794533404,5.4603174603174605,0.058756422343624326,0.5688937017152774,-0.1276532502976856,33,0.21656976744186046,0.08656133218728135,8.0,0.03507471180818533,0.32155750166368363,-0.25744002923882414,47,0.22420634920634921,0.09887387640187861
mean_reversion,zscore_reversion_long_only,XLC,False,2.5396825396825395,0.045928070434055446,0.33785068828044057,-0.25744002923882425,13.0,0.2671875,0.12586303794533404,5.4603174603174605,0.011170053887443965,0.14907980934948223,-0.35263059156047494,29,0.2601744186046512,0.08656133218728135,8.0,0.02207734281347218,0.21836028296093168,-0.3526305915604745,42,0.26240079365079366,0.09887387640187861
mean_reversion,atr_extension,XLF,False,9.988095238095237,0.03126055021595531,0.2852954223055067,-0.38204800536027816,44.0,0.19944378228049264,0.0857879928830465,5.4523809523809526,0.09216519261566969,0.8457335639754756,-0.14132143355805438,26,0.21397379912663755,0.11634183363767647,15.44047619047619,0.05236935686662325,0.4475479795453423,-0.38204800536027816,70,0.20457465947057313,0.09648053520727351
mean_reversion,bollinger_reversion,XLF,False,9.988095238095237,-0.005608435194416006,0.024474155164693957,-0.39601970100955497,67.0,0.22288438617401668,0.0857879928830465,5.4523809523809526,0.07446895959063582,0.7265271586604238,-0.1505664556461872,36,0.21397379912663755,0.11634183363767647,15.44047619047619,0.021963109770342104,0.23819543738260474,-0.39601970100955497,103,0.2197378565921357,0.09648053520727351
mean_reversion,bollinger_reversion_long_only,XLF,False,9.988095238095237,0.017465999112181274,0.1949336527340959,-0.382658442753787,36.0,0.14978148589590784,0.0857879928830465,5.4523809523809526,0.05806254590428739,0.599632224686158,-0.09012618921706439,20,0.16812227074235808,0.11634183363767647,15.44047619047619,0.0316205033408945,0.30859222598449426,-0.382658442753787,56,0.1562580313544076,0.09648053520727351
mean_reversion,gap_fill,XLF,False,9.988095238095237,-0.0539915677772943,-0.44484995933723936,-0.4447621952022247,161.0,0.07310290027810885,0.0857879928830465,5.4523809523809526,-0.030170602163360538,-0.3769401060357957,-0.21197158161642893,73,0.06186317321688501,0.11634183363767647,15.44047619047619,-0.04564742318094428,-0.4200096165537754,-0.548151314236037,234,0.06913389874068362,0.09648053520727351
mean_reversion,rsi_exhaustion,XLF,False,9.988095238095237,-0.02126636677051108,-0.12064829515714172,-0.3692000285789745,12.0,0.06754072308303535,0.0857879928830465,5.4523809523809526,0.041598709223402475,0.5327870578542646,-0.08057268438926668,10,0.07423580786026202,0.11634183363767647,15.44047619047619,0.0004871312835073027,0.058855008282773645,-0.3692000285789745,22,0.06990490876381393,0.09648053520727351
mean_reversion,rsi_reversion_ma_filter,XLF,False,9.988095238095237,-0.0014006175945225907,0.04040369217893147,-0.3758630483842301,12.0,0.07151370679380215,0.0857879928830465,5.4523809523809526,0.030188406741930685,0.923580871704479,-0.03623329986395152,6,0.03784570596797671,0.11634183363767647,15.44047619047619,0.009641992183975656,0.15463415675604714,-0.3758630483842301,18,0.05962477512207659,0.09648053520727351
mean_reversion,zscore_neutral_regime,XLF,False,9.988095238095237,0.01877182233761765,0.2126886524036674,-0.3820480053602785,68.0,0.18871672626142233,0.0857879928830465,5.4523809523809526,0.0729481936915799,0.7608677853544663,-0.16612847291084776,34,0.17976710334788937,0.11634183363767647,15.44047619047619,0.037582954448575956,0.3764427447296237,-0.3820480053602785,102,0.18555641223335903,0.09648053520727351
mean_reversion,zscore_reversion,XLF,False,9.988095238095237,0.0009700166605381977,0.07666721730264753,-0.3820480053602783,65.0,0.26460071513706795,0.0857879928830465,5.4523809523809526,0.04956357244428178,0.4996675637821487,-0.21758242736106803,32,0.23580786026200873,0.11634183363767647,15.44047619047619,0.01786702175975896,0.2032038949441954,-0.3820480053602783,97,0.2544333076329992,0.09648053520727351
mean_reversion,zscore_reversion_long_only,XLF,False,9.988095238095237,0.04131404051497545,0.3399948298703742,-0.3820480053602784,62.0,0.2614223281684545,0.0857879928830465,5.4523809523809526,0.08343567698953835,0.7149739107122395,-0.1716746307870285,34,0.2663755458515284,0.11634183363767647,15.44047619047619,0.05599774927882817,0.4507574907917646,-0.3820480053602784,96,0.263171421228476,0.09648053520727351
mean_reversion,atr_extension,XLI,False,9.988095238095237,0.0494091084436965,0.4627141179949003,-0.3528938505192375,42.0,0.17679777512912198,0.09779665969711493,5.4523809523809526,0.051908939535473486,0.5237202789889587,-0.13553838021834197,24,0.19359534206695778,0.13919311543334478,15.44047619047619,0.0502911760296505,0.4822157515655131,-0.3528938505192375,66,0.18272937548188126,0.11223999649609362
mean_reversion,bollinger_reversion,XLI,False,9.988095238095237,-0.006143191720183072,0.006192750324399385,-0.436072616573162,64.0,0.23400874056416368,0.09779665969711493,5.4523809523809526,0.062028286742522365,0.6550418524994498,-0.08859672193982882,37,0.2081513828238719,0.13919311543334478,15.44047619047619,0.01741486708571749,0.21151375705605088,-0.436072616573162,101,0.22487792341300436,0.11223999649609362
mean_reversion,bollinger_reversion_long_only,XLI,False,9.988095238095237,0.01857505055693842,0.2138329590301932,-0.3528938505192377,34.0,0.1430274135876043,0.09779665969711493,5.4523809523809526,0.07477255037521702,0.8426274910096159,-0.0951598853974076,20,0.12663755458515283,0.13919311543334478,15.44047619047619,0.03807587991605188,0.3934995974217761,-0.3528938505192377,54,0.13723978411719354,0.11223999649609362
mean_reversion,gap_fill,XLI,False,9.988095238095237,-0.033422781172127713,-0.32961929137815416,-0.334428054719184,118.0,0.055224473579658324,0.09779665969711493,5.4523809523809526,-0.029958823424798053,-0.4737940199083634,-0.2177374745966686,64,0.053857350800582245,0.13919311543334478,15.44047619047619,-0.03220099449229108,-0.3622100223677219,-0.4332693757439522,182,0.05474171164225135,0.11223999649609362
mean_reversion,rsi_exhaustion,XLI,False,9.988095238095237,-0.0077745785411593715,-0.031890256363480064,-0.367883904810386,13.0,0.05164878823996821,0.09779665969711493,5.4523809523809526,0.034513041325265226,0.6051553785038725,-0.04800064040522023,7,0.03566229985443959,0.13919311543334478,15.44047619047619,0.006956977670707465,0.12439556043831194,-0.367883904810386,20,0.046003598046774605,0.11223999649609362
mean_reversion,rsi_reversion_ma_filter,XLI,False,9.988095238095237,0.02248698081256495,0.542576388302198,-0.05884011615672746,12.0,0.05085419149781486,0.09779665969711493,5.4523809523809526,0.027020158564134977,0.5984438550533192,-0.050950868378573544,7,0.06186317321688501,0.13919311543334478,15.44047619047619,0.024085458418049877,0.5629955230172913,-0.05884011615672746,19,0.05474171164225135,0.11223999649609362
mean_reversion,zscore_neutral_regime,XLI,False,9.988095238095237,0.021511760095957122,0.24704724872931327,-0.4114652663804299,71.0,0.18792212951926898,0.09779665969711493,5.4523809523809526,0.07652405800212292,0.7770114040503395,-0.08955164126446835,41,0.20014556040756915,0.13919311543334478,15.44047619047619,0.04060913422854506,0.4221801919406871,-0.4114652663804299,112,0.19223849910048832,0.11223999649609362
mean_reversion,zscore_reversion,XLI,False,9.988095238095237,0.0031851147068484575,0.08796384178161776,-0.4919111905022656,66.0,0.27175208581644816,0.09779665969711493,5.4523809523809526,0.07568542157493607,0.7913440756511728,-0.10178996503903381,36,0.2328966521106259,0.13919311543334478,15.44047619047619,0.02821084026086318,0.29983564113809225,-0.4919111905022656,102,0.25803135440760727,0.11223999649609362
mean_reversion,zscore_reversion_long_only,XLI,False,9.988095238095237,0.047637263526911555,0.4165569953887292,-0.38121449303083754,68.0,0.25148986889153757,0.09779665969711493,5.4523809523809526,0.0922564677163571,0.8085255633564884,-0.1355383802183422,40,0.2627365356622999,0.13919311543334478,15.44047619047619,0.063181203172749,0.5431870171489185,-0.38121449303083754,108,0.25546132099717295,0.11223999649609362
mean_reversion,atr_extension,XLK,False,9.988095238095237,0.04688988936721694,0.4360163654555813,-0.2480587082747967,38.0,0.15812475168851808,0.17859109679812768,5.4523809523809526,0.056231663682828836,0.4291570376009903,-0.20788284238855903,22,0.20451237263464336,0.20908678344991727,15.44047619047619,0.05017920643993157,0.4303151650023921,-0.2480587082747967,60,0.17450526856849138,0.18927094919385312
mean_reversion,bollinger_reversion,XLK,False,9.988095238095237,0.043281785772760095,0.39451834793660145,-0.26510031555029023,71.0,0.23122765196662692,0.17859109679812768,5.4523809523809526,0.07854426560127914,0.6349428904295048,-0.16577308804996937,36,0.2096069868995633,0.20908678344991727,15.44047619047619,0.05560010847942887,0.48124551283980554,-0.26510031555029023,107,0.2235929067077872,0.18927094919385312
mean_reversion,bollinger_reversion_long_only,XLK,False,9.988095238095237,0.044003204102356586,0.4372822134203751,-0.2480587082747966,29.0,0.10409217322208979,0.17859109679812768,5.4523809523809526,0.041858566773285144,0.4092276340234097,-0.1732725209439201,11,0.08660844250363901,0.20908678344991727,15.44047619047619,0.043245380464612015,0.4272090155535915,-0.2480587082747966,40,0.09791827293754819,0.18927094919385312
mean_reversion,gap_fill,XLK,False,9.988095238095237,-0.04339452115053932,-0.43917069832581657,-0.40493735826742827,119.0,0.05403257846642829,0.17859109679812768,5.4523809523809526,-0.007270733417537367,-0.018083769910451925,-0.2974174164778962,122,0.10116448326055313,0.20908678344991727,15.44047619047619,-0.030791045760849234,-0.277178044847264,-0.48503372377656284,241,0.07067591878694424,0.18927094919385312
mean_reversion,rsi_exhaustion,XLK,False,9.988095238095237,0.04715186508247471,0.7796942159442224,-0.06930146555295491,14.0,0.04568931267381804,0.17859109679812768,5.4523809523809526,0.033305114914851996,0.46001020443051127,-0.07705343984859303,5,0.018195050946142648,0.20908678344991727,15.44047619047619,0.04224119926382275,0.6450718701095602,-0.07705343984859314,19,0.0359804677460807,0.18927094919385312
mean_reversion,rsi_reversion_ma_filter,XLK,False,9.988095238095237,0.017653685466694657,0.23016861604097477,-0.2480587082747966,14.0,0.07111640842272547,0.17859109679812768,5.4523809523809526,0.050525019526772574,0.6989276316770533,-0.12048576376638953,10,0.06695778748180495,0.20908678344991727,15.44047619047619,0.029142131897376355,0.36662768780793825,-0.2480587082747966,24,0.0696479054227705,0.18927094919385312
mean_reversion,zscore_neutral_regime,XLK,False,9.988095238095237,0.021318459600817796,0.23839498772144213,-0.3129165972767326,62.0,0.15931664680174812,0.17859109679812768,5.4523809523809526,0.038064444806305,0.3942993651522681,-0.17522512534983448,32,0.1586608442503639,0.20908678344991727,15.44047619047619,0.02720076440383412,0.2908845259641631,-0.3129165972767326,94,0.15908506810588538,0.18927094919385312
mean_reversion,zscore_reversion,XLK,False,9.988095238095237,0.013426011861696896,0.16764164219182626,-0.2876068756185908,64.0,0.26102502979737785,0.17859109679812768,5.4523809523809526,0.07590785397567079,0.5849865778570875,-0.22807763631162903,38,0.2561863173216885,0.20908678344991727,15.44047619047619,0.035064091574936285,0.32179754665268406,-0.2876068756185908,102,0.25931637111282446,0.18927094919385312
mean_reversion,zscore_reversion_long_only,XLK,False,9.988095238095237,0.05434586594449664,0.4764197827203136,-0.26659759582993503,59.0,0.2133492252681764,0.17859109679812768,5.4523809523809526,0.06146086478562607,0.44373241184097806,-0.20788284238855936,32,0.25254730713246,0.20908678344991727,15.44047619047619,0.056852869161071906,0.45958927067684696,-0.26659759582993503,91,0.22719095348239526,0.18927094919385312
mean_reversion,atr_extension,XLP,False,9.988095238095237,0.02493526189221207,0.3251262848657935,-0.17630218649085905,40.0,0.17361938816050854,0.08702555717011995,5.4523809523809526,0.03520677800091532,0.5548124806151454,-0.1396876002733496,25,0.22197962154294032,0.04206367308455672,15.44047619047619,0.028550673695916684,0.38908463711570074,-0.17630218649085905,65,0.1906964790542277,0.07093113514860061
mean_reversion,bollinger_reversion,XLP,False,9.988095238095237,0.02665455459625732,0.3803538454704508,-0.10810768551709926,69.0,0.20897894318633295,0.08702555717011995,5.4523809523809526,0.00019813086823350368,0.035489085672966936,-0.13462654069571278,36,0.2321688500727802,0.04206367308455672,15.44047619047619,0.017233205666592255,0.27067058259534577,-0.13462654069571267,105,0.21716782318170136,0.07093113514860061
mean_reversion,bollinger_reversion_long_only,XLP,False,9.988095238095237,0.0345960227662907,0.4915405790180938,-0.09618737175402314,36.0,0.14064362336114422,0.08702555717011995,5.4523809523809526,0.050984614408919215,0.8453989541042226,-0.07236123426560503,24,0.1717612809315866,0.04206367308455672,15.44047619047619,0.04035380950702061,0.5977670988315343,-0.09618737175402314,60,0.1516319712156258,0.07093113514860061
mean_reversion,gap_fill,XLP,False,9.988095238095237,-0.007170173156659132,-0.11464586291971417,-0.21250137118844892,49.0,0.02185141040921732,0.08702555717011995,5.4523809523809526,-0.015722478562609554,-0.7792489071691491,-0.08891357962637714,21,0.01601164483260553,0.04206367308455672,15.44047619047619,-0.010198639541170063,-0.21742720740667545,-0.22549446171805965,70,0.019789257260344386,0.07093113514860061
mean_reversion,rsi_exhaustion,XLP,False,9.988095238095237,0.02781249741199532,0.47757634002878213,-0.093364784991393,17.0,0.057210965435041714,0.08702555717011995,5.4523809523809526,0.020440436622550795,0.538216162729877,-0.048612156753885194,9,0.06841339155749636,0.04206367308455672,15.44047619047619,0.02520319308758956,0.48362949058215093,-0.093364784991393,26,0.06116679516833719,0.07093113514860061
mean_reversion,rsi_reversion_ma_filter,XLP,False,9.988095238095237,0.013052377174665564,0.3124426413573282,-0.09841905750795543,13.0,0.06912991656734208,0.08702555717011995,5.4523809523809526,0.018448136887451172,0.5633278342677761,-0.046378205819649465,10,0.08151382823871907,0.04206367308455672,15.44047619047619,0.014954468991695391,0.381910044440844,-0.09841905750795543,23,0.073502955538422,0.07093113514860061
mean_reversion,zscore_neutral_regime,XLP,False,9.988095238095237,0.022416342437392878,0.30791666032192316,-0.18120152714583337,65.0,0.18196265395311878,0.08702555717011995,5.4523809523809526,0.023808986211338645,0.3672367307288394,-0.11701763097505591,42,0.25327510917030566,0.04206367308455672,15.44047619047619,0.022907899920942665,0.3258112936833543,-0.18120152714583337,107,0.20714469288100745,0.07093113514860061
mean_reversion,zscore_reversion,XLP,False,9.988095238095237,0.01611446991301646,0.23250458517806286,-0.12687898244003004,65.0,0.24195470798569726,0.08702555717011995,5.4523809523809526,-0.03369057674417231,-0.4378297414858752,-0.23889266764206663,34,0.27438136826783116,0.04206367308455672,15.44047619047619,-0.0017593903055009852,0.01836137270719335,-0.23889266764206563,99,0.2534052942688255,0.07093113514860061
mean_reversion,zscore_reversion_long_only,XLP,False,9.988095238095237,0.031863113662513154,0.3869852826984821,-0.17774167945586772,63.0,0.23798172427493047,0.08702555717011995,5.4523809523809526,0.0148035341602466,0.22104553951099828,-0.16482545739277144,35,0.3078602620087336,0.04206367308455672,15.44047619047619,0.025806482091603078,0.33242062526260746,-0.17774167945586772,98,0.2626574145463891,0.07093113514860061
mean_reversion,atr_extension,XLRE,False,5.23015873015873,0.03633276554807896,0.34364516052664823,-0.3246259458620646,23.0,0.21396054628224584,0.03717943745417096,5.4603174603174605,0.017545937145939883,0.2112007384081574,-0.2386219355152167,23,0.20930232558139536,0.03978467469368052,10.69047619047619,0.02669417853893541,0.2798147180902004,-0.3246259458620646,46,0.21158129175946547,0.038509778107380654
mean_reversion,bollinger_reversion,XLRE,False,5.23015873015873,-0.0035596768523346034,0.0240329286832903,-0.2838316219463104,31.0,0.19271623672230653,0.03717943745417096,5.4603174603174605,-0.02302453886741962,-0.19621531632112965,-0.29214851501944716,31,0.21584302325581395,0.03978467469368052,10.69047619047619,-0.013549614150371703,-0.08011645187940919,-0.3473479448775407,62,0.20452858203414997,0.038509778107380654
mean_reversion,bollinger_reversion_long_only,XLRE,False,5.23015873015873,0.04848790226331601,0.4758170689415574,-0.22227730426061088,18.0,0.15174506828528073,0.03717943745417096,5.4603174603174605,0.016150595327889095,0.20769613578366375,-0.17084574876619574,18,0.1373546511627907,0.03978467469368052,10.69047619047619,0.031844593362007956,0.3450962513174249,-0.22227730426061088,36,0.14439495174461767,0.038509778107380654
mean_reversion,gap_fill,XLRE,False,5.23015873015873,-0.044629196724452314,-0.5147981472511347,-0.24020617833311242,41.0,0.038694992412746584,0.03717943745417096,5.4603174603174605,-0.06006342195903813,-1.215077778351678,-0.28696713685160535,52,0.04215116279069767,0.03978467469368052,10.69047619047619,-0.052543859408738514,-0.7644989603441901,-0.44263451222213523,93,0.04046028210838901,0.038509778107380654
mean_reversion,rsi_exhaustion,XLRE,False,5.23015873015873,0.039516499177797204,0.5253822111507352,-0.22227730426061088,12.0,0.06980273141122914,0.03717943745417096,5.4603174603174605,0.029555752199905472,0.38540922094272173,-0.15183621301964967,11,0.09156976744186046,0.03978467469368052,10.69047619047619,0.03441691947378933,0.4516517083408673,-0.22227730426061088,23,0.08092056421677803,0.038509778107380654
mean_reversion,rsi_reversion_ma_filter,XLRE,False,5.23015873015873,0.007673284530040458,0.2968621712362575,-0.05550448756251958,3.0,0.02959028831562974,0.03717943745417096,5.4603174603174605,-0.0028418828535112794,-0.03456922502864489,-0.10785379127917138,3,0.046511627906976744,0.03978467469368052,10.69047619047619,0.002288727642046906,0.07770226709495957,-0.10785379127917127,6,0.03823311061618411,0.038509778107380654
mean_reversion,zscore_neutral_regime,XLRE,False,5.23015873015873,0.018364527078315485,0.2261393508816866,-0.27673800506187785,30.0,0.1638846737481032,0.03717943745417096,5.4603174603174605,-0.037587973451034595,-0.2831460093001772,-0.3504175902427148,40,0.22747093023255813,0.03978467469368052,10.69047619047619,-0.010608981737009637,-0.04260576127066211,-0.35693808497967494,70,0.196362286562732,0.038509778107380654
mean_reversion,zscore_reversion,XLRE,False,5.23015873015873,-0.025697090466737516,-0.1705455535617166,-0.3613847968062275,27.0,0.20485584218512898,0.03717943745417096,5.4603174603174605,-0.03535915508381193,-0.32275285995610886,-0.3248022238221523,28,0.22819767441860464,0.03978467469368052,10.69047619047619,-0.030644162602907365,-0.24140403011284603,-0.41441346018347314,55,0.2167780252412769,0.038509778107380654
mean_reversion,zscore_reversion_long_only,XLRE,False,5.23015873015873,0.05411095009415057,0.46463988424893343,-0.3246259458620646,31.0,0.26555386949924126,0.03717943745417096,5.4603174603174605,0.005179953571967655,0.10382221181113468,-0.2619636543032321,40,0.28851744186046513,0.03978467469368052,10.69047619047619,0.028828205987638578,0.28568726266996536,-0.3246259458620646,71,0.27728285077951004,0.038509778107380654
mean_reversion,atr_extension,XLV,False,9.988095238095237,0.06787451566022695,0.718756792390665,-0.20146942882368357,37.0,0.14938418752483115,0.13687283934100591,5.4563492063492065,0.04621927353197619,0.6027100825439308,-0.0805110025378708,22,0.17672727272727273,0.05966432347484063,15.444444444444445,0.06017322842279138,0.680046248941592,-0.20146942882368357,59,0.1590441932168551,0.10897354758305733
mean_reversion,bollinger_reversion,XLV,False,9.988095238095237,0.049824104695969984,0.5438295309817854,-0.14308005684261305,70.0,0.22328168454509337,0.13687283934100591,5.4563492063492065,0.02641370190603154,0.3527807485676256,-0.19773642418104864,33,0.23781818181818182,0.05966432347484063,15.444444444444445,0.04149309432481196,0.4818368195750768,-0.1977364241810473,103,0.22841726618705036,0.10897354758305733
mean_reversion,bollinger_reversion_long_only,XLV,False,9.988095238095237,0.04085931016336253,0.49825243226143173,-0.12824868845139248,29.0,0.11561382598331346,0.13687283934100591,5.4563492063492065,0.046135761126157915,0.6256878998096412,-0.06774176844627577,19,0.15272727272727274,0.05966432347484063,15.444444444444445,0.0427203740144233,0.5382438115011622,-0.12824868845139248,48,0.1287255909558068,0.10897354758305733
mean_reversion,gap_fill,XLV,False,9.988095238095237,-0.00482254365516932,-0.04640331794233664,-0.2802097762295993,74.0,0.03377036154151768,0.13687283934100591,5.4563492063492065,-0.02096801678815463,-0.4326051440578527,-0.14217953517520532,35,0.02690909090909091,0.05966432347484063,15.444444444444445,-0.010556751237973505,-0.15687709607279463,-0.2846952695178109,109,0.03134635149023638,0.10897354758305733
mean_reversion,rsi_exhaustion,XLV,False,9.988095238095237,0.016487361720560978,0.2808475414332472,-0.12112088549986222,12.0,0.04211362733412793,0.13687283934100591,5.4563492063492065,0.052512075686875104,0.8580087130334293,-0.06670005222329856,13,0.07272727272727272,0.05966432347484063,15.444444444444445,0.02907141104985511,0.47611931151067755,-0.12112088549986222,25,0.052929085303186026,0.10897354758305733
mean_reversion,rsi_reversion_ma_filter,XLV,False,9.988095238095237,0.025939640864975244,0.38512130773146497,-0.20146942882368335,12.0,0.05323798172427493,0.13687283934100591,5.4563492063492065,0.0019580673554393524,0.07110163978852156,-0.07302984890559405,6,0.06836363636363636,0.05966432347484063,15.444444444444445,0.017402346110709788,0.3048732066239581,-0.20146942882368335,18,0.05858170606372045,0.10897354758305733
mean_reversion,zscore_neutral_regime,XLV,False,9.988095238095237,0.03959923491745143,0.44522791875646517,-0.2126333788053716,61.0,0.17679777512912198,0.13687283934100591,5.4563492063492065,0.0018998089557646924,0.06727685425642012,-0.12371426146343634,37,0.24,0.05966432347484063,15.444444444444445,0.026121088915882718,0.3153589412451762,-0.2126333788053716,98,0.19912641315519014,0.10897354758305733
mean_reversion,zscore_reversion,XLV,False,9.988095238095237,0.048474648716085866,0.5118678560497689,-0.14308005684261316,67.0,0.25903853794199444,0.13687283934100591,5.4563492063492065,0.05024216259915604,0.6071139700187231,-0.18541095684232844,37,0.2778181818181818,0.05966432347484063,15.444444444444445,0.04909875149414855,0.5403695366013558,-0.18541095684232956,104,0.2656731757451182,0.10897354758305733
mean_reversion,zscore_reversion_long_only,XLV,False,9.988095238095237,0.056760680519919005,0.5582078458350002,-0.2241968119194595,54.0,0.2133492252681764,0.13687283934100591,5.4563492063492065,0.019759880077118153,0.24543981981177695,-0.1177626787605931,36,0.3098181818181818,0.05966432347484063,15.444444444444445,0.04353780222355175,0.4537267824087443,-0.2241968119194595,90,0.2474306269270298,0.10897354758305733
mean_reversion,atr_extension,XME,False,9.988095238095237,-0.04507301823002463,-0.12598344538094933,-0.6383835580246727,45.0,0.2765196662693683,-0.06965703267403889,5.4603174603174605,0.10711434666216024,0.6701523667884257,-0.20208346419883005,23,0.20784883720930233,0.23952198550232184,15.448412698412698,0.006166509072873971,0.12875858325099748,-0.6383835580246727,68,0.25224762394040584,0.02964497618901829
mean_reversion,bollinger_reversion,XME,False,9.988095238095237,-0.08991400583337339,-0.4169011209090298,-0.7761960121473757,53.0,0.23083035359555026,-0.06965703267403889,5.4603174603174605,0.07897530220615989,0.5078096452036661,-0.22818604788372843,32,0.20421511627906977,0.23952198550232184,15.448412698412698,-0.03347514820704389,-0.09260898352173903,-0.7761960121473757,84,0.22142306704341125,0.02964497618901829
mean_reversion,bollinger_reversion_long_only,XME,False,9.988095238095237,-0.05977144366625331,-0.21549988724118854,-0.6511633751532776,36.0,0.23678982916170044,-0.06965703267403889,5.4603174603174605,0.09514277126227677,0.7144532204171803,-0.15622001467676427,16,0.13880813953488372,0.23952198550232184,15.448412698412698,-0.007694638075625315,0.046415349273614466,-0.6511633751532776,52,0.2021577189827896,0.02964497618901829
mean_reversion,gap_fill,XME,False,9.988095238095237,-0.10838195882082369,-0.6822078715831179,-0.6980504422822912,238.0,0.10846245530393325,-0.06965703267403889,5.4603174603174605,-0.005451441658879896,0.030170461152174324,-0.21362568837024332,153,0.13662790697674418,0.23952198550232184,15.448412698412698,-0.07327842448604183,-0.44317605987572045,-0.7299969777503437,391,0.11841767274595427,0.02964497618901829
mean_reversion,rsi_exhaustion,XME,False,9.988095238095237,-0.038017712069715714,-0.14753520010433113,-0.45613676139962966,22.0,0.1319030591974573,-0.06965703267403889,5.4603174603174605,0.06999356605698881,0.8335933429640056,-0.07165253001658844,5,0.029069767441860465,0.23952198550232184,15.448412698412698,-0.0011467812550196577,0.06435928498244213,-0.45613676139962966,27,0.09555612638068328,0.02964497618901829
mean_reversion,rsi_reversion_ma_filter,XME,False,9.988095238095237,0.014710912648988828,0.25223898711973847,-0.23928569612048922,7.0,0.04330552244735797,-0.06965703267403889,5.4603174603174605,0.04370207272200255,0.5762389079256448,-0.0910601270126774,6,0.05232558139534884,0.23952198550232184,15.448412698412698,0.024864793719570066,0.37893154290625114,-0.23928569612048922,13,0.046493706652966864,0.02964497618901829
mean_reversion,zscore_neutral_regime,XME,False,9.988095238095237,-0.04915795311445148,-0.29596812318419996,-0.5538121911143719,45.0,0.19586809694080254,-0.06965703267403889,5.4603174603174605,0.12002832236643135,0.8548638578285713,-0.22926736781065427,32,0.16497093023255813,0.23952198550232184,15.448412698412698,0.007502920219099263,0.12341045122757216,-0.5538121911143719,77,0.18494734138196764,0.02964497618901829
mean_reversion,zscore_reversion,XME,False,9.988095238095237,-0.048831608105129765,-0.16452925306443034,-0.6510212480553264,61.0,0.25705204608661103,-0.06965703267403889,5.4603174603174605,0.12605316686688917,0.7168412668815215,-0.2647541167942835,34,0.22965116279069767,0.23952198550232184,15.448412698412698,0.009639146079443606,0.1463324932415796,-0.6510212480553264,94,0.24736706909838171,0.02964497618901829
mean_reversion,zscore_reversion_long_only,XME,False,9.988095238095237,-0.09805827107730947,-0.3542504214260487,-0.7737951961916809,62.0,0.3575685339690107,-0.06965703267403889,5.4603174603174605,0.14955833495930237,0.8209887800261586,-0.20811076047890953,35,0.28415697674418605,0.23952198550232184,15.448412698412698,-0.017311549540636406,0.023855240996784825,-0.7737951961916809,97,0.331620857950167,0.02964497618901829
pullback_continuation,ma_pullback,BOKF,False,9.988095238095237,-0.017727428550252444,-0.07359744663898536,-0.39726709536089044,101.0,0.23520063567739372,0.02521541015399409,5.4603174603174605,0.06686976182882298,0.5421116326610594,-0.2649068805880177,59,0.22965116279069767,0.13772571597795014,15.448412698412698,0.011378608477888186,0.1513565685541457,-0.39726709536089044,159,0.2332391471872592,0.06363277215599727
pullback_continuation,rsi_pullback,BOKF,False,9.988095238095237,-0.0031134302327133767,-0.02877919191006515,-0.1378072523219902,43.0,0.04608661104489471,0.02521541015399409,5.4603174603174605,-0.015573262396284537,-0.2552681545605106,-0.18762305563819814,17,0.038517441860465115,0.13772571597795014,15.448412698412698,-0.007535336611891763,-0.10891740092405564,-0.18762305563819826,60,0.0434112509632674,0.06363277215599727
pullback_continuation,rsi_pullback_50_200,BOKF,False,9.988095238095237,-0.07134345825312105,-0.548467721047271,-0.561475255212992,54.0,0.10290027810885975,0.02521541015399409,5.4603174603174605,0.020828684927115537,0.2525070853272376,-0.19412610957266563,31,0.08284883720930232,0.13772571597795014,15.448412698412698,-0.03975662018431447,-0.2936473897412045,-0.5876198323713415,85,0.09581299768815824,0.06363277215599727
pullback_continuation,rsi_pullback_50_200_tight,BOKF,False,9.988095238095237,-0.07437641715854415,-0.6492406449333235,-0.5378917736322681,37.0,0.05045689312673818,0.02521541015399409,5.4603174603174605,0.013688736718967753,0.2092772146353908,-0.11714265299996318,16,0.03197674418604651,0.13772571597795014,15.448412698412698,-0.044159670035383125,-0.39851003296048326,-0.5504336663199085,53,0.04392499357821731,0.06363277215599727
pullback_continuation,rsi_pullback_continuation,BOKF,False,9.988095238095237,-0.04152951588463827,-0.2161656596194262,-0.5700473804595727,25.0,0.24513309495431068,0.02521541015399409,5.4603174603174605,0.005063770711578153,0.11032948669404205,-0.3627325470266438,12,0.2616279069767442,0.13772571597795014,15.448412698412698,-0.02531300286549143,-0.0962744047109567,-0.640077917955101,37,0.2509632674030311,0.06363277215599727
pullback_continuation,ma_pullback,CTVA,False,1.6111111111111112,0.27108790330121435,1.2021000192836353,-0.1825842324147211,19.0,0.21182266009852216,0.19704957796413236,5.4603174603174605,0.030964254259253643,0.29394274834645,-0.24606247132275905,56,0.23037790697674418,0.1488950257103625,7.071428571428571,0.08133682783852092,0.5740559045102335,-0.24606247132275805,74,0.22615039281705948,0.15967235387630785
pullback_continuation,rsi_pullback,CTVA,False,1.6111111111111112,0.01506837873235134,0.18176234110031886,-0.12404876302703982,4.0,0.027093596059113302,0.19704957796413236,5.4603174603174605,0.03800156269612498,0.6775121139638239,-0.09565673868263447,33,0.05232558139534884,0.1488950257103625,7.071428571428571,0.03273144666895589,0.43916829246124833,-0.12404876302703982,37,0.04657687991021325,0.15967235387630785
pullback_continuation,rsi_pullback_50_200,CTVA,False,1.6111111111111112,0.05019384661744675,0.45923564067306377,-0.1055318575880726,4.0,0.022167487684729065,0.19704957796413236,5.4603174603174605,0.039672997957180156,0.45436157960394435,-0.12493357118326365,47,0.11700581395348837,0.1488950257103625,7.071428571428571,0.042060694557003675,0.4530166525755827,-0.12493357118326343,51,0.09539842873176206,0.15967235387630785
pullback_continuation,rsi_pullback_50_200_tight,CTVA,False,1.6111111111111112,-0.027432980587929423,-0.254336161248038,-0.11887612371629308,3.0,0.012315270935960592,0.19704957796413236,5.4603174603174605,0.005627096016631805,0.11689839007865356,-0.10541946108586087,27,0.042877906976744186,0.1488950257103625,7.071428571428571,-0.0020026125980711074,0.010958072852570644,-0.1368007937358009,30,0.03591470258136925,0.15967235387630785
pullback_continuation,rsi_pullback_continuation,CTVA,False,1.6111111111111112,0.09731586918491297,0.7315757457482863,-0.11540075571986497,2.0,0.059113300492610835,0.19704957796413236,5.4603174603174605,0.1990192992908979,1.3573275789800492,-0.13961033436221748,20,0.2870639534883721,0.1488950257103625,7.071428571428571,0.17504857070614532,1.2154523185876973,-0.13961033436221748,22,0.2351290684624018,0.15967235387630785
pullback_continuation,ma_pullback,EEM,False,9.988095238095237,0.009660619148100569,0.15485118645231016,-0.22590456143907156,104.0,0.1966626936829559,0.008163275558143557,5.4603174603174605,-0.025879126656642604,-0.22848065492869263,-0.19844750272387834,48,0.2180232558139535,0.04927670882159063,15.448412698412698,-0.00304684710782821,0.010527895101945493,-0.22590456143907156,152,0.20421268944258927,0.02250762104897097
pullback_continuation,rsi_pullback,EEM,False,9.988095238095237,-0.006829365692064493,-0.13686190258004363,-0.15624344122498413,34.0,0.03297576479936432,0.008163275558143557,5.4603174603174605,-0.001559887365830237,-0.0026960840302036704,-0.0809186686574328,24,0.040697674418604654,0.04927670882159063,15.448412698412698,-0.004970027969777524,-0.08262118307186889,-0.15624344122498413,58,0.035705111739018754,0.02250762104897097
pullback_continuation,rsi_pullback_50_200,EEM,False,9.988095238095237,-0.018622838843335043,-0.16252355638945593,-0.2922574257503012,50.0,0.08422725466825585,0.008163275558143557,5.4603174603174605,0.02519868257325375,0.39014924027634096,-0.08188616945978278,37,0.07921511627906977,0.04927670882159063,15.448412698412698,-0.003352168326104299,0.00245248602432737,-0.2922574257503012,87,0.08245568969946057,0.02250762104897097
pullback_continuation,rsi_pullback_50_200_tight,EEM,False,9.988095238095237,-0.008716171304359865,-0.09476475271067575,-0.1745984348247127,37.0,0.03615415176797775,0.008163275558143557,5.4603174603174605,0.014980138368123619,0.3409444100675095,-0.06648513298792735,19,0.027616279069767442,0.04927670882159063,15.448412698412698,-0.0004044822398329151,0.02446556107972593,-0.1745984348247127,56,0.0331363986642692,0.02250762104897097
pullback_continuation,rsi_pullback_continuation,EEM,False,9.988095238095237,-0.04170588867904923,-0.3186054118992006,-0.4734975352666939,17.0,0.22963845848232023,0.008163275558143557,5.4603174603174605,0.04177732148009783,0.44524566032065044,-0.13057256028924302,14,0.2601744186046512,0.04927670882159063,15.448412698412698,-0.012991760383083362,-0.0630390012324844,-0.4734975352666939,31,0.24043154379655793,0.02250762104897097
pullback_continuation,ma_pullback,EFA,False,9.988095238095237,0.046080791928022835,0.6940244296786664,-0.115299038365138,103.0,0.1875248311481923,0.022852339989455128,5.4603174603174605,-0.006006569382855931,-0.024321907475502093,-0.27820415730277204,63,0.2129360465116279,0.06431352091554143,15.448412698412698,0.02736553390991925,0.39401910340667,-0.2782041573027716,166,0.1965065502183406,0.03731912743387378
pullback_continuation,rsi_pullback,EFA,False,9.988095238095237,0.011445002372206137,0.34093798425419936,-0.07281848085021725,34.0,0.03257846642828764,0.022852339989455128,5.4603174603174605,-0.010680814210417888,-0.15705918088151402,-0.11275514382259078,22,0.046511627906976744,0.06431352091554143,15.448412698412698,0.0035685455581890846,0.1022825586577245,-0.13079308672747547,56,0.03750321089134344,0.03731912743387378
pullback_continuation,rsi_pullback_50_200,EFA,False,9.988095238095237,-0.023409673281484356,-0.2518214328237333,-0.32621742706349177,55.0,0.07270560190703218,0.022852339989455128,5.4603174603174605,0.016686025099396984,0.2927985608932431,-0.10003699536402155,34,0.07994186046511628,0.06431352091554143,15.448412698412698,-0.009421623427083303,-0.0876953795606892,-0.32621742706349177,89,0.07526329309016183,0.03731912743387378
pullback_continuation,rsi_pullback_50_200_tight,EFA,False,9.988095238095237,-0.02544822872496888,-0.31707898525570893,-0.285635966034006,30.0,0.03535955502582439,0.022852339989455128,5.4603174603174605,0.025454359522985026,0.6018719517390183,-0.03521031391894103,18,0.028343023255813952,0.06431352091554143,15.448412698412698,-0.007751832458089969,-0.08893064863238222,-0.285635966034006,48,0.032879527356794246,0.03731912743387378
pullback_continuation,rsi_pullback_continuation,EFA,False,9.988095238095237,-0.025742204490764697,-0.20464891039785213,-0.41762529948920213,21.0,0.21414382201032975,0.022852339989455128,5.4603174603174605,0.05011676928523179,0.6038343029696747,-0.0888158509614897,13,0.2318313953488372,0.06431352091554143,15.448412698412698,0.00042305349384585966,0.05363142060245993,-0.41762529948920213,34,0.22039558181351143,0.03731912743387378
pullback_continuation,ma_pullback,EWZ,False,9.988095238095237,-0.03195042208280563,-0.21592575184332624,-0.3228821908718582,71.0,0.17004370282081843,-0.07105488719160691,5.4603174603174605,0.018883487417874933,0.20330737192244097,-0.23593636807293894,44,0.20276162790697674,-0.012183308932770087,15.448412698412698,-0.014279438980250081,-0.051006029745041925,-0.40463119281734417,115,0.1816080143847932,-0.05065851295998525
pullback_continuation,rsi_pullback,EWZ,False,9.988095238095237,0.016850818955157054,0.42346273585893224,-0.06544353638754274,33.0,0.029400079459674214,-0.07105488719160691,5.4603174603174605,0.007158659226697894,0.13210348432134325,-0.09804359921007766,19,0.032703488372093026,-0.012183308932770087,15.448412698412698,0.013414466158647054,0.26679085420942955,-0.09894555561086749,52,0.03056768558951965,-0.05065851295998525
pullback_continuation,rsi_pullback_50_200,EWZ,False,9.988095238095237,-0.04153139704347386,-0.2785398442423617,-0.414504517610938,57.0,0.07469209376241558,-0.07105488719160691,5.4603174603174605,-0.03272677956584791,-0.321374036530073,-0.22989275471510628,33,0.08866279069767442,-0.012183308932770087,15.448412698412698,-0.038428556946443426,-0.28807135989066146,-0.536296798815941,90,0.07963010531723606,-0.05065851295998525
pullback_continuation,rsi_pullback_50_200_tight,EWZ,False,9.988095238095237,-0.05747784764167674,-0.4804187373169056,-0.45986308057546,33.0,0.03098927294398093,-0.07105488719160691,5.4603174603174605,-0.0032870073473250105,-0.007029361473991913,-0.20451413009694686,19,0.046511627906976744,-0.012183308932770087,15.448412698412698,-0.038669015085127545,-0.3471301176295969,-0.480365134061958,52,0.036475725661443616,-0.05065851295998525
pullback_continuation,rsi_pullback_continuation,EWZ,False,9.988095238095237,-0.07001505019902254,-0.3827224264458724,-0.552446346925346,18.0,0.2061978545887962,-0.07105488719160691,5.4603174603174605,-0.02314515461196276,-0.09654156447882024,-0.31485827904592556,11,0.2696220930232558,-0.012183308932770087,15.448412698412698,-0.05371133670707495,-0.2881796702706488,-0.6878743834799725,29,0.22861546365271,-0.05065851295998525
pullback_continuation,ma_pullback,EXE,False,0.0,,,,,,,5.357142857142857,0.24161160688671846,1.1754507000314403,-0.1954365010643997,71,0.21703703703703703,0.1346473648280846,5.357142857142857,0.24161160688671846,1.1754507000314403,-0.1954365010643997,71,0.21703703703703703,0.1346473648280846
pullback_continuation,rsi_pullback,EXE,False,0.0,,,,,,,5.357142857142857,0.04972440150259483,0.5317621965783604,-0.09550950818169612,22,0.03777777777777778,0.1346473648280846,5.357142857142857,0.04972440150259483,0.5317621965783604,-0.09550950818169612,22,0.03777777777777778,0.1346473648280846
pullback_continuation,rsi_pullback_50_200,EXE,False,0.0,,,,,,,5.357142857142857,0.029025532255198216,0.29200745361302927,-0.18806521446881053,35,0.09925925925925926,0.1346473648280846,5.357142857142857,0.029025532255198216,0.29200745361302927,-0.18806521446881053,35,0.09925925925925926,0.1346473648280846
pullback_continuation,rsi_pullback_50_200_tight,EXE,False,0.0,,,,,,,5.357142857142857,0.0027545141700511255,0.07411439082381426,-0.1875162945435307,19,0.05037037037037037,0.1346473648280846,5.357142857142857,0.0027545141700511255,0.07411439082381426,-0.1875162945435307,19,0.05037037037037037,0.1346473648280846
pullback_continuation,rsi_pullback_continuation,EXE,False,0.0,,,,,,,5.357142857142857,0.01943835553283102,0.19597164726208305,-0.31081186059925603,13,0.24222222222222223,0.1346473648280846,5.357142857142857,0.01943835553283102,0.19597164726208305,-0.31081186059925603,13,0.24222222222222223,0.1346473648280846
pullback_continuation,ma_pullback,FCNCA,False,9.988095238095237,-0.002509899292508666,0.037167462775748575,-0.38102767028417894,117.0,0.2316249503377036,0.11766450609778145,5.4603174603174605,0.1753872235248073,1.089093997598925,-0.18024122831236222,62,0.22529069767441862,0.2656814061692443,15.448412698412698,0.05706127901969138,0.48041688099380975,-0.38102767028417894,178,0.22938607757513485,0.16789177211516426
pullback_continuation,rsi_pullback,FCNCA,False,9.988095238095237,0.01576583100735851,0.34530274555055346,-0.14533508432430686,33.0,0.027413587604290822,0.11766450609778145,5.4603174603174605,0.0029657635406785676,0.08178836225065889,-0.09524770577859087,18,0.036337209302325583,0.2656814061692443,15.448412698412698,0.011223025297228961,0.24488996570476326,-0.14533508432430686,51,0.03056768558951965,0.16789177211516426
pullback_continuation,rsi_pullback_50_200,FCNCA,False,9.988095238095237,-0.04302241580366939,-0.3072598761511231,-0.45050334951151094,62.0,0.09813269765593961,0.11766450609778145,5.4603174603174605,0.04381838883702094,0.5830685071262917,-0.1226502233208796,38,0.07267441860465117,0.2656814061692443,15.448412698412698,-0.013186213825400972,-0.07001562457953633,-0.45099395586763436,100,0.0891343436938094,0.16789177211516426
pullback_continuation,rsi_pullback_50_200_tight,FCNCA,False,9.988095238095237,-0.04233988961773172,-0.36231846939781487,-0.46411680081944406,38.0,0.049662296384584824,0.11766450609778145,5.4603174603174605,-0.013354410910948356,-0.26845894259013114,-0.15454264564328746,12,0.024709302325581394,0.2656814061692443,15.448412698412698,-0.03219343960492804,-0.3265435583760914,-0.5222741868895824,50,0.040842537888517855,0.16789177211516426
pullback_continuation,rsi_pullback_continuation,FCNCA,False,9.988095238095237,-0.006112721205515093,0.03683472111880879,-0.4478331630203911,25.0,0.24990067540723082,0.11766450609778145,5.4603174603174605,-0.011958316997784268,0.008535781015595415,-0.34734466786845775,12,0.2449127906976744,0.2656814061692443,15.448412698412698,-0.008182816992767461,0.026399800308311332,-0.5374293787257701,37,0.24813768302080658,0.16789177211516426
pullback_continuation,ma_pullback,FICO,False,9.988095238095237,0.028503715883217096,0.27219324711419757,-0.3511353286449932,114.0,0.20540325784664282,0.36188145805684657,5.4603174603174605,0.09760908107340915,0.5576862603373877,-0.3108610372409709,64,0.1882267441860465,0.1661266171508804,15.448412698412698,0.05241753993608422,0.3921941224159718,-0.3511353286449932,178,0.19933213460056512,0.2891952837216296
pullback_continuation,rsi_pullback,FICO,False,9.988095238095237,-0.036555334013548046,-0.4737403486520089,-0.3403088752192823,28.0,0.03615415176797775,0.36188145805684657,5.4603174603174605,-0.011463912208709348,-0.08370206861423721,-0.18418530710233616,14,0.03343023255813953,0.1661266171508804,15.448412698412698,-0.02776026496079198,-0.315487612371262,-0.4199064271396268,42,0.03519136912406884,0.2891952837216296
pullback_continuation,rsi_pullback_50_200,FICO,False,9.988095238095237,0.024308661682664434,0.23713671481237888,-0.373615669268639,59.0,0.09654350417163289,0.36188145805684657,5.4603174603174605,-0.024949909925032432,-0.11575906129493393,-0.28222063192684244,27,0.10828488372093023,0.1661266171508804,15.448412698412698,0.006619930496015725,0.11747351351629663,-0.373615669268639,86,0.10069355253018238,0.2891952837216296
pullback_continuation,rsi_pullback_50_200_tight,FICO,False,9.988095238095237,0.03811035845795985,0.3777794019436098,-0.28337241917948264,40.0,0.049662296384584824,0.36188145805684657,5.4603174603174605,-0.031198241562260032,-0.23768523712654152,-0.18245003795765335,21,0.059593023255813955,0.1661266171508804,15.448412698412698,0.013063889059149014,0.17046120304275622,-0.28337241917948264,61,0.053172360647315696,0.2891952837216296
pullback_continuation,rsi_pullback_continuation,FICO,False,9.988095238095237,0.03203913752511034,0.2587706480485659,-0.5429495664735949,26.0,0.2701628923321414,0.36188145805684657,5.4603174603174605,-0.06062340809240141,-0.2524278046281574,-0.3792222469358072,10,0.23909883720930233,0.1661266171508804,15.448412698412698,-0.0017133581136434817,0.08628331079993806,-0.5429495664735949,36,0.2591831492422296,0.2891952837216296
pullback_continuation,ma_pullback,FXI,False,9.988095238095237,-0.0048105972384949736,0.0025155124780524615,-0.24708098676313184,95.0,0.21493841875248312,0.00750238634755207,5.4603174603174605,-0.07347019939803223,-0.6114808701500307,-0.4581657811115175,43,0.17950581395348839,-0.06809834028181405,15.448412698412698,-0.02964140381720659,-0.23161207917244972,-0.5424117480812731,138,0.20241459029026457,-0.0198953599586722
pullback_continuation,rsi_pullback,FXI,False,9.988095238095237,-0.0012050640864658124,-0.0024916549940799124,-0.1546336276442173,38.0,0.03416765991259436,0.00750238634755207,5.4603174603174605,-0.0273900999104707,-0.4370702390996215,-0.24221003599930768,17,0.029069767441860465,-0.06809834028181405,15.448412698412698,-0.01053988156825758,-0.17949635160429414,-0.3181248938294219,55,0.03236578474184434,-0.0198953599586722
pullback_continuation,rsi_pullback_50_200,FXI,False,9.988095238095237,0.01585645592126772,0.22457694765751796,-0.16022338877520415,62.0,0.09415971394517282,0.00750238634755207,5.4603174603174605,0.009358563962644562,0.17719167435502273,-0.08136156753758039,23,0.053052325581395346,-0.06809834028181405,15.448412698412698,0.013554978155656094,0.20898500981804288,-0.16022338877520415,85,0.07963010531723606,-0.0198953599586722
pullback_continuation,rsi_pullback_50_200_tight,FXI,False,9.988095238095237,-0.0026145423154491088,-0.005920430891990131,-0.18881344383163323,36.0,0.03575685339690107,0.00750238634755207,5.4603174603174605,0.029783923305747306,0.6647661327742723,-0.06648606693251136,12,0.021075581395348836,-0.06809834028181405,15.448412698412698,0.008718702606107076,0.17612523143186823,-0.18881344383163323,48,0.03056768558951965,-0.0198953599586722
pullback_continuation,rsi_pullback_continuation,FXI,False,9.988095238095237,-0.009318733164650927,-0.015091036443476487,-0.28834348363993645,20.0,0.2355979340484704,0.00750238634755207,5.4603174603174605,0.038015559175660796,0.39065088056631203,-0.1703617817235168,10,0.21220930232558138,-0.06809834028181405,15.448412698412698,0.0071599581668071455,0.11977474034101702,-0.28834348363993645,29,0.22733110711533522,-0.0198953599586722
pullback_continuation,ma_pullback,GDX,False,9.988095238095237,-0.02047234874892545,-0.053784907796782036,-0.5588941762019767,88.0,0.1760031783869686,-0.052104671347077636,5.4603174603174605,-0.006130756862743891,0.047753099217075455,-0.352271991741841,50,0.1882267441860465,0.14928130482633506,15.448412698412698,-0.015427044390429523,-0.016184190845195685,-0.5588941762019767,138,0.18032365784741844,0.014688008236794392
pullback_continuation,rsi_pullback,GDX,False,9.988095238095237,-0.006915860433973076,-0.06380141711445897,-0.18578422331265432,30.0,0.03734604688120779,-0.052104671347077636,5.4603174603174605,-0.02944100599726074,-0.31264523466116495,-0.22299494216349636,20,0.04869186046511628,0.14928130482633506,15.448412698412698,-0.014936600154591861,-0.16158555606783553,-0.27552448875617164,50,0.04135628050346776,0.014688008236794392
pullback_continuation,rsi_pullback_50_200,GDX,False,9.988095238095237,0.049432311660428274,0.357110266652421,-0.2808072416676958,49.0,0.07628128724672228,-0.052104671347077636,5.4603174603174605,0.06636379608629572,0.5618768138073252,-0.14677636937251637,32,0.09738372093023256,0.14928130482633506,15.448412698412698,0.05538588838412495,0.410111697199438,-0.2808072416676958,81,0.08374004623683534,0.014688008236794392
pullback_continuation,rsi_pullback_50_200_tight,GDX,False,9.988095238095237,0.015312674938260606,0.17648604784804897,-0.28252543442602807,28.0,0.03456495828367104,-0.052104671347077636,5.4603174603174605,0.05131533307479019,0.6892352664995477,-0.07990930758651116,18,0.04578488372093023,0.14928130482633506,15.448412698412698,0.027894893508765506,0.27758603897096434,-0.28252543442602807,46,0.038530696121243255,0.014688008236794392
pullback_continuation,rsi_pullback_continuation,GDX,False,9.988095238095237,-0.041501170637494256,-0.07549205301852009,-0.6613091809485374,14.0,0.20659515295987285,-0.052104671347077636,5.4603174603174605,-0.011540209666606072,0.02552105825881545,-0.27058009242223857,11,0.20421511627906977,0.14928130482633506,15.448412698412698,-0.03101653246553826,-0.04447780252063228,-0.6613091809485374,24,0.205753917287439,0.014688008236794392
pullback_continuation,ma_pullback,HYG,False,9.988095238095237,-0.03540415345595094,-1.0340682456605708,-0.3291015262611875,107.0,0.21573301549463647,-0.003365958735390473,5.4603174603174605,-0.01886808435052778,-0.5925750018318192,-0.1117428427824857,61,0.22020348837209303,-0.01624857731896001,15.448412698412698,-0.02959148796553368,-0.8862327746341035,-0.38341938032968637,168,0.21731312612381198,-0.007938547022079745
pullback_continuation,rsi_pullback,HYG,False,9.988095238095237,-0.016541565177036754,-0.73221377542051,-0.17448272942688636,43.0,0.04767580452920143,-0.003365958735390473,5.4603174603174605,-0.007923740740513385,-0.5166405241730226,-0.04652187035406896,26,0.0377906976744186,-0.01624857731896001,15.448412698412698,-0.013504140113811292,-0.6639805837294677,-0.20059231106034603,69,0.04418186488569227,-0.007938547022079745
pullback_continuation,rsi_pullback_50_200,HYG,False,9.988095238095237,-0.015587224045919057,-0.331307921367912,-0.16554283786330415,45.0,0.06992451330949544,-0.003365958735390473,5.4603174603174605,-0.0010675282969638822,-0.034576485163804696,-0.04396170073269068,37,0.06031976744186047,-0.01624857731896001,15.448412698412698,-0.010479440353244218,-0.25596549298829224,-0.18567306279035456,82,0.06652966863601335,-0.007938547022079745
pullback_continuation,rsi_pullback_50_200_tight,HYG,False,9.988095238095237,-0.005696519861227101,-0.1315507778892632,-0.08648692157265259,32.0,0.04211362733412793,-0.003365958735390473,5.4603174603174605,0.0006564245741640384,0.04336266811526782,-0.028670781129403244,16,0.023982558139534885,-0.01624857731896001,15.448412698412698,-0.0034556622385096825,-0.08969248249677939,-0.0987511520821448,48,0.035705111739018754,-0.007938547022079745
pullback_continuation,rsi_pullback_continuation,HYG,False,9.988095238095237,0.002550504733263237,0.07619865089723953,-0.1627083363652766,27.0,0.21493841875248312,-0.003365958735390473,5.4603174603174605,0.0103505777669195,0.3225532744964627,-0.055345931143131355,15,0.25218023255813954,-0.01624857731896001,15.448412698412698,0.005300574213636278,0.1402302187087974,-0.1627083363652766,42,0.22810172103776008,-0.007938547022079745
pullback_continuation,ma_pullback,ITB,False,9.988095238095237,0.053064859829272004,0.4336761018051485,-0.31463424398159023,111.0,0.20540325784664282,0.15543781129788403,5.4603174603174605,-0.0009195565230247782,0.051765292861024145,-0.28763945781555667,46,0.18604651162790697,0.122551075886143,15.448412698412698,0.03365837514180425,0.31318950917985194,-0.31463424398159023,157,0.19856152067814026,0.14370517577312403
pullback_continuation,rsi_pullback,ITB,False,9.988095238095237,0.015543735944473003,0.23717598082676855,-0.2210870231076285,41.0,0.03496225665474772,0.15543781129788403,5.4603174603174605,-0.022436432073308477,-0.49389512438174327,-0.18645879439842628,16,0.037063953488372096,0.122551075886143,15.448412698412698,0.0019537427699376497,0.06333044453730508,-0.27636394567228184,57,0.035705111739018754,0.14370517577312403
pullback_continuation,rsi_pullback_50_200,ITB,False,9.988095238095237,-0.009904986625253076,-0.01619761371892961,-0.47511058855904675,64.0,0.07469209376241558,0.15543781129788403,5.4603174603174605,-0.011637082026834777,-0.0660317714159602,-0.1947475939069423,31,0.11700581395348837,0.122551075886143,15.448412698412698,-0.010517550831997902,-0.031269377077720435,-0.47511058855904675,95,0.08964808630875931,0.14370517577312403
pullback_continuation,rsi_pullback_50_200_tight,ITB,False,9.988095238095237,0.010593836737683437,0.15443665250487795,-0.3449035409263118,29.0,0.03098927294398093,0.15543781129788403,5.4603174603174605,-0.029873083864029537,-0.32565833744446304,-0.18539443633782082,15,0.06031976744186047,0.122551075886143,15.448412698412698,-0.003898726796217278,0.0073147220710059685,-0.3449035409263118,44,0.04135628050346776,0.14370517577312403
pullback_continuation,rsi_pullback_continuation,ITB,False,9.988095238095237,0.0011041492065761993,0.09118189322570412,-0.5464550649298078,24.0,0.2598331346841478,0.15543781129788403,5.4603174603174605,-0.014485964465920542,-0.032801625559948144,-0.31195123603918495,11,0.2369186046511628,0.122551075886143,15.448412698412698,-0.004434233740616245,0.051949426513467206,-0.5464550649298078,35,0.25173388132545593,0.14370517577312403
pullback_continuation,ma_pullback,IWM,False,9.988095238095237,0.04183344018731905,0.4413340256091041,-0.22909191116844552,135.0,0.2359952324195471,0.09633573000481177,5.4523809523809526,0.01563017922617793,0.19061800651663216,-0.26137510566654465,65,0.2183406113537118,0.07894004601635696,15.44047619047619,0.032504148527432664,0.3460265607444697,-0.2613751056665443,200,0.22976098689282962,0.0901611183622304
pullback_continuation,rsi_pullback,IWM,False,9.988095238095237,0.008066273402282942,0.22178525370923338,-0.14560676604073286,46.0,0.03496225665474772,0.09633573000481177,5.4523809523809526,0.009461639942256017,0.18731542740974788,-0.10031440768316013,20,0.03857350800582242,0.07894004601635696,15.44047619047619,0.008558788417429852,0.20211656756379792,-0.14560676604073286,66,0.036237471087124135,0.0901611183622304
pullback_continuation,rsi_pullback_50_200,IWM,False,9.988095238095237,-0.03694291248785486,-0.3812302024696384,-0.39131570723228015,65.0,0.08104886769964244,0.09633573000481177,5.4523809523809526,0.017356590931268512,0.26016970129803285,-0.11841323715172747,28,0.08224163027656478,0.07894004601635696,15.44047619047619,-0.01810776525399993,-0.1726432983205399,-0.39131570723228015,93,0.08147005911076843,0.0901611183622304
pullback_continuation,rsi_pullback_50_200_tight,IWM,False,9.988095238095237,-0.03450802579665957,-0.4141272432263349,-0.3611709051170551,33.0,0.03615415176797775,0.09633573000481177,5.4523809523809526,0.020989872764505035,0.38955838834215367,-0.076399485973902,20,0.04439592430858806,0.07894004601635696,15.44047619047619,-0.01526373932585412,-0.1803115149638728,-0.3611709051170551,53,0.0390645078386019,0.0901611183622304
pullback_continuation,rsi_pullback_continuation,IWM,False,9.988095238095237,0.017112696214576673,0.20562168190652277,-0.4092471519564669,28.0,0.2550655542312277,0.09633573000481177,5.4523809523809526,0.008493070717807694,0.13157002783519767,-0.202213299003696,10,0.23580786026200873,0.07894004601635696,15.44047619047619,0.014060529639558617,0.17993005307931104,-0.4122517177611582,38,0.24826522744795682,0.0901611183622304
pullback_continuation,ma_pullback,KRE,False,9.988095238095237,0.012337462783727604,0.16146300144347578,-0.3312392214120453,130.0,0.22169249106078665,0.06991907039993528,5.4603174603174605,-0.06098556876784089,-0.31596567599386505,-0.46341441342064604,52,0.2376453488372093,0.07000641944929775,15.448412698412698,-0.014211084676485908,-0.03686557812598772,-0.4634144134206455,182,0.22733110711533522,0.06994994353631401
pullback_continuation,rsi_pullback,KRE,False,9.988095238095237,0.001877090937105752,0.06222970122995016,-0.11804289516386068,48.0,0.03575685339690107,0.06991907039993528,5.4603174603174605,-0.05399335768689639,-0.5735385987305531,-0.34382178079778025,27,0.0501453488372093,0.07000641944929775,15.448412698412698,-0.018237911454530464,-0.23961848090675628,-0.34382178079778025,75,0.040842537888517855,0.06994994353631401
pullback_continuation,rsi_pullback_50_200,KRE,False,9.988095238095237,-0.027401363416832192,-0.2664598598051423,-0.37276118843309347,57.0,0.07866507747318235,0.06991907039993528,5.4603174603174605,0.06294426530662944,0.6991406179421802,-0.0799357076704389,34,0.08212209302325581,0.07000641944929775,15.448412698412698,0.003618895061066052,0.08568410486645935,-0.37276118843309347,91,0.07988697662471102,0.06994994353631401
pullback_continuation,rsi_pullback_50_200_tight,KRE,False,9.988095238095237,-0.028060651666571235,-0.31725723677850126,-0.34951781735164156,33.0,0.03535955502582439,0.06991907039993528,5.4603174603174605,0.03088112303379309,0.4726577271071922,-0.07517757452614027,20,0.034156976744186045,0.07000641944929775,15.448412698412698,-0.007622742795028614,-0.06189551865343917,-0.34951781735164156,53,0.034934497816593885,0.06994994353631401
pullback_continuation,rsi_pullback_continuation,KRE,False,9.988095238095237,-0.020395853265163022,-0.1110703165725901,-0.4125558841678254,21.0,0.23639253079062375,0.06991907039993528,5.4603174603174605,0.018690424949490803,0.1987278066742474,-0.237070329576741,11,0.24345930232558138,0.07000641944929775,15.448412698412698,-0.006755010913911952,0.014762325516200946,-0.44299106665247423,32,0.2388903159517082,0.06994994353631401
pullback_continuation,ma_pullback,KWEB,False,7.416666666666667,-0.039221514857881945,-0.17499840822460977,-0.5360569327768085,58.0,0.1781701444622793,0.15563805012964171,5.4603174603174605,-0.06507287454362498,-0.37506304565253623,-0.44309669344145397,33,0.1511627906976744,-0.1922102548026271,12.876984126984127,-0.050269609075133004,-0.25713505873764003,-0.6129884717593006,91,0.16671802773497688,-0.007218239638403734
pullback_continuation,rsi_pullback,KWEB,False,7.416666666666667,-0.02728475803043251,-0.2080315475972765,-0.35493933311446013,26.0,0.04922418405564473,0.15563805012964171,5.4603174603174605,-0.013539256109002418,-0.1690916388486983,-0.10470884953927484,9,0.013808139534883721,-0.1922102548026271,12.876984126984127,-0.021479701823213238,-0.19130274221302607,-0.35493933311446013,35,0.03420647149460709,-0.007218239638403734
pullback_continuation,rsi_pullback_50_200,KWEB,False,7.416666666666667,-0.05597631350578358,-0.3004311897027065,-0.45263131152108094,38.0,0.10968432316746923,0.15563805012964171,5.4603174603174605,0.011016278175853156,0.15579355949377785,-0.12782230790919202,29,0.08212209302325581,-0.1922102548026271,12.876984126984127,-0.028128825353757603,-0.1429127749799989,-0.45263131152108094,67,0.09799691833590139,-0.007218239638403734
pullback_continuation,rsi_pullback_50_200_tight,KWEB,False,7.416666666666667,-0.012000267828032318,-0.039510656865107484,-0.20040226195843058,33.0,0.052434456928838954,0.15563805012964171,5.4603174603174605,0.04472489612836816,0.7051289192360221,-0.05400980882934492,13,0.028343023255813952,-0.1922102548026271,12.876984126984127,0.011667161687893612,0.16545671308379314,-0.20040226195843058,46,0.04221879815100154,-0.007218239638403734
pullback_continuation,rsi_pullback_continuation,KWEB,False,7.416666666666667,-0.05596534817165366,-0.23484943939987835,-0.5342478460457056,14.0,0.20759764579989298,0.15563805012964171,5.4603174603174605,-0.06317063887619911,-0.37065899944529435,-0.4281993333860342,7,0.19694767441860464,-0.1922102548026271,12.876984126984127,-0.05902740051916955,-0.285030388676488,-0.6173411880978106,20,0.20308166409861325,-0.007218239638403734
pullback_continuation,ma_pullback,LITE,False,5.444444444444445,-0.08628786840257785,-0.2365711977883371,-0.4650875901105519,43.0,0.21720116618075802,0.37147032800411695,5.4603174603174605,0.12474527073435393,0.5537309861788193,-0.5946262023131291,37,0.17732558139534885,0.4835742334132904,10.904761904761905,0.013905464713230176,0.18348054176341802,-0.7549105285828817,80,0.19723435225618632,0.42652341191351417
pullback_continuation,rsi_pullback,LITE,False,5.444444444444445,0.03556344323303451,0.35200788237801434,-0.17779973097408086,23.0,0.033527696793002916,0.37147032800411695,5.4603174603174605,0.010110349951514053,0.14524480886523844,-0.19917119602752364,12,0.03488372093023256,0.4835742334132904,10.904761904761905,0.022739194963164344,0.24984146258519743,-0.2236574781177676,35,0.03420669577874818,0.42652341191351417
pullback_continuation,rsi_pullback_50_200,LITE,False,5.444444444444445,0.19156383554041567,0.9372117669064868,-0.18836733142732365,40.0,0.09475218658892129,0.37147032800411695,5.4603174603174605,0.003946150154757522,0.11425798943463497,-0.2216712190083927,25,0.06031976744186047,0.4835742334132904,10.904761904761905,0.09360304980053069,0.5464018088038379,-0.2216712190083927,65,0.07751091703056769,0.42652341191351417
pullback_continuation,rsi_pullback_50_200_tight,LITE,False,5.444444444444445,0.0791927927507694,0.5977967728446769,-0.18297076660987588,21.0,0.04154518950437318,0.37147032800411695,5.4603174603174605,0.10658136238319793,0.8037275445565142,-0.17402277079419826,18,0.023255813953488372,0.4835742334132904,10.904761904761905,0.09282121005443256,0.6981058233224728,-0.2291426053523662,39,0.03238719068413391,0.42652341191351417
pullback_continuation,rsi_pullback_continuation,LITE,False,5.444444444444445,0.20961046905955727,0.7191299391808395,-0.4978796088084352,16.0,0.3032069970845481,0.37147032800411695,5.4603174603174605,-0.11350132734134433,-0.31146548608782476,-0.5512419575362558,6,0.18895348837209303,0.4835742334132904,10.904761904761905,0.03529372977762457,0.2689868826427577,-0.5512419575362549,22,0.24599708879184862,0.42652341191351417
pullback_continuation,ma_pullback,NNN,False,9.988095238095237,-0.008105908653339378,-0.01993653328245316,-0.3848102996505737,97.0,0.2248708780294001,0.04445915989078175,5.4603174603174605,-0.009296855719628128,-0.03826826552667347,-0.26703884737852257,62,0.22020348837209303,0.027565473313028388,15.448412698412698,-0.008527018248913998,-0.02619754704662041,-0.3848102996505737,159,0.22322116619573593,0.03845650113102006
pullback_continuation,rsi_pullback,NNN,False,9.988095238095237,-0.0053011088272995055,-0.063248167379493,-0.1808249041130816,43.0,0.04608661104489471,0.04445915989078175,5.4603174603174605,-0.0016149261194666753,0.0033017481242664866,-0.1189880227056076,20,0.04505813953488372,0.027565473313028388,15.448412698412698,-0.003999767113141317,-0.03904731162906941,-0.1808249041130816,63,0.045723092730542,0.03845650113102006
pullback_continuation,rsi_pullback_50_200,NNN,False,9.988095238095237,-0.018411542054671215,-0.18754324448443838,-0.23426383305628617,58.0,0.09177592371871275,0.04445915989078175,5.4603174603174605,-0.04846976188449348,-0.6716033887768036,-0.2693515227328973,23,0.08866279069767442,0.027565473313028388,15.448412698412698,-0.029142743900676837,-0.3422716475219692,-0.38302522991370014,81,0.09067557153865913,0.03845650113102006
pullback_continuation,rsi_pullback_50_200_tight,NNN,False,9.988095238095237,0.004991750864078215,0.11826182050462422,-0.12337376966855718,41.0,0.04847040127135479,0.04445915989078175,5.4603174603174605,-0.03466277324170086,-0.580644963982608,-0.2357924572189949,14,0.046511627906976744,0.027565473313028388,15.448412698412698,-0.009207094424963591,-0.1378112493931544,-0.2357924572189949,55,0.04777806319034164,0.03845650113102006
pullback_continuation,rsi_pullback_continuation,NNN,False,9.988095238095237,0.016631364543701288,0.20567186013016625,-0.20206848487016982,28.0,0.2578466428287644,0.04445915989078175,5.4603174603174605,-0.015903155908686628,-0.1216003654987826,-0.24517373506927675,10,0.2369186046511628,0.027565473313028388,15.448412698412698,0.005010775901904685,0.10056474494830443,-0.35052671765485366,38,0.2504495247880812,0.03845650113102006
pullback_continuation,ma_pullback,ODFL,False,9.988095238095237,0.010202971771081648,0.1427555532456689,-0.3503114694060975,110.0,0.23043305522447358,0.2998581055018441,5.4603174603174605,-0.010264544576023105,0.007967509803367299,-0.35489979023614593,56,0.20203488372093023,0.15934522617349045,15.448412698412698,0.00292071014918327,0.09450581941658343,-0.3631488290787499,166,0.22039558181351143,0.24834661022579185
pullback_continuation,rsi_pullback,ODFL,False,9.988095238095237,-0.02713182028170602,-0.38121761682300903,-0.3117700612417259,33.0,0.03377036154151768,0.2998581055018441,5.4603174603174605,-0.030286616423535695,-0.46576565578313056,-0.2345091653596616,19,0.03343023255813953,0.15934522617349045,15.448412698412698,-0.02824806951961678,-0.4096146745834552,-0.4307199009965741,52,0.033650141279219115,0.24834661022579185
pullback_continuation,rsi_pullback_50_200,ODFL,False,9.988095238095237,0.027915299961700057,0.30847164139553634,-0.22107098744265463,53.0,0.07787048073102901,0.2998581055018441,5.4603174603174605,-0.011699047674138874,-0.09280507725696344,-0.24161839056352863,26,0.07630813953488372,0.15934522617349045,15.448412698412698,0.013735185565296293,0.1853582870791869,-0.24161839056352785,79,0.07731826354996146,0.24834661022579185
pullback_continuation,rsi_pullback_50_200_tight,ODFL,False,9.988095238095237,-0.00980104002367621,-0.10289751545996256,-0.22247342954145977,34.0,0.03377036154151768,0.2998581055018441,5.4603174603174605,-0.0161732737629936,-0.21735768983088233,-0.14244524947486048,13,0.030523255813953487,0.15934522617349045,15.448412698412698,-0.012058039589234681,-0.14104855982615064,-0.27770393611274435,47,0.03262265604931929,0.24834661022579185
pullback_continuation,rsi_pullback_continuation,ODFL,False,9.988095238095237,0.05336619108801122,0.4089829191105109,-0.25868000678365,21.0,0.21454112038140644,0.2998581055018441,5.4603174603174605,0.07071001866834892,0.5296608883029661,-0.31039584699899725,12,0.22892441860465115,0.15934522617349045,15.448412698412698,0.059464114236897236,0.4503453159470264,-0.3103958469989968,33,0.21962496789108657,0.24834661022579185
pullback_continuation,ma_pullback,PLTR,False,0.25793650793650796,-0.252803324059269,-3.2933906922019465,-0.0724138656844463,1.0,0.046153846153846156,34.68021500063466,5.4603174603174605,0.12183237978375416,0.4940169744201723,-0.5370157675506975,44,0.22892441860465115,0.33255385791666625,5.718253968253968,0.10145510442929506,0.44558537984623653,-0.5370157675506979,44,0.22068008327550312,0.5421975246225907
pullback_continuation,rsi_pullback,PLTR,False,0.25793650793650796,0.0,,0.0,0.0,0.0,34.68021500063466,5.4603174603174605,0.21246740295631716,1.0560477838385716,-0.12318292681770182,29,0.04869186046511628,0.33255385791666625,5.718253968253968,0.20197633824102046,1.0318689499160316,-0.12318292681770182,29,0.046495489243580844,0.5421975246225907
pullback_continuation,rsi_pullback_50_200,PLTR,False,0.25793650793650796,0.0,,0.0,0.0,0.0,34.68021500063466,5.4603174603174605,0.20109046063454405,0.8964015848519512,-0.2104941293004151,27,0.0625,0.33255385791666625,5.718253968253968,0.19120429575525577,0.8759023926296111,-0.2104941293004151,27,0.05968077723802915,0.5421975246225907
pullback_continuation,rsi_pullback_50_200_tight,PLTR,False,0.25793650793650796,0.0,,0.0,0.0,0.0,34.68021500063466,5.4603174603174605,0.003225498972652341,0.08017867568505918,-0.15481230227468157,11,0.023255813953488372,0.33255385791666625,5.718253968253968,0.003079780760337991,0.07835071764668929,-0.15481230227468157,11,0.02220680083275503,0.5421975246225907
pullback_continuation,rsi_pullback_continuation,PLTR,False,0.25793650793650796,0.0,,0.0,0.0,0.0,34.68021500063466,5.4603174603174605,0.25810958892006886,0.8619336414055009,-0.3144414658607749,13,0.1867732558139535,0.33255385791666625,5.718253968253968,0.24514639355148948,0.842227243998286,-0.3144414658607749,13,0.17834836918806385,0.5421975246225907
pullback_continuation,ma_pullback,QQQ,False,9.988095238095237,0.01531605199865238,0.1935312746047798,-0.19568385058504567,109.0,0.2093762415574096,0.19162571769665293,5.4523809523809526,0.0124254473776102,0.16932537372144885,-0.2346200624319602,59,0.1804949053857351,0.1617737471396683,15.44047619047619,0.01429437280880208,0.18515450363072752,-0.23778503779148386,168,0.199177589308661,0.18099770513389823
pullback_continuation,rsi_pullback,QQQ,False,9.988095238095237,0.024933830970614856,0.3822408319877393,-0.10930842857157319,45.0,0.03535955502582439,0.19162571769665293,5.4523809523809526,0.02068812211833526,0.4768825704111268,-0.08137000160027164,21,0.04148471615720524,0.1617737471396683,15.44047619047619,0.023432561948949937,0.39864740703474544,-0.10930842857157319,66,0.037522487792341304,0.18099770513389823
pullback_continuation,rsi_pullback_50_200,QQQ,False,9.988095238095237,0.02346688328946711,0.30192080021279516,-0.11699534611727325,59.0,0.07389749702026222,0.19162571769665293,5.4523809523809526,0.047918184267062625,0.5327495301778012,-0.12132528171123524,36,0.07569141193595343,0.1617737471396683,15.44047619047619,0.03203533274354409,0.3867125482165189,-0.12132528171123513,95,0.07453096890259574,0.18099770513389823
pullback_continuation,rsi_pullback_50_200_tight,QQQ,False,9.988095238095237,0.005609248340867845,0.11479439484634764,-0.10930842857157308,40.0,0.03257846642828764,0.19162571769665293,5.4523809523809526,0.03576007804516235,0.48238337932619385,-0.08375138212740507,20,0.029839883551673944,0.1617737471396683,15.44047619047619,0.016154604626260838,0.2537354339488348,-0.1492459430244848,60,0.03161141094834233,0.18099770513389823
pullback_continuation,rsi_pullback_continuation,QQQ,False,9.988095238095237,0.04138788823815953,0.38097179753646293,-0.21289456001427975,24.0,0.24155740961462058,0.19162571769665293,5.4523809523809526,0.03237686227491254,0.30619730627187086,-0.21127902300400914,12,0.23726346433770015,0.1617737471396683,15.44047619047619,0.038196943460520716,0.3539547309218284,-0.21289456001427975,36,0.24004112053456694,0.18099770513389823
pullback_continuation,ma_pullback,SMH,False,9.988095238095237,0.054349919797878954,0.5312828481292476,-0.18971769327768784,121.0,0.22169249106078665,0.21003910566310657,5.4603174603174605,0.058010579368095394,0.4439415329465087,-0.2993171285502735,62,0.1933139534883721,0.370967714950327,15.448412698412698,0.05564234845653382,0.48743947431924267,-0.2993171285502735,183,0.21166195735936297,0.26463878293336807
pullback_continuation,rsi_pullback,SMH,False,9.988095238095237,0.010453449457980879,0.2170097061511839,-0.1502597435806955,41.0,0.03456495828367104,0.21003910566310657,5.4603174603174605,0.019948344230482418,0.3111558026958697,-0.1353323832616281,19,0.03197674418604651,0.370967714950327,15.448412698412698,0.013799324452001382,0.2540811820616354,-0.1502597435806955,60,0.033650141279219115,0.26463878293336807
pullback_continuation,rsi_pullback_50_200,SMH,False,9.988095238095237,0.006413501645608166,0.11599903276640193,-0.17278157200577093,57.0,0.07548669050456894,0.21003910566310657,5.4603174603174605,0.09417289528249118,0.8708338826272148,-0.10974543906482681,29,0.05813953488372093,0.370967714950327,15.448412698412698,0.03659766225096184,0.4175583083555532,-0.17278157200577093,86,0.06935525301823786,0.26463878293336807
pullback_continuation,rsi_pullback_50_200_tight,SMH,False,9.988095238095237,0.015253335819749747,0.265382432309077,-0.11961459646575723,30.0,0.029002781088597537,0.21003910566310657,5.4603174603174605,0.0404604102704913,0.6449326403048853,-0.0953943222462359,14,0.015988372093023256,0.370967714950327,15.448412698412698,0.024092347962651806,0.39926998052652585,-0.11961459646575723,44,0.02440277421012073,0.26463878293336807
pullback_continuation,rsi_pullback_continuation,SMH,False,9.988095238095237,0.1009343244000227,0.7622449278053667,-0.2878325680718945,30.0,0.22884386174016685,0.21003910566310657,5.4603174603174605,0.12645040326888868,0.7534886290319507,-0.21178131973028247,13,0.2129360465116279,0.370967714950327,15.448412698412698,0.10988638219195179,0.7526582247494331,-0.2878325680718945,43,0.22322116619573593,0.26463878293336807
pullback_continuation,ma_pullback,SPY,False,9.988095238095237,0.02231320417784155,0.3180225920899541,-0.17242144674622528,112.0,0.1950735001986492,0.11526693850590419,5.444444444444445,0.0179502914798384,0.2598613838904122,-0.1849546996089626,58,0.18513119533527697,0.1348302715972507,15.432539682539682,0.020771881866835873,0.29720935887870137,-0.18495469960896171,170,0.19156595525842118,0.12212988059614616
pullback_continuation,rsi_pullback,SPY,False,9.988095238095237,0.008945890212338936,0.22483958256202444,-0.11105862959082602,43.0,0.03655145013905443,0.11526693850590419,5.444444444444445,0.008153764021948007,0.2200998944094697,-0.081000514155526,24,0.03935860058309038,0.1348302715972507,15.432539682539682,0.00866636504713747,0.22312928647147784,-0.11105862959082602,67,0.037541784520442274,0.12212988059614616
pullback_continuation,rsi_pullback_50_200,SPY,False,9.988095238095237,-0.005938584554130322,-0.028886609178213667,-0.2705303900478925,60.0,0.07667858561779897,0.11526693850590419,5.444444444444445,0.01829793360494003,0.2682633408863504,-0.08385502707082426,30,0.06997084548104957,0.1348302715972507,15.432539682539682,0.00254524163489811,0.07244376418439966,-0.2705303900478925,90,0.07431216250964258,0.12212988059614616
pullback_continuation,rsi_pullback_50_200_tight,SPY,False,9.988095238095237,-0.005344313600525674,-0.045626073849326786,-0.1715691760607656,36.0,0.033373063170441,0.11526693850590419,5.444444444444445,0.008466977565012135,0.15757653497253532,-0.07509268482374865,22,0.03498542274052478,0.1348302715972507,15.432539682539682,-0.0004935579936559131,0.026655098473048255,-0.1715691760607656,58,0.033941887374646436,0.12212988059614616
pullback_continuation,rsi_pullback_continuation,SPY,False,9.988095238095237,0.03905146354648248,0.41698170436725446,-0.29700942374970796,30.0,0.27334127930075486,0.11526693850590419,5.444444444444445,0.011485743692060346,0.1604405379593509,-0.17945920954874928,11,0.21355685131195334,0.1348302715972507,15.432539682539682,0.029241827763883066,0.3259020804702929,-0.29700942374970796,41,0.2522499357161224,0.12212988059614616
pullback_continuation,ma_pullback,TLT,False,9.988095238095237,-0.007855416868485121,-0.10215183360236793,-0.22000222108427947,101.0,0.20699245133094954,0.053052351311529744,5.4603174603174605,-0.005897494899365308,-0.08591491863159464,-0.13180851563576645,46,0.16569767441860464,-0.10255861942999256,15.448412698412698,-0.007163820727489334,-0.09671408851922547,-0.28234465868457037,147,0.19239660929874133,-0.004813022967612768
pullback_continuation,rsi_pullback,TLT,False,9.988095238095237,0.004154362879510876,0.24540119834915683,-0.02795760621606702,34.0,0.03456495828367104,0.053052351311529744,5.4603174603174605,-0.0007386445655205298,-0.03925815135367321,-0.02647620084278124,18,0.024709302325581394,-0.10255861942999256,15.448412698412698,0.002422173724574872,0.15161605938514397,-0.02795760621606702,52,0.03108142820446956,-0.004813022967612768
pullback_continuation,rsi_pullback_50_200,TLT,False,9.988095238095237,0.004693324031791457,0.1430299034043468,-0.12342364317473364,52.0,0.0723083035359555,0.053052351311529744,5.4603174603174605,-0.01209672506063797,-0.3860669754047102,-0.08162824012866199,26,0.06177325581395349,-0.10255861942999256,15.448412698412698,-0.0012735594880581846,-0.01846234934111697,-0.12342364317473364,78,0.068584639095813,-0.004813022967612768
pullback_continuation,rsi_pullback_50_200_tight,TLT,False,9.988095238095237,0.0006101322924658703,0.03733577266939139,-0.05948482405755551,31.0,0.02820818434644418,0.053052351311529744,5.4603174603174605,-2.0651850582642517e-05,0.008736532764317614,-0.03978036689269582,13,0.02180232558139535,-0.10255861942999256,15.448412698412698,0.0003871330825606645,0.028396966225836266,-0.05948482405755551,44,0.02594400205497046,-0.004813022967612768
pullback_continuation,rsi_pullback_continuation,TLT,False,9.988095238095237,0.008744641428019229,0.16821503210360106,-0.14325265510602836,18.0,0.2208978943186333,0.053052351311529744,5.4603174603174605,-0.011344964186014606,-0.2254659092962753,-0.09836749604768924,7,0.15406976744186046,-0.10255861942999256,15.448412698412698,0.0015976495220684228,0.05653043449441731,-0.14325265510602836,25,0.1972771641407655,-0.004813022967612768
pullback_continuation,ma_pullback,WFRD,False,0.0,,,,,,,5.4603174603174605,0.019712984354476548,0.20227065364139196,-0.3275169209929224,50,0.19040697674418605,0.630747505913172,5.4603174603174605,0.019712984354476548,0.20227065364139196,-0.3275169209929224,50,0.19040697674418605,0.630747505913172
pullback_continuation,rsi_pullback,WFRD,True,0.0,,,,,,,5.4603174603174605,0.078503938483377,0.8714734330293519,-0.10022547293023498,19,0.03343023255813953,0.630747505913172,5.4603174603174605,0.078503938483377,0.8714734330293519,-0.10022547293023498,19,0.03343023255813953,0.630747505913172
pullback_continuation,rsi_pullback_50_200,WFRD,False,0.0,,,,,,,5.4603174603174605,0.020322044459177402,0.2125380392986063,-0.34990591426870743,27,0.06686046511627906,0.630747505913172,5.4603174603174605,0.020322044459177402,0.2125380392986063,-0.34990591426870743,27,0.06686046511627906,0.630747505913172
pullback_continuation,rsi_pullback_50_200_tight,WFRD,False,0.0,,,,,,,5.4603174603174605,-0.02347245393202202,-0.2042569421056353,-0.2630650471912118,12,0.03197674418604651,0.630747505913172,5.4603174603174605,-0.02347245393202202,-0.2042569421056353,-0.2630650471912118,12,0.03197674418604651,0.630747505913172
pullback_continuation,rsi_pullback_continuation,WFRD,False,0.0,,,,,,,5.4603174603174605,0.16382440004615217,0.8453054736011039,-0.3802486399530173,14,0.16061046511627908,0.630747505913172,5.4603174603174605,0.16382440004615217,0.8453054736011039,-0.3802486399530173,14,0.16061046511627908,0.630747505913172
pullback_continuation,ma_pullback,XHB,False,9.988095238095237,0.0369993833941078,0.37143251416628953,-0.3124257599717889,125.0,0.22566547477155344,0.12746863528360453,5.4603174603174605,0.03964284501106308,0.3893596823783434,-0.19854511183575874,42,0.19404069767441862,0.13600040404228353,15.448412698412698,0.03793295901756877,0.3778666490616101,-0.3124257599717889,167,0.21448754174158746,0.1304768844608004
pullback_continuation,rsi_pullback,XHB,False,9.988095238095237,0.013267313932010527,0.28092714266545576,-0.11005501681465324,40.0,0.03456495828367104,0.12746863528360453,5.4603174603174605,0.009521621010595949,0.2740898148255259,-0.08098748466421135,17,0.029069767441860465,0.13600040404228353,15.448412698412698,0.01194179499209147,0.2759543845649311,-0.11005501681465324,57,0.03262265604931929,0.1304768844608004
pullback_continuation,rsi_pullback_50_200,XHB,False,9.988095238095237,-0.023658787340922527,-0.16970965501189983,-0.40586008176417354,57.0,0.066746126340882,0.12746863528360453,5.4603174603174605,0.00010946162427116768,0.04770678370047766,-0.14193730987935638,34,0.10465116279069768,0.13600040404228353,15.448412698412698,-0.015323027764715502,-0.09926621670547013,-0.40586008176417354,91,0.08014384793218597,0.1304768844608004
pullback_continuation,rsi_pullback_50_200_tight,XHB,False,9.988095238095237,-0.04445046025560684,-0.4203079376203382,-0.4396104253879617,27.0,0.028605482717520857,0.12746863528360453,5.4603174603174605,0.001103888215340909,0.052908198885721895,-0.12194808950837654,21,0.0559593023255814,0.13600040404228353,15.448412698412698,-0.028590903908241372,-0.27479577571862634,-0.4396104253879617,48,0.0382738248137683,0.1304768844608004
pullback_continuation,rsi_pullback_continuation,XHB,False,9.988095238095237,-0.0013907943751073626,0.06330685576978778,-0.45041345831031543,22.0,0.23440603893524037,0.12746863528360453,5.4603174603174605,0.04677086959909715,0.4159310785260372,-0.25087467976162914,13,0.2376453488372093,0.13600040404228353,15.448412698412698,0.0153735857493007,0.1797819878267757,-0.45041345831031543,35,0.23555098895453377,0.1304768844608004
pullback_continuation,ma_pullback,XLB,False,9.988095238095237,0.03094999082493377,0.363699112313792,-0.2532494090052818,128.0,0.22169249106078665,0.06550681494213428,5.4523809523809526,-0.050569452225903255,-0.5252672148471802,-0.30748917579902957,50,0.2328966521106259,0.06552251183314306,15.44047619047619,0.0013936910722109896,0.06204789000943575,-0.30748917579902924,178,0.22564893343613468,0.0655123578425405
pullback_continuation,rsi_pullback,XLB,False,9.988095238095237,0.0013353313611068618,0.05217648596620542,-0.17251494170082493,42.0,0.03416765991259436,0.06550681494213428,5.4523809523809526,-0.006296152981626557,-0.12552363934543087,-0.06592312609132966,29,0.05458515283842795,0.06552251183314306,15.44047619047619,-0.0013661889669381866,-0.008248065634520147,-0.17251494170082493,71,0.041377537907992805,0.0655123578425405
pullback_continuation,rsi_pullback_50_200,XLB,False,9.988095238095237,-0.014236620249453158,-0.14371998256327076,-0.22071275302029336,62.0,0.07151370679380215,0.06550681494213428,5.4523809523809526,-0.0005671588131870298,0.024817098058125715,-0.11528505914753118,46,0.11644832605531295,0.06552251183314306,15.44047619047619,-0.00943111079612935,-0.0899846959781617,-0.22071275302029336,108,0.08738113595476742,0.0655123578425405
pullback_continuation,rsi_pullback_50_200_tight,XLB,False,9.988095238095237,-0.018491267384599497,-0.26371056823575434,-0.19976818010533026,33.0,0.030194676201827572,0.06550681494213428,5.4523809523809526,0.01728829964217571,0.40242570638763525,-0.09352082177768672,26,0.04512372634643377,0.06552251183314306,15.44047619047619,-0.006002751121528704,-0.07581731651050588,-0.19976818010533026,59,0.03546646106399383,0.0655123578425405
pullback_continuation,rsi_pullback_continuation,XLB,False,9.988095238095237,0.0284432694571759,0.3209119827888196,-0.2728014516388635,24.0,0.2391736193881605,0.06550681494213428,5.4523809523809526,0.056565805312446926,0.5464151318987356,-0.15100223731205908,19,0.3551673944687045,0.06552251183314306,15.44047619047619,0.038287436569036215,0.404037129515133,-0.2728014516388635,43,0.28013364173734256,0.0655123578425405
pullback_continuation,ma_pullback,XLC,False,2.5396825396825395,0.001314692198921552,0.0636318362880517,-0.11925129837550263,15.0,0.153125,0.12586303794533404,5.4603174603174605,0.02254502765842803,0.2852830976667745,-0.226149184503172,62,0.1998546511627907,0.08656133218728135,8.0,0.015756919705035122,0.21080431830154897,-0.22614918450317278,77,0.18501984126984128,0.09887387640187861
pullback_continuation,rsi_pullback,XLC,False,2.5396825396825395,0.012719998689725065,0.24217068124284594,-0.09791624838686219,7.0,0.0265625,0.12586303794533404,5.4603174603174605,0.0006898031773716617,0.03726857103531495,-0.10634642078295542,22,0.034156976744186045,0.08656133218728135,8.0,0.004493348954561993,0.12030335408395693,-0.1154638547423752,29,0.031746031746031744,0.09887387640187861
pullback_continuation,rsi_pullback_50_200,XLC,False,2.5396825396825395,-0.031190187696575666,-0.14918196388657312,-0.24230837248118586,10.0,0.059375,0.12586303794533404,5.4603174603174605,0.025767175628001793,0.3917049082860933,-0.06619358133804165,30,0.05159883720930233,0.08656133218728135,8.0,0.007331747984567594,0.12403431094602042,-0.24230837248118586,40,0.05406746031746032,0.09887387640187861
pullback_continuation,rsi_pullback_50_200_tight,XLC,False,2.5396825396825395,-0.003751514310316284,0.02083130869004238,-0.1562630631165084,9.0,0.0234375,0.12586303794533404,5.4603174603174605,0.005417482815527341,0.11482945369948912,-0.07524951054305018,13,0.023982558139534885,0.08656133218728135,8.0,0.0024975843669381437,0.07201731092017498,-0.1562630631165084,22,0.023809523809523808,0.09887387640187861
pullback_continuation,rsi_pullback_continuation,XLC,False,2.5396825396825395,-0.02917750656323337,-0.10904431039123741,-0.27885045326718216,5.0,0.1640625,0.12586303794533404,5.4603174603174605,0.07562025649955118,0.7823559197527151,-0.15413119303789635,13,0.18968023255813954,0.08656133218728135,8.0,0.041180225890143696,0.3959905972650838,-0.27885045326718216,18,0.18154761904761904,0.09887387640187861
pullback_continuation,ma_pullback,XLE,False,9.988095238095237,-0.04427086371285083,-0.3693701394049475,-0.40190256847266514,93.0,0.2093762415574096,-0.05719210934804997,5.4523809523809526,-0.0451542201807007,-0.22381857313123116,-0.3910142428232666,56,0.23726346433770015,0.20996680424123015,15.44047619047619,-0.04458289013578698,-0.30071941254511586,-0.5502617576807102,148,0.21922384991004884,0.029636971401044265
pullback_continuation,rsi_pullback,XLE,False,9.988095238095237,-0.025831328283409283,-0.43774336979800166,-0.26969020019229206,32.0,0.03814064362336114,-0.05719210934804997,5.4523809523809526,-0.002442682873700752,0.015625198646911885,-0.17089785444162253,25,0.04730713245997089,0.20996680424123015,15.44047619047619,-0.017635571896372215,-0.2248672742741129,-0.2782555923540696,57,0.041377537907992805,0.029636971401044265
pullback_continuation,rsi_pullback_50_200,XLE,False,9.988095238095237,-0.00010218314062004907,0.03375680705337615,-0.1635969649028559,50.0,0.07707588398887565,-0.05719210934804997,5.4523809523809526,0.013710796905703093,0.1853307253232565,-0.20022015762785428,38,0.09170305676855896,0.20996680424123015,15.44047619047619,0.004753861952268679,0.09885845281068824,-0.20022015762785483,88,0.08224106913389874,0.029636971401044265
pullback_continuation,rsi_pullback_50_200_tight,XLE,False,9.988095238095237,-0.004338766220222112,-0.05249247156577665,-0.157158304676705,26.0,0.029400079459674214,-0.05719210934804997,5.4523809523809526,0.03288962695363451,0.5394934365048274,-0.07613525762247508,21,0.03056768558951965,0.20996680424123015,15.44047619047619,0.008651620734509535,0.17755977227133818,-0.157158304676705,47,0.029812387561038295,0.029636971401044265
pullback_continuation,rsi_pullback_continuation,XLE,False,9.988095238095237,0.00790662887667204,0.13095401835774118,-0.20050706844843735,20.0,0.2093762415574096,-0.05719210934804997,5.4523809523809526,0.08115730400035193,0.5867202037464334,-0.22591531448865454,16,0.28820960698689957,0.20996680424123015,15.44047619047619,0.03318822320142756,0.33572308351202146,-0.2396609714645347,36,0.23721408378308917,0.029636971401044265
pullback_continuation,ma_pullback,XLF,False,9.988095238095237,0.014047040776619557,0.190340080917475,-0.2060816689221554,121.0,0.2093762415574096,0.0857879928830465,5.4523809523809526,0.014184500956687218,0.1968753097352663,-0.20333823324728795,57,0.2190684133915575,0.11634183363767647,15.44047619047619,0.014095578943463138,0.1925283137753938,-0.2060816689221554,178,0.212798766383963,0.09648053520727351
pullback_continuation,rsi_pullback,XLF,False,9.988095238095237,0.02155948088979942,0.4415200164034661,-0.09633393402834267,45.0,0.03575685339690107,0.0857879928830465,5.4523809523809526,0.009729944587087758,0.23918518030922925,-0.11226745173420138,25,0.039301310043668124,0.11634183363767647,15.44047619047619,0.017366458666121742,0.37557616110777403,-0.1122674517342015,70,0.03700848111025443,0.09648053520727351
pullback_continuation,rsi_pullback_50_200,XLF,False,9.988095238095237,-0.01783068946734323,-0.12765280162261766,-0.38266595735491804,65.0,0.07667858561779897,0.0857879928830465,5.4523809523809526,0.042003695081503256,0.49723177345193054,-0.1439839919408088,39,0.07860262008733625,0.11634183363767647,15.44047619047619,0.0028952438122487045,0.07928493072728567,-0.38437332278670644,104,0.0773580056540735,0.09648053520727351
pullback_continuation,rsi_pullback_50_200_tight,XLF,False,9.988095238095237,-0.023040315777656306,-0.22974081532439006,-0.37271346017875395,35.0,0.03456495828367104,0.0857879928830465,5.4523809523809526,0.02086558301135355,0.3357780187644116,-0.07709700861778701,19,0.03420669577874818,0.11634183363767647,15.44047619047619,-0.007756116251713907,-0.05707398585281257,-0.39204369971775743,54,0.034438447699820095,0.09648053520727351
pullback_continuation,rsi_pullback_continuation,XLF,False,9.988095238095237,0.018345991014808716,0.2079836081513858,-0.41107544344177915,26.0,0.2844656336909019,0.0857879928830465,5.4523809523809526,0.04859881269832078,0.46011659692187745,-0.19847928553019867,15,0.26055312954876275,0.11634183363767647,15.44047619047619,0.028927938796217356,0.29304313079890215,-0.41107544344177915,41,0.27602158828064766,0.09648053520727351
pullback_continuation,ma_pullback,XLI,False,9.988095238095237,0.006945583369839081,0.1216100102347116,-0.274746277885616,114.0,0.22526817640047675,0.09779665969711493,5.4523809523809526,0.017427196942944922,0.24905854834182722,-0.1541131552760645,56,0.2183406113537118,0.13919311543334478,15.44047619047619,0.010634487202748177,0.16385622762531551,-0.274746277885616,170,0.2228218966846569,0.11223999649609362
pullback_continuation,rsi_pullback,XLI,False,9.988095238095237,0.005877360931619835,0.15969483096318324,-0.15610221485628928,43.0,0.03655145013905443,0.09779665969711493,5.4523809523809526,0.00443928600278265,0.12733149931497564,-0.06027456706873602,27,0.04585152838427948,0.13919311543334478,15.44047619047619,0.005369309182593929,0.14841104947163736,-0.15610221485628928,70,0.0398355178617322,0.11223999649609362
pullback_continuation,rsi_pullback_50_200,XLI,False,9.988095238095237,-0.029956579652108517,-0.33011793041101545,-0.3409792453319501,67.0,0.07985697258641239,0.09779665969711493,5.4523809523809526,0.019027841147767566,0.2845719295499389,-0.10107649093020543,40,0.08733624454148471,0.13919311543334478,15.44047619047619,-0.012934010415460273,-0.12233981982271984,-0.3409792453319501,107,0.08249807247494217,0.11223999649609362
pullback_continuation,rsi_pullback_50_200_tight,XLI,False,9.988095238095237,-0.03589657442430827,-0.4674297305823948,-0.3362882999354476,33.0,0.03615415176797775,0.09779665969711493,5.4523809523809526,0.012309199173812235,0.2224285660527053,-0.06410450900324727,20,0.03566229985443959,0.13919311543334478,15.44047619047619,-0.019142002709728212,-0.24209964112172658,-0.3362882999354476,53,0.0359804677460807,0.11223999649609362
pullback_continuation,rsi_pullback_continuation,XLI,False,9.988095238095237,0.027954660463549663,0.30805037922661027,-0.3460042366665851,31.0,0.26062773142630113,0.09779665969711493,5.4523809523809526,0.04644249573596859,0.47410994713263227,-0.16387102094122008,14,0.3034934497816594,0.13919311543334478,15.44047619047619,0.03444552672709755,0.3663613452113318,-0.3460042366665851,45,0.2757645849396042,0.11223999649609362
pullback_continuation,ma_pullback,XLK,False,9.988095238095237,0.004520307162080739,0.09532173812916653,-0.19046349870550583,109.0,0.2077870480731029,0.17859109679812768,5.4523809523809526,0.007524007859859294,0.12297609297038128,-0.34523948478342603,56,0.1826783114992722,0.20908678344991727,15.44047619047619,0.005579957592228624,0.10568449190398757,-0.3452394847834256,165,0.19892058596761758,0.18927094919385312
pullback_continuation,rsi_pullback,XLK,False,9.988095238095237,0.03494417009796846,0.6226260240363815,-0.1032032535612889,49.0,0.03535955502582439,0.17859109679812768,5.4523809523809526,0.005869179588988915,0.13606495480247713,-0.12037940192264829,21,0.03420669577874818,0.20908678344991727,15.44047619047619,0.024582377084967355,0.45869623064786325,-0.12037940192264851,70,0.034952454381906965,0.18927094919385312
pullback_continuation,rsi_pullback_50_200,XLK,False,9.988095238095237,0.03074157498130181,0.37604812746345806,-0.1493986915012867,66.0,0.07747318235995232,0.17859109679812768,5.4523809523809526,0.03274729436448087,0.43442203101986054,-0.09192785378349089,30,0.06259097525473072,0.20908678344991727,15.44047619047619,0.03144939451432971,0.39463220918966047,-0.1493986915012867,96,0.07221793883320483,0.18927094919385312
pullback_continuation,rsi_pullback_50_200_tight,XLK,False,9.988095238095237,0.019668099076037393,0.3334162211258608,-0.13781601508221875,40.0,0.03377036154151768,0.17859109679812768,5.4523809523809526,0.05253181026001452,0.9283242611871536,-0.06032228112641291,22,0.028384279475982533,0.20908678344991727,15.44047619047619,0.031154139726661034,0.5252463421274972,-0.13940796429092972,62,0.03186841428938576,0.18927094919385312
pullback_continuation,rsi_pullback_continuation,XLK,False,9.988095238095237,0.09697130039337498,0.752652219757554,-0.2480587082747967,32.0,0.2789034564958284,0.17859109679812768,5.4523809523809526,0.05649412189819336,0.48445526381839565,-0.14878704738635806,13,0.23799126637554585,0.20908678344991727,15.44047619047619,0.08250376643471946,0.6597490131168952,-0.2480587082747967,45,0.2644564379336931,0.18927094919385312
pullback_continuation,ma_pullback,XLP,False,9.988095238095237,0.0014260877072547196,0.05608456804601077,-0.2019519999957512,120.0,0.2129519268970997,0.08702555717011995,5.4523809523809526,-0.05300302129974532,-0.8376261052678493,-0.29174379469539624,48,0.2088791848617176,0.04206367308455672,15.44047619047619,-0.018142397954118872,-0.2286444878648038,-0.3441525305311377,168,0.2115137496787458,0.07093113514860061
pullback_continuation,rsi_pullback,XLP,False,9.988095238095237,-0.006697936710302277,-0.11016733587210249,-0.1837563424888291,39.0,0.03377036154151768,0.08702555717011995,5.4523809523809526,-0.004402683651676842,-0.15656240570367388,-0.0848187816425382,25,0.046579330422125184,0.04206367308455672,15.44047619047619,-0.005888035992358875,-0.11621893105744874,-0.1837563424888291,64,0.0382934978154716,0.07093113514860061
pullback_continuation,rsi_pullback_50_200,XLP,False,9.988095238095237,-0.011512966829786753,-0.13591416078634816,-0.22721829859613485,70.0,0.08303535955502582,0.08702555717011995,5.4523809523809526,0.013889403919534082,0.31012948422772285,-0.0678238323385586,40,0.1098981077147016,0.04206367308455672,15.44047619047619,-0.002616339739870077,-0.011280382890544035,-0.22721829859613485,110,0.09252120277563608,0.07093113514860061
pullback_continuation,rsi_pullback_50_200_tight,XLP,False,9.988095238095237,-0.0014161780833502613,-0.004124480966307806,-0.16879260410529684,31.0,0.03814064362336114,0.08702555717011995,5.4523809523809526,0.009783654497431904,0.33349435632541485,-0.05708592603219531,29,0.0487627365356623,0.04206367308455672,15.44047619047619,0.0025244766620853287,0.07968731224868585,-0.16879260410529684,60,0.04189154459007967,0.07093113514860061
pullback_continuation,rsi_pullback_continuation,XLP,False,9.988095238095237,0.030728943380605722,0.3680138667709918,-0.19773126355369708,29.0,0.24751688518077075,0.08702555717011995,5.4523809523809526,0.046462704625662266,0.6321308278170807,-0.08425690527309482,18,0.3369723435225619,0.04206367308455672,15.44047619047619,0.036257686698129454,0.4468157166998228,-0.19773126355369708,47,0.2791056283731688,0.07093113514860061
pullback_continuation,ma_pullback,XLU,False,9.988095238095237,-0.023365360583610606,-0.2533294620101145,-0.29601572512946805,122.0,0.23083035359555026,0.07189624941274464,5.4523809523809526,-0.05184669982531476,-0.7337063446320694,-0.29078555483064394,55,0.2052401746724891,0.07087876600045884,15.44047619047619,-0.033519178571112085,-0.4059721219406332,-0.475414720363858,177,0.22179388332048317,0.07153684266564309
pullback_continuation,rsi_pullback,XLU,False,9.988095238095237,-0.012787692428309905,-0.3342914719003928,-0.1400921000605937,36.0,0.04251092570520461,0.07189624941274464,5.4523809523809526,-0.026484941282839403,-0.9006714334078258,-0.16478707141441373,19,0.04439592430858806,0.07087876600045884,15.44047619047619,-0.017646372976725777,-0.5043620799697791,-0.26493591548014994,55,0.04317656129529684,0.07153684266564309
pullback_continuation,rsi_pullback_50_200,XLU,False,9.988095238095237,-0.009755962861333844,-0.0974460216178431,-0.2468858313801391,49.0,0.08462455303933254,0.07189624941274464,5.4523809523809526,-0.004389249578721777,-0.0295789183150904,-0.1974457269260278,33,0.09679767103347889,0.07087876600045884,15.44047619047619,-0.00786416725806982,-0.07434504015054674,-0.2748298117255128,82,0.08892315600102801,0.07153684266564309
pullback_continuation,rsi_pullback_50_200_tight,XLU,False,9.988095238095237,0.0011397011631979481,0.04984188337828971,-0.16667486147768296,33.0,0.044497417560588004,0.07189624941274464,5.4523809523809526,0.005054648170071285,0.11877639673707087,-0.1183385520832343,18,0.04002911208151383,0.07087876600045884,15.44047619047619,0.002520412600180988,0.07265352044949933,-0.20335268154734953,51,0.0429195579542534,0.07153684266564309
pullback_continuation,rsi_pullback_continuation,XLU,False,9.988095238095237,0.022342031154476416,0.2687551743051265,-0.309809083393497,24.0,0.22606277314263012,0.07189624941274464,5.4523809523809526,0.08090234119557138,0.8074837081155045,-0.16939406580604943,17,0.30131004366812225,0.07087876600045884,15.44047619047619,0.042649494096949514,0.46047652863675553,-0.309809083393497,40,0.2526342842456952,0.07153684266564309
pullback_continuation,ma_pullback,XLY,False,9.988095238095237,0.004089617425367509,0.09065568960608142,-0.23814804523713629,126.0,0.21613031386571316,0.15717730507774008,5.4523809523809526,-0.015112684228281603,-0.07947466757552162,-0.29081413074829476,57,0.21179039301310043,0.0679904079158058,15.44047619047619,-0.0027335372921274415,0.022509855561971978,-0.31770557958120305,183,0.21459778977126703,0.12486329403955354
pullback_continuation,rsi_pullback,XLY,False,9.988095238095237,-0.004346008111087651,-0.051658404721296354,-0.14721619914983908,42.0,0.03655145013905443,0.15717730507774008,5.4523809523809526,0.028952017775761396,0.7098805619168705,-0.06387255209861564,19,0.028384279475982533,0.0679904079158058,15.44047619047619,0.007287373688168675,0.169226004312267,-0.14721619914983908,61,0.033667437676689796,0.12486329403955354
pullback_continuation,rsi_pullback_50_200,XLY,False,9.988095238095237,-0.0021021561529418475,0.02490527517514019,-0.2948430683120601,67.0,0.08104886769964244,0.15717730507774008,5.4523809523809526,0.011097978420481436,0.15760187496822003,-0.13920305274321065,33,0.09170305676855896,0.0679904079158058,15.44047619047619,0.0025393102341917384,0.07536767522590675,-0.31012596996907205,100,0.08481110254433308,0.12486329403955354
pullback_continuation,rsi_pullback_50_200_tight,XLY,False,9.988095238095237,-0.005731444324060475,-0.04622211027943836,-0.17038056697947834,36.0,0.03694874851013111,0.15717730507774008,5.4523809523809526,0.03179071570850689,0.4328951813653771,-0.08360232390709454,22,0.04730713245997089,0.0679904079158058,15.44047619047619,0.007360017552972886,0.13651663572940703,-0.23259096826152814,58,0.040606527884862506,0.12486329403955354
pullback_continuation,rsi_pullback_continuation,XLY,False,9.988095238095237,0.02771519668696598,0.28372543042371196,-0.3222260686912918,29.0,0.2872467222884386,0.15717730507774008,5.4523809523809526,0.008376014403942866,0.1297120480848474,-0.1999957390996815,12,0.26564774381368267,0.0679904079158058,15.44047619047619,0.02084409541006682,0.22477930603924542,-0.3222260686912918,41,0.2796196350552557,0.12486329403955354
trend_following,adx_trend,APP,False,0.0,,,,,,,5.170634920634921,0.3040685289028411,0.8536189375731695,-0.5432593691555189,16,0.30775134305448965,0.46386451279626284,5.170634920634921,0.3040685289028411,0.8536189375731695,-0.5432593691555189,16,0.30775134305448965,0.46386451279626284
trend_following,chandelier_trend,APP,False,0.0,,,,,,,5.170634920634921,0.44239415436045415,0.9952684828809593,-0.49155000566710094,31,0.4328472755180353,0.46386451279626284,5.170634920634921,0.44239415436045415,0.9952684828809593,-0.49155000566710094,31,0.4328472755180353,0.46386451279626284
trend_following,channel_breakout,APP,False,0.0,,,,,,,5.170634920634921,0.5026279871857262,1.014788697831276,-0.7345145705494048,10,0.5709900230237912,0.46386451279626284,5.170634920634921,0.5026279871857262,1.014788697831276,-0.7345145705494048,10,0.5709900230237912,0.46386451279626284
trend_following,dual_ma_trend,APP,False,0.0,,,,,,,5.170634920634921,0.7513018912740101,1.2404159450648173,-0.6036179567076582,2,0.5502686108979279,0.46386451279626284,5.170634920634921,0.7513018912740101,1.2404159450648173,-0.6036179567076582,2,0.5502686108979279,0.46386451279626284
trend_following,ma_trend,APP,False,0.0,,,,,,,5.170634920634921,0.7254498464283077,1.2488176396179147,-0.5418256361259863,37,0.5648503453568687,0.46386451279626284,5.170634920634921,0.7254498464283077,1.2488176396179147,-0.5418256361259863,37,0.5648503453568687,0.46386451279626284
trend_following,ma_trend_long_only,APP,False,0.0,,,,,,,5.170634920634921,0.6675211899077222,1.2048546037785992,-0.6515891386293438,5,0.5303146584804298,0.46386451279626284,5.170634920634921,0.6675211899077222,1.2048546037785992,-0.6515891386293438,5,0.5303146584804298,0.46386451279626284
trend_following,adx_trend,CRWD,False,1.5634920634920635,0.09713670550670606,0.4434695412835287,-0.3607117281831663,12.0,0.32741116751269034,1.294626585553547,5.448412698412699,0.01620210279540446,0.18189493923617467,-0.3427372749598775,17,0.17698470502549163,0.23902000946575552,7.011904761904762,0.03371520227896929,0.2587151937345929,-0.3607117281831663,28,0.21052631578947367,0.42113936410004205
trend_following,chandelier_trend,CRWD,False,1.5634920634920635,0.8317604857891943,1.5226538693489728,-0.2491262207449968,8.0,0.4720812182741117,1.294626585553547,5.448412698412699,0.027238179811737817,0.24612682167227445,-0.5967572173946885,32,0.4770575382374363,0.23902000946575552,7.011904761904762,0.16864437778276553,0.6115909560264042,-0.6380995875612236,39,0.47594793435200905,0.42113936410004205
trend_following,channel_breakout,CRWD,False,1.5634920634920635,0.924360435430964,1.6117171002306205,-0.31596642105461226,2.0,0.5685279187817259,1.294626585553547,5.448412698412699,0.08651391631634953,0.41074660023386583,-0.5003799298969365,14,0.6154406409322651,0.23902000946575552,7.011904761904762,0.23421134487211726,0.7311628705190046,-0.5003799298969367,15,0.6049801924165252,0.42113936410004205
trend_following,dual_ma_trend,CRWD,False,1.5634920634920635,0.8288197694063055,1.6999037540658586,-0.21823200566273337,1.0,0.39593908629441626,1.294626585553547,5.448412698412699,0.11163689107622421,0.4645524933107475,-0.4865481168685363,4,0.6416605972323379,0.23902000946575552,7.011904761904762,0.24214503740310422,0.7410390722241137,-0.48654811686853616,4,0.586870401810979,0.42113936410004205
trend_following,ma_trend,CRWD,False,1.5634920634920635,0.42900846453170627,0.9833664987008004,-0.40487561244099124,13.0,0.5939086294416244,1.294626585553547,5.448412698412699,0.18905441450380245,0.6639797410037085,-0.5016722135885869,41,0.6045156591405682,0.23902000946575552,7.011904761904762,0.2388041518406263,0.7465055409608997,-0.5016722135885868,53,0.6021505376344086,0.42113936410004205
trend_following,ma_trend_long_only,CRWD,False,1.5634920634920635,1.1268516816331058,1.9954633225762275,-0.21823200566273315,1.0,0.45685279187817257,1.294626585553547,5.448412698412699,0.11095882044729533,0.46854320399255145,-0.5084858601905544,17,0.6314639475600874,0.23902000946575552,7.011904761904762,0.284062516421866,0.8386968514556035,-0.5084858601905548,17,0.5925297113752123,0.42113936410004205
trend_following,adx_trend,FRHC,False,2.9007936507936507,0.5816328313195391,2.195025028232371,-0.12291663548460607,8.0,0.37209302325581395,0.899413404155327,5.4603174603174605,0.05486897673696567,0.36918649908986706,-0.2916629559265732,21,0.3248546511627907,0.18362944387181956,8.36111111111111,0.21402472513471293,1.0460225364258409,-0.2916629559265732,28,0.3412434741338396,0.39448737520931076
trend_following,chandelier_trend,FRHC,False,2.9007936507936507,0.45158269196263734,1.6003127937451715,-0.25518060210363513,23.0,0.5540355677154583,0.899413404155327,5.4603174603174605,0.2132064536505156,0.9619501025939412,-0.20739130113236992,25,0.407703488372093,0.18362944387181956,8.36111111111111,0.29111133854353066,1.1973674228160194,-0.25518060210363513,47,0.4584717607973422,0.39448737520931076
trend_following,channel_breakout,FRHC,False,2.9007936507936507,0.8723943712977797,2.259984005868413,-0.25827622821016927,4.0,0.7305061559507524,0.899413404155327,5.4603174603174605,0.13511420627449255,0.5833624740422645,-0.2728933450995614,12,0.6424418604651163,0.18362944387181956,8.36111111111111,0.3503594774571084,1.1770043992261152,-0.27289334509956176,15,0.6729947793070716,0.39448737520931076
trend_following,dual_ma_trend,FRHC,False,2.9007936507936507,0.8740678596795741,2.170350842780166,-0.24384381735504002,1.0,0.7264021887824897,0.899413404155327,5.4603174603174605,0.20971667462134458,0.7251758551946471,-0.39639210550559856,5,0.7122093023255814,0.18362944387181956,8.36111111111111,0.40811232269751274,1.1967487300108934,-0.396392105505598,5,0.7171333649738966,0.39448737520931076
trend_following,ma_trend,FRHC,False,2.9007936507936507,0.8766527615740209,2.320781437809192,-0.15049969980608158,13.0,0.7551299589603283,0.899413404155327,5.4603174603174605,0.16230523511896577,0.6878511322237484,-0.33465071889477094,49,0.5675872093023255,0.18362944387181956,8.36111111111111,0.3724785604439851,1.2760643783877135,-0.3346507188947705,61,0.6326530612244898,0.39448737520931076
trend_following,ma_trend_long_only,FRHC,False,2.9007936507936507,0.7629259200932843,1.9973266090674764,-0.2346349611959928,5.0,0.7140902872777017,0.899413404155327,5.4603174603174605,0.06490640091420308,0.3570612165929469,-0.4645438178132443,25,0.6882267441860465,0.18362944387181956,8.36111111111111,0.26842322431539256,0.9285982648489718,-0.46454381781324383,29,0.6971998101566208,0.39448737520931076
trend_following,adx_trend,GLD,False,9.988095238095237,0.004656285189802434,0.09925736058582707,-0.1890479737334565,25.0,0.17759237187127533,0.02548390538222889,5.4523809523809526,0.06220740781931555,0.5920198910227412,-0.1481815833897553,17,0.2838427947598253,0.14087739486536122,15.44047619047619,0.024613759761203058,0.31395816732932613,-0.1890479737334565,42,0.2151117964533539,0.06483422276837847
trend_following,chandelier_trend,GLD,False,9.988095238095237,0.023747662666298686,0.308393192921782,-0.191670788763174,53.0,0.3472387763210171,0.02548390538222889,5.4523809523809526,0.03328759641978141,0.34275317247145726,-0.2498319576117789,38,0.40684133915574966,0.14087739486536122,15.44047619047619,0.027106326921390034,0.3200929079253604,-0.24983195761177934,90,0.3682857877152403,0.06483422276837847
trend_following,channel_breakout,GLD,False,9.988095238095237,0.004833350174995976,0.09937995644252147,-0.3293481499071029,27.0,0.5188716726261422,0.02548390538222889,5.4523809523809526,0.12157165376833312,0.8386407627007003,-0.2544841136494975,11,0.6826783114992722,0.14087739486536122,15.44047619047619,0.04459907192484969,0.406344328275569,-0.3325587336751442,38,0.5767154973014649,0.06483422276837847
trend_following,dual_ma_trend,GLD,False,9.988095238095237,0.02763756926042249,0.2834037431012161,-0.37032733566770704,7.0,0.5848232022248708,0.02548390538222889,5.4523809523809526,0.0853450043243229,0.5907080724659791,-0.28399836987224947,6,0.727802037845706,0.14087739486536122,15.44047619047619,0.047656251832724816,0.40782420377144674,-0.37032733566770704,12,0.6353122590593677,0.06483422276837847
trend_following,ma_trend,GLD,False,9.988095238095237,-0.0017724784304349317,0.03913335600841726,-0.44866553739662207,87.0,0.4898688915375447,0.02548390538222889,5.4523809523809526,0.10346699895216838,0.7577141246218524,-0.1757971044388642,46,0.5967976710334789,0.14087739486536122,15.44047619047619,0.03419134441762495,0.33476290389098634,-0.44866553739662207,132,0.5276278591621691,0.06483422276837847
trend_following,ma_trend_long_only,GLD,False,9.988095238095237,0.015165542101785556,0.18607489622296838,-0.3633905156241263,40.0,0.5609852999602701,0.02548390538222889,5.4523809523809526,0.10001768476317552,0.683123332441254,-0.2544312084243784,29,0.7314410480349345,0.14087739486536122,15.44047619047619,0.04435394116421465,0.39090586074562594,-0.3633905156241263,68,0.621177075301979,0.06483422276837847
trend_following,adx_trend,IBB,False,9.988095238095237,-0.009176650448372126,-0.03959772364046734,-0.486592114362414,40.0,0.2208978943186333,0.17162445805812143,5.4603174603174605,0.019643200173607545,0.29185448798982006,-0.19622030852104666,12,0.14680232558139536,0.03968667606380816,15.448412698412698,0.0009155844521606671,0.05668137872313595,-0.486592114362414,51,0.19470845106601592,0.12317928378386744
trend_following,chandelier_trend,IBB,False,9.988095238095237,0.04250395980378463,0.35228696331550247,-0.3702136870966848,61.0,0.4898688915375447,0.17162445805812143,5.4603174603174605,0.01718224732394047,0.2024934797864183,-0.22195285484408023,30,0.373546511627907,0.03968667606380816,15.448412698412698,0.03348264708387161,0.30528009771233794,-0.3702136870966848,91,0.44875417415874647,0.12317928378386744
trend_following,channel_breakout,IBB,False,9.988095238095237,0.07117021386056277,0.47810372436292115,-0.45782515982883654,28.0,0.6861342868494239,0.17162445805812143,5.4603174603174605,-0.0010328894728843796,0.06271820112246718,-0.3506357487916254,16,0.5363372093023255,0.03968667606380816,15.448412698412698,0.045072029207378295,0.35033773878102203,-0.5137805448569875,43,0.6331877729257642,0.12317928378386744
trend_following,dual_ma_trend,IBB,False,9.988095238095237,0.10953707387874112,0.5819196384726435,-0.503199971016788,9.0,0.7393722685736989,0.17162445805812143,5.4603174603174605,0.03987437099757196,0.33708089805519287,-0.24773888612982553,5,0.6046511627906976,0.03968667606380816,15.448412698412698,0.08439671726439313,0.5081684284902175,-0.503199971016788,13,0.691754431030054,0.12317928378386744
trend_following,ma_trend,IBB,False,9.988095238095237,0.053984735526793726,0.3879124994457125,-0.3865293034315489,92.0,0.6801748112832737,0.17162445805812143,5.4603174603174605,0.016970806936332128,0.1893358556877708,-0.24442100459004656,52,0.5363372093023255,0.03968667606380816,15.448412698412698,0.04075052461138906,0.3253384891539007,-0.3865293034315489,143,0.6293347033136398,0.12317928378386744
trend_following,ma_trend_long_only,IBB,False,9.988095238095237,0.06335661020113692,0.40778798399864047,-0.5809391069632953,40.0,0.7385776718315455,0.17162445805812143,5.4603174603174605,0.022056074332707842,0.22065867493100588,-0.2767002630541715,23,0.5893895348837209,0.03968667606380816,15.448412698412698,0.04857143358163074,0.3504510105417265,-0.5809391069632953,62,0.6858463909581299,0.12317928378386744
trend_following,adx_trend,PDBC,False,6.142857142857143,-0.02393057744398408,-0.388516539740846,-0.2002717948361089,19.0,0.1343669250645995,-0.07875838914949973,5.4603174603174605,0.068967683933574,0.714984713741919,-0.16469696156823987,11,0.1824127906976744,0.00720406850603017,11.603174603174603,0.018735292208822196,0.27027987992546937,-0.2002717948361089,29,0.1569767441860465,-0.0392459606205684
trend_following,chandelier_trend,PDBC,False,6.142857142857143,0.011296856910922415,0.16507538155955684,-0.16558652509953997,30.0,0.3669250645994832,-0.07875838914949973,5.4603174603174605,-0.03351073642461222,-0.21276664198611114,-0.4457747938664931,43,0.36119186046511625,0.00720406850603017,11.603174603174603,-0.01004211991047188,-0.03658361350923176,-0.4457747938664929,72,0.3642270861833105,-0.0392459606205684
trend_following,channel_breakout,PDBC,False,6.142857142857143,-0.02685799253127097,-0.22350896729885938,-0.2792984711801666,17.0,0.42958656330749356,-0.07875838914949973,5.4603174603174605,0.02785372330107405,0.2618305384920931,-0.3083100272834002,15,0.5363372093023255,0.00720406850603017,11.603174603174603,-0.0014838638198390042,0.04988424447284213,-0.30831002728340107,31,0.4798221614227086,-0.0392459606205684
trend_following,dual_ma_trend,PDBC,False,6.142857142857143,-0.014270641050851962,-0.11226836823332885,-0.3216631252233014,5.0,0.36627906976744184,-0.07875838914949973,5.4603174603174605,-0.05623392675649863,-0.21982125209169592,-0.5960750131710089,6,0.4883720930232558,0.00720406850603017,11.603174603174603,-0.03424556180193561,-0.17152067019016787,-0.5960750131710095,10,0.423734610123119,-0.0392459606205684
trend_following,ma_trend,PDBC,False,6.142857142857143,-0.007184895795037116,-0.015221732304173183,-0.25697761119078355,47.0,0.46770025839793283,-0.07875838914949973,5.4603174603174605,0.0786239606652046,0.5752266198007067,-0.2967227274279953,49,0.5683139534883721,0.00720406850603017,11.603174603174603,0.03231050405113334,0.31062171910867503,-0.296722727427997,95,0.5150478796169631,-0.0392459606205684
trend_following,ma_trend_long_only,PDBC,False,6.142857142857143,-0.020189803101387294,-0.18007623699814082,-0.2888326273281112,28.0,0.36757105943152457,-0.07875838914949973,5.4603174603174605,-0.08972955601510035,-0.45405376465593295,-0.6596728648391779,40,0.4796511627906977,0.00720406850603017,11.603174603174603,-0.05355248153454939,-0.33587554193164454,-0.6596728648391778,67,0.42031463748290016,-0.0392459606205684
trend_following,adx_trend,PLTR,False,0.25793650793650796,-0.22854753574442022,-0.5370757279802195,-0.17636929790321088,1.0,0.23076923076923078,34.68021500063466,5.4603174603174605,0.15326391410902573,0.5445515383262506,-0.5186387422150281,16,0.23909883720930233,0.33255385791666625,5.718253968253968,0.13253606635875959,0.5011007591008382,-0.5186387422150283,16,0.2387231089521166,0.5421975246225907
trend_following,chandelier_trend,PLTR,False,0.25793650793650796,20.440531312299505,3.294694290261774,-0.28695096536361353,1.0,0.38461538461538464,34.68021500063466,5.4603174603174605,0.14964751107396923,0.538960101656079,-0.5039074675883074,32,0.42151162790697677,0.33255385791666625,5.718253968253968,0.3118421169689405,0.8037757824107385,-0.5300713146942756,33,0.4198473282442748,0.5421975246225907
trend_following,channel_breakout,PLTR,False,0.25793650793650796,0.0,,0.0,0.0,0.0,34.68021500063466,5.4603174603174605,0.1177132303974524,0.4688424948466241,-0.6055373812118816,15,0.5465116279069767,0.33255385791666625,5.718253968253968,0.11211660557704883,0.4581448071084479,-0.6055373812118816,15,0.5218598195697433,0.5421975246225907
trend_following,dual_ma_trend,PLTR,False,0.25793650793650796,0.0,,0.0,0.0,0.0,34.68021500063466,5.4603174603174605,0.6448778123791374,1.2096469971974941,-0.4618924495604385,3,0.5683139534883721,0.33255385791666625,5.718253968253968,0.6083641355398044,1.1819145877784192,-0.4618924495604385,3,0.5426786953504511,0.5421975246225907
trend_following,ma_trend,PLTR,False,0.25793650793650796,-0.22854753574442022,-0.5370757279802195,-0.17636929790321088,1.0,0.23076923076923078,34.68021500063466,5.4603174603174605,0.10181039044664875,0.4377847986127082,-0.7094292123854384,50,0.532703488372093,0.33255385791666625,5.718253968253968,0.08423723234841596,0.4051593960577086,-0.7094292123854385,50,0.5190839694656488,0.5421975246225907
trend_following,ma_trend_long_only,PLTR,False,0.25793650793650796,0.0,,0.0,0.0,0.0,34.68021500063466,5.4603174603174605,0.4970291286572459,1.0432534107271338,-0.4878501541364838,13,0.5479651162790697,0.33255385791666625,5.718253968253968,0.47002946917309885,1.0193699632247697,-0.4878501541364838,13,0.5232477446217905,0.5421975246225907
trend_following,adx_trend,QQQ,False,9.988095238095237,-0.001379573269416623,0.017666980403642,-0.19467477922762388,38.0,0.21096543504171633,0.19162571769665293,5.4523809523809526,0.06811187082220282,0.8546984050813707,-0.10453494484854486,18,0.24017467248908297,0.1617737471396683,15.44047619047619,0.022627293265111037,0.33339836674921325,-0.19467477922762388,56,0.2212798766383963,0.18099770513389823
trend_following,chandelier_trend,QQQ,False,9.988095238095237,0.05144303856687649,0.5123326298105417,-0.17494396702674841,66.0,0.55502582439412,0.19162571769665293,5.4523809523809526,0.04633676477022752,0.4216976885901759,-0.2136848944819375,37,0.529839883551674,0.1617737471396683,15.44047619047619,0.04963705805581564,0.4762688182696573,-0.21368489448193728,102,0.5461320997172964,0.18099770513389823
trend_following,channel_breakout,QQQ,False,9.988095238095237,0.0635411242639714,0.5145767723502969,-0.19070854135199033,27.0,0.7572506952721494,0.19162571769665293,5.4523809523809526,0.06733320832246736,0.506417253127018,-0.24423429523827866,15,0.6863173216885007,0.1617737471396683,15.44047619047619,0.06487865357060718,0.5111150069771692,-0.24423429523827855,41,0.7322025186327422,0.18099770513389823
trend_following,dual_ma_trend,QQQ,False,9.988095238095237,0.14049053771842024,0.8374179604523364,-0.2771716429164687,8.0,0.8744537147397695,0.19162571769665293,5.4523809523809526,0.15843485118441558,0.9073001360279949,-0.24284360985989295,3,0.7765647743813683,0.1617737471396683,15.44047619047619,0.1467951095569997,0.8625443883114393,-0.2771716429164687,10,0.8398869185299409,0.18099770513389823
trend_following,ma_trend,QQQ,False,9.988095238095237,0.06460603399641096,0.5488865182881271,-0.2112380217745531,86.0,0.7338100913786253,0.19162571769665293,5.4523809523809526,0.1055219169549031,0.7598898875921153,-0.16369472177008415,40,0.6826783114992722,0.1617737471396683,15.44047619047619,0.07887844958899004,0.6283218090500449,-0.2112380217745531,125,0.7157543048059625,0.18099770513389823
trend_following,ma_trend_long_only,QQQ,False,9.988095238095237,0.10305909278515246,0.6849236889714287,-0.2517025638407522,32.0,0.8720699245133094,0.19162571769665293,5.4523809523809526,0.16763894560787107,1.0622282357828638,-0.19796290726233712,10,0.7736535662299855,0.1617737471396683,15.44047619047619,0.12544523077114023,0.8154374157042067,-0.2517025638407522,41,0.8373168851195065,0.18099770513389823
trend_following,adx_trend,SHOP,False,5.619047619047619,0.13194842125299355,0.5726193762924234,-0.3389332759930964,22.0,0.3509887005649718,1.1121699416422266,5.4603174603174605,-0.1376543827428507,-0.5696598006760418,-0.5458080952975726,20,0.1998546511627907,0.005852737889900705,11.079365079365079,-0.010079513392759809,0.08969579642631172,-0.6763101304397717,41,0.27650429799426934,0.4651521273906998
trend_following,chandelier_trend,SHOP,False,5.619047619047619,0.4458922301762833,1.1674069536342015,-0.3183839267375871,30.0,0.5360169491525424,1.1121699416422266,5.4603174603174605,-0.10930281298269362,-0.17744735795388972,-0.6155786610860177,37,0.3800872093023256,0.005852737889900705,11.079365079365079,0.13878098683489393,0.5421612838244888,-0.6414281020274292,67,0.45916905444126077,0.4651521273906998
trend_following,channel_breakout,SHOP,False,5.619047619047619,0.47284239006282514,1.1006356682576477,-0.40090122310218057,14.0,0.681497175141243,1.1121699416422266,5.4603174603174605,0.11324537677696589,0.46906566818538603,-0.3984983130967198,13,0.5588662790697675,0.005852737889900705,11.079365079365079,0.2830524190790251,0.8076164781370022,-0.40090122310218057,26,0.6210601719197708,0.4651521273906998
trend_following,dual_ma_trend,SHOP,False,5.619047619047619,0.894729196339431,1.5400639926839963,-0.4263666862195885,2.0,0.7944915254237288,1.1121699416422266,5.4603174603174605,0.10481652793842833,0.4457012091938164,-0.5150372523610935,4,0.6947674418604651,0.005852737889900705,11.079365079365079,0.4524350262036032,1.0103685600061187,-0.5150372523610929,5,0.7453438395415473,0.4651521273906998
trend_following,ma_trend,SHOP,False,5.619047619047619,0.3179985748760059,0.8679274645740586,-0.469927808012755,42.0,0.6624293785310734,1.1121699416422266,5.4603174603174605,-0.009881781687965718,0.17039346699959207,-0.4626684225163171,51,0.5414244186046512,0.005852737889900705,11.079365079365079,0.1446978859481951,0.535835599288457,-0.5287727618352306,92,0.6027936962750716,0.4651521273906998
trend_following,ma_trend_long_only,SHOP,False,5.619047619047619,0.6133246195151274,1.2356444714166996,-0.5306813650046378,13.0,0.8001412429378532,1.1121699416422266,5.4603174603174605,0.10098909508458842,0.4385457131727945,-0.45639928324158086,20,0.6504360465116279,0.005852737889900705,11.079365079365079,0.3364141407123631,0.8707573486566673,-0.5306813650046378,32,0.7263610315186246,0.4651521273906998
trend_following,adx_trend,SLV,False,9.988095238095237,0.02619832236436781,0.2557420797894393,-0.39866815883685414,24.0,0.17520858164481526,-0.02037931723691344,5.4603174603174605,0.11300627101356886,0.6227678944629136,-0.39768500280219155,10,0.19622093023255813,0.15229589040685276,15.448412698412698,0.056078865287424895,0.4127558790105123,-0.39866815883685414,34,0.18263549961469303,0.03747744086455129
trend_following,chandelier_trend,SLV,False,9.988095238095237,0.06803969434754298,0.48012531286893556,-0.33054717344078666,55.0,0.31585220500595945,-0.02037931723691344,5.4603174603174605,-0.07497756765446484,-0.21718640389227678,-0.5619606082726928,39,0.38953488372093026,0.15229589040685276,15.448412698412698,0.015124688724904356,0.17543247599151446,-0.6108197940523166,93,0.34189571024916515,0.03747744086455129
trend_following,channel_breakout,SLV,False,9.988095238095237,-0.05264440493767675,-0.17211552417938247,-0.7246994578690539,29.0,0.42431466030989273,-0.02037931723691344,5.4603174603174605,-0.04469530612284911,-0.0055450836842530285,-0.5502573571475882,22,0.5770348837209303,0.15229589040685276,15.448412698412698,-0.049842343194472116,-0.09599586245928272,-0.8200059327442251,50,0.4782943745183663,0.03747744086455129
trend_following,dual_ma_trend,SLV,False,9.988095238095237,0.008631379584447485,0.1502765620678633,-0.5960933119707298,7.0,0.3484306714342471,-0.02037931723691344,5.4603174603174605,0.06812487522189503,0.36905648322505497,-0.518761986013682,5,0.6969476744186046,0.15229589040685276,15.448412698412698,0.029271175583725606,0.24348652193043713,-0.5960933119707298,11,0.47161572052401746,0.03747744086455129
trend_following,ma_trend,SLV,False,9.988095238095237,-0.005657106876271634,0.06714956118988334,-0.6190121955658076,85.0,0.4175605880015892,-0.02037931723691344,5.4603174603174605,0.05583407640570526,0.3369360748874716,-0.46430367175317955,51,0.5559593023255814,0.15229589040685276,15.448412698412698,0.01565692190068968,0.1841490346856246,-0.6190121955658076,135,0.4664782943745184,0.03747744086455129
trend_following,ma_trend_long_only,SLV,False,9.988095238095237,-0.001450621940395136,0.09392440005786923,-0.636564219728168,46.0,0.40206595152959873,-0.02037931723691344,5.4603174603174605,0.05018989403501939,0.3166760984977937,-0.4994969708792093,23,0.6780523255813954,0.15229589040685276,15.448412698412698,0.016505197478990263,0.1921009009586197,-0.636564219728168,68,0.4996146930387876,0.03747744086455129
trend_following,adx_trend,SMH,False,9.988095238095237,-0.025899585509366108,-0.23393991167880226,-0.32446086217905734,38.0,0.21255462852602305,0.21003910566310657,5.4603174603174605,0.12815356232163366,0.7989614970899097,-0.17759038692555873,15,0.2863372093023256,0.370967714950327,15.448412698412698,0.025986393203203395,0.2674133907718007,-0.32446086217905734,52,0.23863344464423325,0.26463878293336807
trend_following,chandelier_trend,SMH,False,9.988095238095237,0.06497160265351387,0.5254561803771541,-0.24595966848428308,65.0,0.4767580452920143,0.21003910566310657,5.4603174603174605,0.06001342149707467,0.37465301626154834,-0.36015612915626616,38,0.44549418604651164,0.370967714950327,15.448412698412698,0.06321646476938914,0.44303554647986887,-0.36015612915626627,103,0.4657076804520935,0.26463878293336807
trend_following,channel_breakout,SMH,False,9.988095238095237,0.11551013927382603,0.7282971869264228,-0.25031186521615423,25.0,0.7195073500198649,0.21003910566310657,5.4603174603174605,0.2650603386473498,1.024696839324106,-0.240068263479991,13,0.6867732558139535,0.370967714950327,15.448412698412698,0.16623344625615077,0.8439996987079625,-0.25031186521615423,37,0.7079373234009761,0.26463878293336807
trend_following,dual_ma_trend,SMH,False,9.988095238095237,0.1378686190789411,0.7416746329668634,-0.3401973623978466,7.0,0.7779102105681367,0.21003910566310657,5.4603174603174605,0.34245593019271303,1.1444064822316984,-0.28982333665180526,3,0.7870639534883721,0.370967714950327,15.448412698412698,0.2063490372306096,0.9043476340274975,-0.3401973623978466,9,0.7811456460313383,0.26463878293336807
trend_following,ma_trend,SMH,False,9.988095238095237,0.051504673776636256,0.38119351828398945,-0.3569777896855957,109.0,0.6893126738180373,0.21003910566310657,5.4603174603174605,0.1715491852262805,0.7426304936242144,-0.3779593720737867,48,0.6678779069767442,0.370967714950327,15.448412698412698,0.09246032880714328,0.5336183368383101,-0.3779593720737867,156,0.6817364500385307,0.26463878293336807
trend_following,ma_trend_long_only,SMH,False,9.988095238095237,0.11680830999673275,0.6772299887478717,-0.3143948894717158,46.0,0.7890345649582837,0.21003910566310657,5.4603174603174605,0.34514035719035463,1.1757968537788452,-0.3068697222213337,13,0.7943313953488372,0.370967714950327,15.448412698412698,0.19270734622212915,0.8839152853731482,-0.3143948894717158,58,0.7909067557153866,0.26463878293336807
trend_following,adx_trend,SPY,False,9.988095238095237,-0.020566359762207775,-0.37498934675628354,-0.26834245849999017,35.0,0.18196265395311878,0.11526693850590419,5.444444444444445,0.03206316532519904,0.5557255877455882,-0.08945286504597316,24,0.26384839650145775,0.1348302715972507,15.432539682539682,-0.002312854900347827,-0.014579519979515536,-0.28702148705059005,58,0.2108511185394703,0.12212988059614616
trend_following,chandelier_trend,SPY,False,9.988095238095237,0.048799452566919754,0.6039024727674674,-0.1590248049560683,56.0,0.5399284862932062,0.11526693850590419,5.444444444444445,0.027214973888852745,0.3426414505582992,-0.15416188570024913,39,0.5495626822157434,0.1348302715972507,15.432539682539682,0.04113337174293252,0.5078547463002248,-0.1590248049560683,94,0.543327333504757,0.12212988059614616
trend_following,channel_breakout,SPY,False,9.988095238095237,0.014781907230385194,0.1950338401470049,-0.22359769554549147,31.0,0.7306317044100119,0.11526693850590419,5.444444444444445,0.08227056396010335,0.7556758308937009,-0.16860295473908127,13,0.7456268221574344,0.1348302715972507,15.432539682539682,0.038096737707603134,0.4057924104353352,-0.22359769554549147,43,0.7359218308048342,0.12212988059614616
trend_following,dual_ma_trend,SPY,False,9.988095238095237,0.062191209017260274,0.5170260991524199,-0.32446195367244024,6.0,0.8359157727453318,0.11526693850590419,5.444444444444445,0.11049926355347006,0.8310145835135794,-0.20006864633871402,3,0.7981049562682215,0.1348302715972507,15.432539682539682,0.07898906140335105,0.6295110884429546,-0.32446195367244024,8,0.8225764978143482,0.12212988059614616
trend_following,ma_trend,SPY,False,9.988095238095237,0.021666752475062667,0.26157729957193926,-0.24809302248200427,95.0,0.7179181565355582,0.11526693850590419,5.444444444444445,0.06081428181745396,0.5980477747886729,-0.22829119667036912,44,0.7106413994169096,0.1348302715972507,15.432539682539682,0.035309870133102716,0.3851312141646368,-0.24809302248200427,138,0.7153509899717151,0.12212988059614616
trend_following,ma_trend_long_only,SPY,False,9.988095238095237,0.06236332893991903,0.571038639342059,-0.19816730556424267,31.0,0.8518077075883989,0.11526693850590419,5.444444444444445,0.09339465931350222,0.8401590330172948,-0.23276659253753618,17,0.7857142857142857,0.1348302715972507,15.432539682539682,0.07320901708216643,0.6637558774279275,-0.2327665925375374,47,0.8284906145538699,0.12212988059614616
trend_following,adx_trend,TRGP,False,9.988095238095237,0.09790038982135596,0.5397340899247104,-0.2786029938405884,30.0,0.232419547079857,-0.0016174992742771233,5.4603174603174605,0.16151497096774903,0.928422980949253,-0.22917527344628874,13,0.33575581395348836,0.5337422573759358,15.448412698412698,0.11997701146796858,0.6593675904276766,-0.2786029938405884,42,0.26894425892627793,0.16198506669283952
trend_following,chandelier_trend,TRGP,False,9.988095238095237,0.2639720503322702,1.024403079696066,-0.36179744205274844,45.0,0.4727850615812475,-0.0016174992742771233,5.4603174603174605,0.19573105695584103,0.8444450096084273,-0.3231547980458662,34,0.5450581395348837,0.5337422573759358,15.448412698412698,0.23941802256813394,0.962722202158648,-0.36179744205274844,79,0.4983303365014128,0.16198506669283952
trend_following,channel_breakout,TRGP,False,9.988095238095237,0.06223447440045771,0.3629398178360467,-0.6784353552925066,26.0,0.5141040921732221,-0.0016174992742771233,5.4603174603174605,0.39267340444814036,1.2398053106030085,-0.4088855738880688,10,0.7768895348837209,0.5337422573759358,15.448412698412698,0.168952601791158,0.7086769971097594,-0.6784353552925066,35,0.6069868995633187,0.16198506669283952
trend_following,dual_ma_trend,TRGP,False,9.988095238095237,0.07617657873391703,0.4531028381791607,-0.5429009894615562,6.0,0.5065554231227652,-0.0016174992742771233,5.4603174603174605,0.47213275280246636,1.334957351671561,-0.3158817043366142,4,0.8611918604651163,0.5337422573759358,15.448412698412698,0.20219752062546203,0.8380074996538577,-0.5429009894615562,9,0.6319034163883894,0.16198506669283952
trend_following,ma_trend,TRGP,False,9.988095238095237,0.13206594315544762,0.5781887397915157,-0.5250893454166072,80.0,0.5816448152562574,-0.0016174992742771233,5.4603174603174605,0.21615211272534318,0.8302081396991423,-0.4702555433036095,53,0.7289244186046512,0.5337422573759358,15.448412698412698,0.16110070795216536,0.6680219261882314,-0.5250893454166072,132,0.6337015155407141,0.16198506669283952
trend_following,ma_trend_long_only,TRGP,False,9.988095238095237,0.10836453335554164,0.5953436902487169,-0.5422187517439319,24.0,0.5164878823996821,-0.0016174992742771233,5.4603174603174605,0.29428130273579467,0.9775979417798657,-0.548019544548769,28,0.8328488372093024,0.5337422573759358,15.448412698412698,0.17080997932730368,0.7521574631602881,-0.5480195445487687,51,0.62830721808374,0.16198506669283952
trend_following,adx_trend,XBI,False,9.988095238095237,0.005560055215184212,0.10735803060706227,-0.437453738957577,40.0,0.19745729042510926,0.20969385898032877,5.4603174603174605,0.022730952869968846,0.24299256082984222,-0.29611184598492135,12,0.19113372093023256,0.01823563861641264,15.448412698412698,0.011596001165200764,0.1542144155364667,-0.437453738957577,51,0.19522219368096583,0.1382232177629894
trend_following,chandelier_trend,XBI,False,9.988095238095237,0.08935452152678036,0.5433022456775678,-0.32158291458055976,58.0,0.47755264203416764,0.20969385898032877,5.4603174603174605,-0.020050082113821532,-0.01648440157342921,-0.4717319714600322,30,0.42877906976744184,0.01823563861641264,15.448412698412698,0.04935529412236206,0.3492078819319163,-0.4717319714600323,88,0.4603133829951194,0.1382232177629894
trend_following,channel_breakout,XBI,False,9.988095238095237,0.07584928910297295,0.43403045386313743,-0.4091452437066698,29.0,0.6948748510131109,0.20969385898032877,5.4603174603174605,0.027558950008989003,0.23670818940708577,-0.43257929743134915,14,0.5007267441860465,0.01823563861641264,15.448412698412698,0.05852687325508721,0.37028358458360033,-0.4325792974313496,42,0.6262522476239404,0.1382232177629894
trend_following,dual_ma_trend,XBI,False,9.988095238095237,0.08888779663566004,0.44691602998180463,-0.5380676245604394,8.0,0.7711561382598331,0.20969385898032877,5.4603174603174605,0.04162633591459408,0.3034431175712686,-0.42939555765966764,6,0.5050872093023255,0.01823563861641264,15.448412698412698,0.07194286445734344,0.40195982712842726,-0.5380676245604394,13,0.6771127665039816,0.1382232177629894
trend_following,ma_trend,XBI,False,9.988095238095237,0.0771776370039099,0.4450276506541836,-0.39514379699138,85.0,0.6527612236789829,0.20969385898032877,5.4603174603174605,-0.020298944012450915,-0.0034539202678155636,-0.518460180474908,56,0.5116279069767442,0.01823563861641264,15.448412698412698,0.041662894222789904,0.29736072637241223,-0.5184601804749088,140,0.6028769586437195,0.1382232177629894
trend_following,ma_trend_long_only,XBI,False,9.988095238095237,0.13074718862712764,0.6159574632541696,-0.35563689025694256,34.0,0.7568533969010727,0.20969385898032877,5.4603174603174605,0.006140955576897644,0.12954287377623708,-0.5520455430277789,26,0.5065406976744186,0.01823563861641264,15.448412698412698,0.08503310247665308,0.4668566459419932,-0.5520455430277782,59,0.6683791420498331,0.1382232177629894
trend_following,adx_trend,XLC,False,2.5396825396825395,-0.021873854003646054,-0.27506502080562484,-0.08658362209147397,5.0,0.1296875,0.12586303794533404,5.4603174603174605,0.015694294589521762,0.2521756272199384,-0.1073969176315569,14,0.20203488372093023,0.08656133218728135,8.0,0.003614151458236403,0.08609214053297046,-0.16384439813678942,19,0.17906746031746032,0.09887387640187861
trend_following,chandelier_trend,XLC,False,2.5396825396825395,0.11425063771918675,0.9406367630279084,-0.12309802655908963,14.0,0.4828125,0.12586303794533404,5.4603174603174605,0.007655480762987832,0.12473125675657942,-0.31231778527706866,36,0.4941860465116279,0.08656133218728135,8.0,0.040341261892726354,0.4081351526260603,-0.3430617456656133,49,0.4905753968253968,0.09887387640187861
trend_following,channel_breakout,XLC,False,2.5396825396825395,0.0848773357966881,0.6249182193522993,-0.14112473734453412,6.0,0.596875,0.12586303794533404,5.4603174603174605,0.11400016275227132,0.8961497130363882,-0.15571422577259297,10,0.6707848837209303,0.08656133218728135,8.0,0.10467110597029805,0.8009093491117667,-0.15571422577259264,15,0.6473214285714286,0.09887387640187861
trend_following,dual_ma_trend,XLC,False,2.5396825396825395,0.02627419425266586,0.23142188222494783,-0.31322789570870746,2.0,0.59375,0.12586303794533404,5.4603174603174605,0.1733385848565976,1.1331892604493103,-0.19760595316004137,2,0.7565406976744186,0.08656133218728135,8.0,0.12450108366651325,0.781993023620349,-0.31322789570870746,3,0.7048611111111112,0.09887387640187861
trend_following,ma_trend,XLC,False,2.5396825396825395,0.09997691010147647,0.729024452385229,-0.14721360968356012,19.0,0.6046875,0.12586303794533404,5.4603174603174605,0.0650797608660667,0.5308472886862893,-0.23806197273100294,41,0.6642441860465116,0.08656133218728135,8.0,0.07603657302257205,0.5963966206991437,-0.2380619727310027,59,0.6453373015873016,0.09887387640187861
trend_following,ma_trend_long_only,XLC,False,2.5396825396825395,0.06297066861167089,0.4636078490792657,-0.234366999463553,6.0,0.609375,0.12586303794533404,5.4603174603174605,0.1479017926682782,1.0600811097913223,-0.1675639444625583,8,0.7507267441860465,0.08656133218728135,8.0,0.12022900295185246,0.8515631486758831,-0.234366999463553,13,0.7058531746031746,0.09887387640187861
trend_following,adx_trend,XLE,False,9.988095238095237,0.014455160109945187,0.23631106159655807,-0.10395209946318296,18.0,0.12872467222884387,-0.05719210934804997,5.4523809523809526,0.016288917905333378,0.1902238058439811,-0.23791976500893208,15,0.20087336244541484,0.20996680424123015,15.44047619047619,0.015102323198890488,0.20471796092013422,-0.23791976500893164,33,0.15420200462606015,0.029636971401044265
trend_following,chandelier_trend,XLE,False,9.988095238095237,-0.002469189331540722,0.056942913794654375,-0.3268747198854751,53.0,0.39054429876837504,-0.05719210934804997,5.4523809523809526,0.005041904410103548,0.1167822617949841,-0.4134405488782712,37,0.4170305676855895,0.20996680424123015,15.44047619047619,0.000176714636900277,0.08024812126174038,-0.4134405488782711,90,0.39989719866358264,0.029636971401044265
trend_following,channel_breakout,XLE,False,9.988095238095237,-0.04783029748638579,-0.2527664134998299,-0.5504125663993976,31.0,0.49821215733015495,-0.05719210934804997,5.4523809523809526,0.05362897816429779,0.34429917929018466,-0.4608174124379202,17,0.6542940320232896,0.20996680424123015,15.44047619047619,-0.0131700061879092,0.017066692003397804,-0.5504125663993976,47,0.5533281932665125,0.029636971401044265
trend_following,dual_ma_trend,XLE,False,9.988095238095237,-0.0011295531214039478,0.05601864215343035,-0.33349321783812913,7.0,0.4970202622169249,-0.05719210934804997,5.4523809523809526,0.0865774462814517,0.4535348869330489,-0.4865592901460909,6,0.7445414847161572,0.20996680424123015,15.44047619047619,0.02900226868586908,0.24774171989855626,-0.48655929014609045,12,0.5844255975327679,0.029636971401044265
trend_following,ma_trend,XLE,False,9.988095238095237,0.009592106148241797,0.13996960719978763,-0.3046284570261816,78.0,0.5220500595947557,-0.05719210934804997,5.4523809523809526,0.012348833735852383,0.16415340040326404,-0.46064838718036083,61,0.598981077147016,0.20996680424123015,15.44047619047619,0.0105647104975084,0.1487802973123371,-0.4606483871803626,138,0.5492161398098175,0.029636971401044265
trend_following,ma_trend_long_only,XLE,False,9.988095238095237,-0.02333132024971163,-0.1291147770348004,-0.3526557787042712,35.0,0.4799364322606277,-0.05719210934804997,5.4523809523809526,0.010662890848164297,0.16744399219633999,-0.5913487731068103,40,0.7671033478893741,0.20996680424123015,15.44047619047619,-0.011459811067267678,0.024656069520682302,-0.5913487731068106,74,0.5813415574402467,0.029636971401044265
trend_following,adx_trend,XLI,False,9.988095238095237,0.008189478350373092,0.16861783402455086,-0.14445114260136893,24.0,0.17560588001589195,0.09779665969711493,5.4523809523809526,0.016644760988375307,0.27247787770207627,-0.1009404968385087,15,0.21033478893740903,0.13919311543334478,15.44047619047619,0.011167167737499373,0.2087198036532339,-0.19002839960221118,39,0.18786944230274993,0.11223999649609362
trend_following,chandelier_trend,XLI,False,9.988095238095237,-0.01283644706853837,-0.07516777355513742,-0.3137362390046644,65.0,0.44378228049265,0.09779665969711493,5.4523809523809526,0.036985567824526555,0.41361709761289284,-0.17895284483272011,34,0.462882096069869,0.13919311543334478,15.44047619047619,0.0044773413806125095,0.09485517649764133,-0.3137362390046644,98,0.450526856849139,0.11223999649609362
trend_following,channel_breakout,XLI,False,9.988095238095237,0.02567719400364954,0.2660634055823742,-0.20908538101365404,28.0,0.6654747715534366,0.09779665969711493,5.4523809523809526,0.0888202563423266,0.7636698886217832,-0.14414114418683344,15,0.6746724890829694,0.13919311543334478,15.44047619047619,0.04754488038628035,0.4386853506909022,-0.20908538101365404,42,0.6687226933950141,0.11223999649609362
trend_following,dual_ma_trend,XLI,False,9.988095238095237,0.017005446483826958,0.18883137711901193,-0.43839578492696074,7.0,0.767580452920143,0.09779665969711493,5.4523809523809526,0.08696273238087504,0.6399921543876399,-0.20464789191590171,4,0.7983988355167394,0.13919311543334478,15.44047619047619,0.04117918225080497,0.34826457601071004,-0.43839578492696074,10,0.7784631200205603,0.11223999649609362
trend_following,ma_trend,XLI,False,9.988095238095237,0.018029945094033994,0.20214982182138114,-0.21511247999921979,98.0,0.6698450536352801,0.09779665969711493,5.4523809523809526,0.043063996888446976,0.41061992238811984,-0.19842122058016198,55,0.653566229985444,0.13919311543334478,15.44047619047619,0.02680065793777109,0.27181942012182697,-0.21511247999921979,152,0.6640966332562324,0.11223999649609362
trend_following,ma_trend_long_only,XLI,False,9.988095238095237,0.05338799974981412,0.46531601624110525,-0.25291189270480874,39.0,0.7779102105681367,0.09779665969711493,5.4523809523809526,0.08136235917889745,0.637242597434283,-0.17859102321357367,20,0.8151382823871907,0.13919311543334478,15.44047619047619,0.06318274414567582,0.5281627300260024,-0.25291189270480874,58,0.7910562837316885,0.11223999649609362
trend_following,adx_trend,XLK,False,9.988095238095237,-0.018149850582081517,-0.19649899479485253,-0.28555553104862674,41.0,0.20460866110448947,0.17859109679812768,5.4523809523809526,0.10088585309258735,0.9961543285685763,-0.11944751349971561,22,0.25836972343522563,0.20908678344991727,15.44047619047619,0.022337690694155254,0.297726753065802,-0.29106922316134964,63,0.2235929067077872,0.18927094919385312
trend_following,chandelier_trend,XLK,False,9.988095238095237,0.06241393620134317,0.6182864600279754,-0.12985398400634418,65.0,0.5407230830353595,0.17859109679812768,5.4523809523809526,-0.00012994107169572722,0.07035318430549546,-0.33036232167887514,42,0.4868995633187773,0.20908678344991727,15.44047619047619,0.039893610385718814,0.3845652488774731,-0.33036232167887525,106,0.5217167823181701,0.18927094919385312
trend_following,channel_breakout,XLK,False,9.988095238095237,0.0426221751537339,0.374913854491943,-0.2120099444014204,30.0,0.7270560190703218,0.17859109679812768,5.4523809523809526,0.058326033767872154,0.4107815532156086,-0.2979969322554258,19,0.6870451237263464,0.20908678344991727,15.44047619047619,0.04814076866153383,0.3867424605070897,-0.297996932255425,48,0.7129272680544847,0.18927094919385312
trend_following,dual_ma_trend,XLK,False,9.988095238095237,0.13077248003272057,0.7788929962115162,-0.31081210244974433,7.0,0.8629320619785459,0.17859109679812768,5.4523809523809526,0.16049660336362015,0.8541265602248562,-0.1965758510904938,4,0.7787481804949054,0.20908678344991727,15.44047619047619,0.14118076507946542,0.8063567926095462,-0.31081210244974433,10,0.8332048316628116,0.18927094919385312
trend_following,ma_trend,XLK,False,9.988095238095237,0.04739106421819095,0.4155918925921391,-0.2588709711298838,105.0,0.723083035359555,0.17859109679812768,5.4523809523809526,0.15985049448064448,0.9806747824629176,-0.1602500258771703,47,0.6564774381368268,0.20908678344991727,15.44047619047619,0.0857998452592279,0.6404601236803995,-0.2588709711298838,151,0.6995630943202261,0.18927094919385312
trend_following,ma_trend_long_only,XLK,True,9.988095238095237,0.10983489126615353,0.7309312501870109,-0.25940999670940645,33.0,0.8700834326579261,0.17859109679812768,5.4523809523809526,0.20043844258902355,1.0701019251010653,-0.20184324579221313,12,0.7838427947598253,0.20908678344991727,15.44047619047619,0.14102018946560024,0.8605587071397168,-0.25940999670940645,44,0.8396299151888974,0.18927094919385312
trend_following,adx_trend,XLU,False,9.988095238095237,-0.024334561219594986,-0.38630961919596885,-0.277642270722839,29.0,0.18156535558204212,0.07189624941274464,5.4523809523809526,-0.03183261422550765,-0.46692379528788475,-0.25148940718625556,16,0.1804949053857351,0.07087876600045884,15.44047619047619,-0.026988902357375055,-0.41611603292773736,-0.43085362078551015,45,0.18118735543562067,0.07153684266564309
trend_following,chandelier_trend,XLU,False,9.988095238095237,0.011600334725184958,0.16978050007602077,-0.14197145127091548,55.0,0.48867699642431467,0.07189624941274464,5.4523809523809526,0.012391425189755667,0.17025489151495657,-0.2197083817913963,30,0.41994177583697234,0.07087876600045884,15.44047619047619,0.011879616011829297,0.16976151529676475,-0.2197083817913965,85,0.46440503726548443,0.07153684266564309
trend_following,channel_breakout,XLU,False,9.988095238095237,0.00667138244919574,0.11562013010222646,-0.19999344647637052,29.0,0.6579261025029798,0.07189624941274464,5.4523809523809526,-0.006717924203569203,0.005850377653815287,-0.21458483008088147,18,0.6128093158660844,0.07087876600045884,15.44047619047619,0.0019228262019659326,0.07421812708146903,-0.34608569793858146,47,0.6419943459264971,0.07153684266564309
trend_following,dual_ma_trend,XLU,False,9.988095238095237,0.020695174904672653,0.21976497932310354,-0.3401696811948909,7.0,0.7111640842272546,0.07189624941274464,5.4523809523809526,0.06667878253121207,0.5250763180680416,-0.21960328916918803,3,0.7321688500727802,0.07087876600045884,15.44047619047619,0.03670210129105267,0.3311424706125676,-0.3401696811948909,9,0.7185813415574402,0.07153684266564309
trend_following,ma_trend,XLU,False,9.988095238095237,-0.013625415345706049,-0.06796481466316873,-0.23398550976451604,107.0,0.6392530790623758,0.07189624941274464,5.4523809523809526,-0.023518144274929154,-0.1418877923868973,-0.20255628522825042,56,0.5815138282387191,0.07087876600045884,15.44047619047619,-0.017130156254509532,-0.09512426039218023,-0.3191198414874873,163,0.618864045232588,0.07153684266564309
trend_following,ma_trend_long_only,XLU,False,9.988095238095237,-0.005629501041033214,0.01154143356717773,-0.28944683587990827,45.0,0.7234803337306317,0.07189624941274464,5.4523809523809526,-0.013040770895395237,-0.036051601148304815,-0.3141566928561198,36,0.7030567685589519,0.07087876600045884,15.44047619047619,-0.008252922705261234,-0.006300379785927537,-0.4266030134048443,80,0.7162683114880494,0.07153684266564309
trend_following,adx_trend,XLY,False,9.988095238095237,-0.028118709198343694,-0.39496229883160167,-0.310251532810927,35.0,0.16249503377036154,0.15717730507774008,5.4523809523809526,-0.03966798497554502,-0.44632215481251647,-0.2610088604243387,18,0.15356622998544395,0.0679904079158058,15.44047619047619,-0.032212797673550786,-0.41340513161446807,-0.4539325866367957,53,0.1593420714469288,0.12486329403955354
trend_following,chandelier_trend,XLY,False,9.988095238095237,0.04836841467096509,0.5196881919409242,-0.18232779264497312,67.0,0.5292014302741359,0.15717730507774008,5.4523809523809526,0.040528779330581965,0.39311411647226235,-0.21147445312747226,32,0.4002911208151383,0.0679904079158058,15.44047619047619,0.04559333901793261,0.4685258470523928,-0.21147445312747282,98,0.48368028784374195,0.12486329403955354
trend_following,channel_breakout,XLY,False,9.988095238095237,0.09015507888409058,0.7392353105514667,-0.17885311037177598,27.0,0.7794994040524433,0.15717730507774008,5.4523809523809526,-0.006854479786762124,0.03220814225864505,-0.2761774273154647,15,0.6273653566229985,0.0679904079158058,15.44047619047619,0.054861656464141983,0.4574408907817686,-0.276177427315465,41,0.7257774351066564,0.12486329403955354
trend_following,dual_ma_trend,XLY,False,9.988095238095237,0.08506944638429759,0.5891255830232421,-0.3717337504785575,6.0,0.8895510528406834,0.15717730507774008,5.4523809523809526,0.036841936114554885,0.289524454901764,-0.26849181898684327,4,0.6986899563318777,0.0679904079158058,15.44047619047619,0.06778824641237957,0.4735052703411317,-0.3717337504785575,9,0.822153687997944,0.12486329403955354
trend_following,ma_trend,XLY,False,9.988095238095237,0.05200236455641405,0.4678537988027019,-0.16240507431350537,91.0,0.7326181962653953,0.15717730507774008,5.4523809523809526,-0.009910021682477232,0.014589819592340389,-0.3118830329644988,57,0.6244541484716157,0.0679904079158058,15.44047619047619,0.029709554611088596,0.28240258284686726,-0.3118830329644996,147,0.6944230274993575,0.12486329403955354
trend_following,ma_trend_long_only,XLY,False,9.988095238095237,0.0883777313247407,0.6682452409780533,-0.22177534329581772,32.0,0.8843861740166865,0.15717730507774008,5.4523809523809526,0.027198890526054953,0.24823367942029223,-0.25575594861137974,20,0.710334788937409,0.0679904079158058,15.44047619047619,0.06636873862221337,0.5077906205515922,-0.25575594861137974,51,0.8229246980210743,0.12486329403955354
trend_following,adx_trend,XME,False,9.988095238095237,0.011754649760363556,0.15741923357270257,-0.33713668817050235,23.0,0.11799761620977355,-0.06965703267403889,5.4603174603174605,0.03928460681053414,0.3141723789169068,-0.34202261147150537,20,0.22529069767441862,0.23952198550232184,15.448412698412698,0.021400911112837928,0.22250563918491617,-0.34202261147150603,42,0.15592088363729772,0.02964497618901829
trend_following,chandelier_trend,XME,False,9.988095238095237,0.027665772364064756,0.24197596945005023,-0.40326163812319216,52.0,0.37028208184346445,-0.06965703267403889,5.4603174603174605,0.02145958142815907,0.20713658402090143,-0.3788253624208231,35,0.44694767441860467,0.23952198550232184,15.448412698412698,0.025467866859350874,0.22658094435622894,-0.40326163812319216,86,0.39737991266375544,0.02964497618901829
trend_following,channel_breakout,XME,False,9.988095238095237,0.03538636018251329,0.2743950743225485,-0.41820395529980825,24.0,0.4632499006754072,-0.06965703267403889,5.4603174603174605,0.027344675669171536,0.23752186709191683,-0.47613670777184514,17,0.6584302325581395,0.23952198550232184,15.448412698412698,0.0325368200028926,0.2543932093372624,-0.4761367077718458,40,0.5322373490881068,0.02964497618901829
trend_following,dual_ma_trend,XME,False,9.988095238095237,0.0060485922622661725,0.12430843228559656,-0.4162085160283425,7.0,0.4390147000397298,-0.06965703267403889,5.4603174603174605,0.08910381657785149,0.4374404746805638,-0.4526782412215362,7,0.7340116279069767,0.23952198550232184,15.448412698412698,0.03465507798118117,0.2635817054448318,-0.4526782412215369,13,0.5432828153095299,0.02964497618901829
trend_following,ma_trend,XME,False,9.988095238095237,-0.021414371622563766,-0.007003924151497358,-0.582650811887029,90.0,0.47953913388955105,-0.06965703267403889,5.4603174603174605,0.04249210676090387,0.29067831567122254,-0.43161988459896716,49,0.6271802325581395,0.23952198550232184,15.448412698412698,0.0007132112944205904,0.11530738708320676,-0.582650811887029,138,0.531723606473157,0.02964497618901829
trend_following,ma_trend_long_only,XME,False,9.988095238095237,0.03064661026927551,0.2553191537057948,-0.37468398608882525,33.0,0.44020659515295985,-0.06965703267403889,5.4603174603174605,0.024811805829964673,0.2313401462684912,-0.6305103574166613,34,0.7369186046511628,0.23952198550232184,15.448412698412698,0.02858048378596978,0.2378194391864926,-0.6305103574166607,66,0.5450809144618546,0.02964497618901829
