date,fund_a,fund_b,b_breakouts,b_long_term_etf,b_mean_reversion,b_momentum,b_pullback_continuation,b_sector_rotation,b_trend_following,b_volatility,tbill
2010-06-01,0.0,0.0,0.0,0.0,0.0,0.0,0.0,0.0,-0.0,0.0,0.0
2010-06-02,1.870039628729934e-06,1.870039628729934e-06,5.753968088399797e-06,0.0,5.753968088399797e-06,0.0,5.753968088399797e-06,0.0,0.0,0.0,5.753968088399797e-06
2010-06-03,1.870039628729934e-06,1.870039628729934e-06,5.753968088399797e-06,0.0,5.753968088399797e-06,0.0,5.753968088399797e-06,0.0,0.0,0.0,5.753968088399797e-06
2010-06-04,1.6765872400904458e-06,1.6765872400904458e-06,5.158729969509064e-06,0.0,5.158729969509064e-06,0.0,5.158729969509064e-06,0.0,-0.0,0.0,5.158729969509064e-06
2010-06-07,1.5476190130270661e-06,1.5476190130270661e-06,4.761904655467896e-06,0.0,4.761904655467896e-06,0.0,4.761904655467896e-06,0.0,-0.0,0.0,4.761904655467896e-06
2010-06-08,1.3541666243875783e-06,1.3541666243875783e-06,4.166666536577164e-06,0.0,4.166666536577164e-06,0.0,4.166666536577164e-06,0.0,0.0,0.0,4.166666536577164e-06
2010-06-09,1.4186507859636865e-06,1.4186507859636865e-06,4.365079341426728e-06,0.0,4.365079341426728e-06,0.0,4.365079341426728e-06,0.0,-0.0,0.0,4.365079341426728e-06
2010-06-10,1.2251983973241988e-06,1.2251983973241988e-06,3.7698412225359962e-06,0.0,3.7698412225359962e-06,0.0,3.7698412225359962e-06,0.0,0.0,0.0,3.7698412225359962e-06
2010-06-11,1.0962301702608194e-06,1.0962301702608194e-06,3.3730159084948284e-06,0.0,3.3730159084948284e-06,0.0,3.3730159084948284e-06,0.0,0.0,0.0,3.3730159084948284e-06
2010-06-14,9.027777816213313e-07,9.027777816213313e-07,2.7777777896040964e-06,0.0,2.7777777896040964e-06,0.0,2.7777777896040964e-06,0.0,-0.0,0.0,2.7777777896040964e-06
2010-06-15,7.093253929818432e-07,7.093253929818432e-07,2.182539670713364e-06,0.0,2.182539670713364e-06,0.0,2.182539670713364e-06,0.0,0.0,0.0,2.182539670713364e-06
2010-06-16,1.0317460086847108e-06,1.0317460086847108e-06,3.1746031036452638e-06,0.0,3.1746031036452638e-06,0.0,3.1746031036452638e-06,0.0,-0.0,0.0,3.1746031036452638e-06
2010-06-17,1.1607143318369276e-06,1.1607143318369276e-06,3.5714287133443927e-06,0.0,3.5714287133443927e-06,0.0,3.5714287133443927e-06,0.0,0.0,0.0,3.5714287133443927e-06
2010-06-18,1.1607143318369276e-06,1.1607143318369276e-06,3.5714287133443927e-06,0.0,3.5714287133443927e-06,0.0,3.5714287133443927e-06,0.0,0.0,0.0,3.5714287133443927e-06
2010-06-21,1.2251983973241988e-06,1.2251983973241988e-06,3.7698412225359962e-06,0.0,3.7698412225359962e-06,0.0,3.7698412225359962e-06,0.0,-0.0,0.0,3.7698412225359962e-06
2010-06-22,1.3541666243875783e-06,1.3541666243875783e-06,4.166666536577164e-06,0.0,4.166666536577164e-06,0.0,4.166666536577164e-06,0.0,-0.0,0.0,4.166666536577164e-06
2010-06-23,1.6121031746031748e-06,1.6121031746031748e-06,4.96031746031746e-06,0.0,4.96031746031746e-06,0.0,4.96031746031746e-06,0.0,-0.0,0.0,4.96031746031746e-06
2010-06-24,1.5476190130270661e-06,1.5476190130270661e-06,4.761904655467896e-06,0.0,4.761904655467896e-06,0.0,4.761904655467896e-06,0.0,-0.0,0.0,4.761904655467896e-06
2010-06-25,1.6121031746031748e-06,1.6121031746031748e-06,4.96031746031746e-06,0.0,4.96031746031746e-06,0.0,4.96031746031746e-06,0.0,0.0,0.0,4.96031746031746e-06
2010-06-28,-0.0006923846348925896,-0.0004905211200559197,4.96031746031746e-06,0.0,4.96031746031746e-06,-4.037686227257578e-05,4.96031746031746e-06,-0.004860766938896365,-0.0,0.0,4.96031746031746e-06
2010-06-29,-0.0076718213866897,-0.0023194844262989893,5.357143070016589e-06,0.0,5.357143070016589e-06,0.005566264841857219,5.357143070016589e-06,-0.031561652240753274,-0.0,0.0,5.357143070016589e-06
2010-06-30,-0.0024085314935407913,-0.0003666201280175432,6.3492062072905275e-06,0.0,6.3492062072905275e-06,0.0038582115599838187,6.3492062072905275e-06,-0.009474153540324853,-0.0,0.0,6.3492062072905275e-06
2010-07-01,-0.00019784505539011154,-0.0018305531772677605,6.746031816989657e-06,0.0,6.746031816989657e-06,-0.012332070129419132,6.746031816989657e-06,0.00017064881804587694,-0.0,0.0,6.746031816989657e-06
2010-07-02,-0.000665078357339544,-0.0005289916438228492,6.547619307798053e-06,0.0,6.547619307798053e-06,0.0008782506546269882,6.547619307798053e-06,-0.006628572182919318,-0.0,0.0,6.547619307798053e-06
2010-07-06,-0.0012142996521805837,0.0001856864910137717,6.3492062072905275e-06,0.0,6.3492062072905275e-06,-0.002019885882959649,6.3492062072905275e-06,0.0048660588144034955,0.0,0.0,6.3492062072905275e-06
2010-07-07,0.008580661382689427,0.00260802563546121,6.3492062072905275e-06,0.0,6.3492062072905275e-06,-0.0014606137799680896,6.3492062072905275e-06,0.02825054210439054,0.0,0.0,6.3492062072905275e-06
2010-07-08,0.0019683547736854437,0.0004502902553275307,6.150793698098924e-06,0.0,6.150793698098924e-06,-0.0044021546961224844,6.150793698098924e-06,0.01108614451794021,0.0,0.0,6.150793698098924e-06
2010-07-09,0.001090893441104304,0.0007315216804605877,5.753968088399797e-06,0.0,5.753968088399797e-06,0.0004881138986962963,5.753968088399797e-06,0.006564345560274132,0.0,0.0,5.753968088399797e-06
2010-07-12,0.00011028040552180234,-0.00029385838861519436,5.753968088399797e-06,0.0,5.753968088399797e-06,-0.002443621256046099,5.753968088399797e-06,0.0007081476016299049,0.0,0.0,5.753968088399797e-06
2010-07-13,0.0012883502994719758,0.001132253046337726,5.555555579208193e-06,0.0,5.555555579208193e-06,-0.0016114184249166699,5.555555579208193e-06,0.013721602545119838,0.0,0.0,5.555555579208193e-06
2010-07-14,-0.0006514620819175786,0.0006381810620207326,5.753968088399797e-06,0.0,5.753968088399797e-06,0.004847451939787195,5.753968088399797e-06,-0.0009080676857607661,-0.0,0.0,5.753968088399797e-06
2010-07-15,0.0010223578689175416,0.0007749090261187316,5.753968088399797e-06,0.0,5.753968088399797e-06,0.004847821545928999,5.753968088399797e-06,0.0004586575460065194,0.0,0.0,5.753968088399797e-06
2010-07-16,-0.007301287697252489,-0.0032400853457239523,5.753968088399797e-06,0.0,5.753968088399797e-06,-0.0008463147372758473,5.753968088399797e-06,-0.03115008174761305,-0.0,0.0,5.753968088399797e-06
2010-07-19,0.00031780245658849125,-7.038731955505049e-05,5.753968088399797e-06,0.0,5.753968088399797e-06,-0.005604963120665274,5.753968088399797e-06,0.007684871089160106,0.0,0.0,5.753968088399797e-06
2010-07-20,0.002153527389110916,0.0017957826680890558,5.753968088399797e-06,0.0,5.753968088399797e-06,0.0034975078910618094,5.753968088399797e-06,0.012692864448010543,0.0,0.0,5.753968088399797e-06
2010-07-21,-0.002898925908427192,-0.0003393071692038742,5.9523811889073204e-06,0.0,5.9523811889073204e-06,0.005486517093971743,5.9523811889073204e-06,-0.011642192571860305,-0.0,0.0,5.9523811889073204e-06
2010-07-22,0.005318061791124894,0.0017898710595310027,5.9523811889073204e-06,0.0,5.9523811889073204e-06,-0.0027831784275073783,5.9523811889073204e-06,0.022054132997707143,0.0,0.0,5.9523811889073204e-06
2010-07-23,0.001526004488703579,0.0003820025118873344,5.753968088399797e-06,0.0,5.753968088399797e-06,-0.00428778906326932,5.753968088399797e-06,0.010233008317490022,0.0,0.0,5.753968088399797e-06
2010-07-26,0.002190576202404371,0.001957809481159132,5.753968088399797e-06,0.0,5.753968088399797e-06,0.005586355999323372,5.753968088399797e-06,0.011179860416318965,0.0,0.0,5.753968088399797e-06
2010-07-27,0.00040204624028868503,-0.0008917767295644771,5.753968088399797e-06,0.0,5.753968088399797e-06,-0.005569032229432169,5.753968088399797e-06,-0.0005829193477838168,-0.0,0.0,5.753968088399797e-06
2010-07-28,-0.0028062998725113075,-0.0009895336439421877,5.9523811889073204e-06,0.0,5.9523811889073204e-06,-0.002867996810075657,5.9523811889073204e-06,-0.0056126864631723394,-0.0,0.0,5.9523811889073204e-06
2010-07-29,-0.002008952969376906,-0.0009808773555867892,5.753968088399797e-06,0.0,5.753968088399797e-06,-0.0010702326282074157,5.753968088399797e-06,-0.008222125009844067,-0.0,0.0,5.753968088399797e-06
2010-07-30,-0.0001031068826539746,0.0011312819535321185,5.753968088399797e-06,0.0,5.753968088399797e-06,0.007011407635136634,5.753968088399797e-06,0.0007770076863289348,-0.0,0.0,5.753968088399797e-06
2010-08-02,0.004888127600271903,0.004260062702021326,5.555555579208193e-06,0.0,5.555555579208193e-06,0.013885845642942929,5.555555579208193e-06,0.02175380300016644,0.0,0.0,5.555555579208193e-06
2010-08-03,-0.0021744682938398714,-0.0013594458066045608,5.555555579208193e-06,0.0,5.555555579208193e-06,-0.002983080433918261,5.555555579208193e-06,-0.009137892970800643,-0.0,0.0,5.555555579208193e-06
2010-08-04,0.0035165386856630125,0.0010607569495092077,5.9523811889073204e-06,0.0,5.9523811889073204e-06,0.0014276235806127322,5.9523811889073204e-06,0.008446788885309031,0.0,0.0,5.9523811889073204e-06
2010-08-05,0.0004476872050596906,-0.0006240636972158227,5.753968088399797e-06,0.0,5.753968088399797e-06,-0.003861614003454231,5.753968088399797e-06,-0.0004669163632641804,-0.0,0.0,5.753968088399797e-06
2010-08-06,-0.0013297820478604765,0.0002665550893292965,5.555555579208193e-06,0.0,5.555555579208193e-06,0.004945211831430596,5.555555579208193e-06,-0.004770322409485356,-0.0,0.0,5.555555579208193e-06
2010-08-09,0.0013689893038366502,0.00011563981561912682,5.555555579208193e-06,0.0,5.555555579208193e-06,-0.003212324510345846,5.555555579208193e-06,0.0059568293660776095,0.0,0.0,5.555555579208193e-06
2010-08-10,-0.0007256027802378843,-0.000885270221642397,5.555555579208193e-06,0.0,5.555555579208193e-06,-0.002848818872416095,5.555555579208193e-06,-0.004597529463432254,-0.0,0.0,5.555555579208193e-06
2010-08-11,-0.009436946916510848,-0.002285432490731742,5.753968088399797e-06,0.0,5.753968088399797e-06,0.004581673689075101,5.753968088399797e-06,-0.02974553583721737,-0.0,0.0,5.753968088399797e-06
2010-08-12,0.0002617006511495565,-3.995259429932427e-05,5.753968088399797e-06,0.0,5.753968088399797e-06,0.002388029234706157,5.753968088399797e-06,-0.004000270191339778,-0.0,0.0,5.753968088399797e-06
2010-08-13,-0.0029413409889824764,0.0005932262097766777,5.9523811889073204e-06,0.0,5.9523811889073204e-06,0.0055069039945759846,5.9523811889073204e-06,-0.002347439132961149,-0.0,0.0,5.9523811889073204e-06
2010-08-16,0.000498678450778007,0.0019449545078076705,5.753968088399797e-06,0.0,5.753968088399797e-06,0.013534694854777355,5.753968088399797e-06,-0.0008711976003766275,-0.0,0.0,5.753968088399797e-06
2010-08-17,0.00243194975977797,0.0010950019996896893,5.9523811889073204e-06,0.0,5.9523811889073204e-06,-0.0035389545813891603,5.9523811889073204e-06,0.016239106630116684,0.0,0.0,5.9523811889073204e-06
2010-08-18,0.001407882351992028,0.0005620070101146612,6.150793698098924e-06,0.0,6.150793698098924e-06,0.0018644344235047385,6.150793698098924e-06,0.002803428386370682,0.0,0.0,6.150793698098924e-06
2010-08-19,-0.003992486651676555,-0.0008709231090963984,5.9523811889073204e-06,0.0,5.9523811889073204e-06,0.007162782446075303,5.9523811889073204e-06,-0.019472749998940886,-0.0,0.0,5.9523811889073204e-06
2010-08-20,-0.0003785954441684466,-0.0005250162814193956,5.753968088399797e-06,0.0,5.753968088399797e-06,-0.0026212931270668998,5.753968088399797e-06,-0.001336923519880906,-0.0,0.0,5.753968088399797e-06
2010-08-23,-0.0011474584833651178,-0.0003323708449040805,5.753968088399797e-06,0.0,5.753968088399797e-06,-2.437665855366715e-05,5.753968088399797e-06,-0.003305843857497603,-0.0,0.0,5.753968088399797e-06
2010-08-24,-0.0031888956968450684,0.00042537214908630215,5.9523811889073204e-06,0.0,5.9523811889073204e-06,0.009598862765835658,5.9523811889073204e-06,-0.010163917896754415,-0.0,0.0,5.9523811889073204e-06
2010-08-25,0.001421088946684078,0.0002814428766466275,6.150793698098924e-06,0.0,6.150793698098924e-06,0.00017461771065333887,6.150793698098924e-06,0.002532512120967445,0.0,0.0,6.150793698098924e-06
2010-08-26,-0.0008053164275849856,2.5911535697430307e-05,5.9523811889073204e-06,0.0,5.9523811889073204e-06,0.0035547516635664835,5.9523811889073204e-06,-0.00509235737723937,-0.0,0.0,5.9523811889073204e-06
2010-08-27,0.0008105642436761576,-0.0004215644430265301,5.753968088399797e-06,0.0,5.753968088399797e-06,-0.01313118127283915,5.753968088399797e-06,0.01546242708270612,0.0,0.0,5.753968088399797e-06
2010-08-30,-0.0024309261646913594,-0.00011384201958521893,5.555555579208193e-06,0.0,5.555555579208193e-06,0.008665029396601187,5.555555579208193e-06,-0.014154019846386395,-0.0,0.0,5.555555579208193e-06
2010-08-31,0.0007187910539361714,0.001331331984968273,5.158729969509064e-06,0.0,5.158729969509064e-06,0.008404399138170444,5.158729969509064e-06,0.0006899552700261602,0.0,0.0,5.158729969509064e-06
2010-09-01,0.008237902712015174,0.0012899230208493467,5.357143070016589e-06,0.0,5.357143070016589e-06,-0.010357837038861542,5.357143070016589e-06,0.028418575051808226,0.0,0.0,5.357143070016589e-06
2010-09-02,0.002352310112972794,0.00044899872531721236,5.158729969509064e-06,0.0,5.158729969509064e-06,-0.0032684758425625864,5.158729969509064e-06,0.0093759351446151,0.0,0.0,5.158729969509064e-06
2010-09-03,0.003990878111724035,-6.370294753409969e-05,4.96031746031746e-06,0.0,4.96031746031746e-06,-0.007210903684726766,4.96031746031746e-06,0.010163205020003119,0.0,0.0,4.96031746031746e-06
2010-09-07,-0.002282759108833801,0.0009029091222501422,4.96031746031746e-06,0.0,4.96031746031746e-06,0.011757403730117206,4.96031746031746e-06,-0.008623135404420418,-0.0,0.0,4.96031746031746e-06
2010-09-08,0.0008680019797355745,-9.74823189683658e-05,4.761904655467896e-06,0.0,4.761904655467896e-06,-0.0035391155137664736,4.761904655467896e-06,0.0043183738908357805,0.0,0.0,4.761904655467896e-06
2010-09-09,0.00010842639287017995,-0.0015189471279589107,5.158729969509064e-06,0.0,5.158729969509064e-06,-0.012327601938896333,5.158729969509064e-06,0.0032851657563544856,0.0,0.0,5.158729969509064e-06
2010-09-10,0.0014604558897398016,0.00010994587772656761,5.357143070016589e-06,0.0,5.357143070016589e-06,-0.00201974845589344,5.357143070016589e-06,0.004111670746128282,0.0,0.0,5.357143070016589e-06
2010-09-13,0.002510793273163662,0.0011019297160802615,5.357143070016589e-06,0.0,5.357143070016589e-06,0.0029119431781115352,5.357143070016589e-06,0.006633971678657757,0.0,0.0,5.357143070016589e-06
2010-09-14,0.00023203045040378714,0.0016851332057834074,5.357143070016589e-06,0.0,5.357143070016589e-06,0.011466955464903098,5.357143070016589e-06,-0.00036651185449812496,-0.0,0.0,5.357143070016589e-06
2010-09-15,-0.0013066178882352333,-0.0008709299546091334,5.753968088399797e-06,0.0,5.753968088399797e-06,-0.006319487185420525,5.753968088399797e-06,0.0007512308357521535,0.0,0.0,5.753968088399797e-06
2010-09-16,0.0014593581779434074,-0.0003784910700252119,5.9523811889073204e-06,0.0,5.9523811889073204e-06,-0.002600105012624865,5.9523811889073204e-06,9.590157982122859e-05,-0.0,0.0,5.9523811889073204e-06
2010-09-17,-0.000146283598133917,0.00024235228746952327,5.9523811889073204e-06,0.0,5.9523811889073204e-06,0.0018647996450838662,5.9523811889073204e-06,-0.00039302183179451555,0.0,0.0,5.9523811889073204e-06
2010-09-20,0.004537275174020207,0.0018245235906430603,5.753968088399797e-06,0.0,5.753968088399797e-06,0.0038455452871975675,5.753968088399797e-06,0.012458217579346953,0.0,0.0,5.753968088399797e-06
2010-09-21,7.70800885708678e-05,0.0013395533452377748,5.9523811889073204e-06,0.0,5.9523811889073204e-06,0.010781203019779435,5.9523811889073204e-06,-0.0027956163161553522,-0.0,0.0,5.9523811889073204e-06
2010-09-22,0.000681576715695728,0.0005302178304603737,6.150793698098924e-06,0.0,6.150793698098924e-06,0.003999877263150356,6.150793698098924e-06,-0.0007176276696406192,-0.0,0.0,6.150793698098924e-06
2010-09-23,-0.00015857856965018405,-0.0006919372438887084,6.150793698098924e-06,0.0,6.150793698098924e-06,0.0016932649776992825,6.150793698098924e-06,-0.00947925998495483,-0.0,0.0,6.150793698098924e-06
2010-09-24,0.004770636782441506,0.0013074997342765533,5.9523811889073204e-06,0.0,5.9523811889073204e-06,-0.0051042175698959484,5.9523811889073204e-06,0.020711978458745506,0.0,0.0,5.9523811889073204e-06
2010-09-27,-0.0007259398907611704,0.0008526583384325334,5.555555579208193e-06,0.0,5.555555579208193e-06,0.008453678035516147,5.555555579208193e-06,-0.004171989224581313,-0.0,0.0,5.555555579208193e-06
2010-09-28,0.0007191132786163413,0.0014634702920739372,5.158729969509064e-06,0.0,5.158729969509064e-06,0.00636229924963801,5.158729969509064e-06,0.005074488173881453,0.0,0.0,5.158729969509064e-06
2010-09-29,-8.996415005785695e-05,-0.0005919069957201356,5.9523811889073204e-06,0.0,5.9523811889073204e-06,-0.0019281013900126487,5.9523811889073204e-06,-0.0030462631110463323,-0.0,0.0,5.9523811889073204e-06
2010-09-30,-0.0009064412983567572,-0.0004387190571584444,6.150793698098924e-06,0.0,6.150793698098924e-06,-0.0007282834928096227,6.150793698098924e-06,-0.003314755411888831,-0.0,0.0,6.150793698098924e-06
2010-10-01,-9.218785700981059e-05,0.00041219683764641846,6.150793698098924e-06,0.0,6.150793698098924e-06,0.0011733821604567782,6.150793698098924e-06,0.002341905056260196,0.0,0.0,6.150793698098924e-06
2010-10-04,-0.0018919820404913832,-0.0003013731006207427,5.9523811889073204e-06,0.0,5.9523811889073204e-06,0.0008775685202889367,5.9523811889073204e-06,-0.004349429025504781,-0.0,0.0,5.9523811889073204e-06
2010-10-05,0.00501031658193153,0.002401664366653903,5.753968088399797e-06,0.0,5.753968088399797e-06,0.004629981797514911,5.753968088399797e-06,0.017052970573979365,0.0,0.0,5.753968088399797e-06
2010-10-06,-0.0019806495134701454,0.001234901237960066,4.5634921462762925e-06,0.0,4.5634921462762925e-06,0.008425751768449691,4.5634921462762925e-06,-0.0003044466225492759,-0.0,0.0,4.5634921462762925e-06
2010-10-07,0.0008559324399483672,-0.001308039839164797,4.5634921462762925e-06,0.0,4.5634921462762925e-06,-0.006086754819205434,4.5634921462762925e-06,-0.003965097512315219,-0.0,0.0,4.5634921462762925e-06
2010-10-08,0.0003101830451108669,0.0011313961742734425,4.5634921462762925e-06,0.0,4.5634921462762925e-06,0.001967218840412251,4.5634921462762925e-06,0.00834830213264065,0.0,0.0,4.5634921462762925e-06
2010-10-11,-0.00010148247690145565,0.00022111210441571715,4.5634921462762925e-06,0.0,4.5634921462762925e-06,0.0019922903226757454,4.5634921462762925e-06,-0.000792145789331844,0.0,0.0,4.5634921462762925e-06
2010-10-12,0.0009545411887302721,-0.00075190401662298,4.5634921462762925e-06,0.0,4.5634921462762925e-06,-0.005090943939043191,4.5634921462762925e-06,0.00010254439285958816,0.0,0.0,4.5634921462762925e-06
2010-10-13,0.0010090646429620487,0.001559499596802667,4.5634921462762925e-06,0.0,4.5634921462762925e-06,0.004812900805969374,4.5634921462762925e-06,0.008360813409597212,0.0,0.0,4.5634921462762925e-06
2010-10-14,0.000952001434477436,-0.0010931999167897192,5.158729969509064e-06,0.0,5.158729969509064e-06,-0.005194634575303743,5.158729969509064e-06,-0.0031568131773424823,-0.0,0.0,5.158729969509064e-06
2010-10-15,0.004111184119478999,-0.0009055731600912515,5.357143070016589e-06,0.0,5.357143070016589e-06,-0.008163405104721725,5.357143070016589e-06,0.0031719653411925175,0.0,0.0,5.357143070016589e-06
2010-10-18,0.0017587586808035355,0.000980064275119628,5.357143070016589e-06,0.0,5.357143070016589e-06,0.003665139542101089,5.357143070016589e-06,0.004285522723067092,0.0,0.0,5.357143070016589e-06
2010-10-19,-0.008806236782041536,-0.007846821595724385,5.357143070016589e-06,-0.010356393777246398,5.357143070016589e-06,-0.018894865909854376,5.357143070016589e-06,-0.01367389193826049,-0.014104601901417824,0.0,5.357143070016589e-06
2010-10-20,0.0037222650431047804,0.004098055210767424,5.357143070016589e-06,0.007280689240875882,5.357143070016589e-06,0.0029535225305838595,5.357143070016589e-06,0.011006552355286414,0.009766109519126376,0.0,5.357143070016589e-06
2010-10-21,0.0013766988131874843,-0.0009264484328344748,5.357143070016589e-06,0.001953507712298075,5.357143070016589e-06,-0.010495630644159887,5.357143070016589e-06,-7.653529440201923e-05,0.0022057559154324835,0.0,5.357143070016589e-06
2010-10-22,0.0036828832768915887,0.002115680841788821,4.761904655467896e-06,0.006823861109822804,4.761904655467896e-06,0.0030214988706254164,4.761904655467896e-06,-0.0018472798516155908,0.0018622813318378562,0.0,4.761904655467896e-06
2010-10-25,0.003101306664312259,0.0030184363354657977,4.761904655467896e-06,0.004841550339286904,4.761904655467896e-06,0.006445239031171854,4.761904655467896e-06,0.006179170155360514,0.0029573101522561984,0.0,4.761904655467896e-06
2010-10-26,0.001509778077202293,4.614337381607785e-05,4.5634921462762925e-06,0.0026976788788024564,4.5634921462762925e-06,-0.0023546787954477804,4.5634921462762925e-06,-0.002892236612304311,0.00016887999620696093,0.0,4.5634921462762925e-06
2010-10-27,-0.000909984943225973,-0.0011122135667090802,5.158729969509064e-06,0.003074814864428843,5.158729969509064e-06,-0.008514390577577042,5.158729969509064e-06,-0.0039061560429040076,-0.0028642623883923246,0.0,5.158729969509064e-06
2010-10-28,0.000326100182744349,0.0014945257771962317,5.158729969509064e-06,0.0021079369271088666,5.158729969509064e-06,0.005409619160825125,5.158729969509064e-06,0.0014174745151707695,0.00016899510050771838,0.0,5.158729969509064e-06
2010-10-29,0.00036205475000103545,0.00035504121213988964,4.96031746031746e-06,-0.0022947912135447,4.96031746031746e-06,0.003663592014266175,4.96031746031746e-06,0.003205811016840199,0.0007600934470335385,0.0,4.96031746031746e-06
2010-11-01,-0.0011697102436800334,0.00018303635194168673,4.365079341426728e-06,0.0007667456624191882,4.365079341426728e-06,0.0020470454025762756,4.365079341426728e-06,-0.003424384660372648,0.0003375058826899924,0.0,4.365079341426728e-06
2010-11-02,0.0063377153364599795,0.006231647322052679,4.166666536577164e-06,0.01072428913287049,4.166666536577164e-06,0.013377281484861689,4.166666536577164e-06,0.009478153995396643,0.00793084333255667,0.0,4.166666536577164e-06
2010-11-03,0.003397458569912158,0.0023208846118978363,4.96031746031746e-06,0.00454709637653905,4.96031746031746e-06,0.005205764124126248,4.96031746031746e-06,0.0010030048789513584,0.004017777440991965,0.0,4.96031746031746e-06
2010-11-04,0.007701571235284226,0.009249208420368367,4.761904655467896e-06,0.012259036966791204,4.761904655467896e-06,0.019233115820371273,4.761904655467896e-06,0.018536114414125726,0.019257636602523664,0.0,4.761904655467896e-06
2010-11-05,0.0006125972583155816,0.0002411864922167757,4.5634921462762925e-06,0.0,4.5634921462762925e-06,-0.0020750700924856424,4.5634921462762925e-06,0.002687607538213705,0.003762708230942824,0.0,4.5634921462762925e-06
2010-11-08,0.00032579897932495834,-0.00014083046093677653,4.761904655467896e-06,0.0013048384936480417,4.761904655467896e-06,-0.0029669369445770957,4.761904655467896e-06,0.0011702546321240015,-0.001874301665168665,0.0,4.761904655467896e-06
2010-11-09,-0.0036189125126082997,-0.004697778192837843,4.365079341426728e-06,-0.005396924997632335,4.365079341426728e-06,-0.013517994321063374,4.365079341426728e-06,-0.007834311390239879,-0.0071844707604297176,0.0,4.365079341426728e-06
2010-11-10,0.002463595758123353,0.0029202044232691576,4.96031746031746e-06,0.005051946162967003,4.96031746031746e-06,0.004437088428206559,4.96031746031746e-06,0.006878302508086298,0.004029496857509196,0.0,4.96031746031746e-06
2010-11-11,-0.0029702121009763886,-0.0029759428015677957,4.96031746031746e-06,-0.006329443110424493,4.96031746031746e-06,-0.008224722012948289,4.96031746031746e-06,0.0012106843670177114,-0.0037673901586107172,0.0,4.96031746031746e-06
2010-11-12,-0.008585286144172742,-0.008939856833424083,4.96031746031746e-06,-0.016297844158684516,4.96031746031746e-06,-0.01625501688761329,4.96031746031746e-06,-0.015408821859727861,-0.011838309037503714,0.0,4.96031746031746e-06
2010-11-15,-0.004947242862583037,-0.0017482491731534515,4.96031746031746e-06,-0.003808800227095732,4.96031746031746e-06,-0.0016454585457065238,4.96031746031746e-06,-0.004447519207411849,-0.0014145402260927753,0.0,4.96031746031746e-06
2010-11-16,-0.0093154996128549,-0.010390346955378514,5.158729969509064e-06,-0.016440710169133177,5.158729969509064e-06,-0.022086044476793666,5.158729969509064e-06,-0.01800479941615482,-0.01557945849601039,0.0,5.158729969509064e-06
2010-11-17,0.0007130034115106303,0.0014925844478399823,5.357143070016589e-06,0.002915624097552083,5.357143070016589e-06,0.004512715550778997,5.357143070016589e-06,0.00046916075726577454,0.0005081859148103884,0.0,5.357143070016589e-06
2010-11-18,0.010281253587537193,0.009980175119983824,5.357143070016589e-06,0.016085026641582623,5.357143070016589e-06,0.021630341659073217,5.357143070016589e-06,0.016087869982436165,0.014717855213144171,0.0,5.357143070016589e-06
2010-11-19,0.0015020734329060264,0.0010688170672168466,5.357143070016589e-06,0.0007630894229884166,5.357143070016589e-06,0.0004695621412549311,5.357143070016589e-06,0.005995238812551984,0.0027512725003806526,0.0,5.357143070016589e-06
2010-11-22,0.005013914395831627,0.00201414850056956,5.158729969509064e-06,0.00838574982535234,5.158729969509064e-06,-0.0017854229497367886,5.158729969509064e-06,0.0024619590374879707,-0.0008313067239585914,0.0,5.158729969509064e-06
2010-11-23,-0.00899600661947729,-0.010643915089845288,4.96031746031746e-06,-0.015875943730962017,4.96031746031746e-06,-0.025891320169882007,4.96031746031746e-06,-0.01707077796296874,-0.01447687251333618,0.0,4.96031746031746e-06
2010-11-24,0.011206251334083647,0.011074984635749104,5.555555579208193e-06,0.020165090160711774,5.555555579208193e-06,0.01973443961030208,5.555555579208193e-06,0.019636986029301418,0.014773893273766214,0.0,5.555555579208193e-06
2010-11-26,-0.0034336923878540045,-0.006056590720965925,5.9523811889073204e-06,-0.006589189018331054,5.9523811889073204e-06,-0.016032437368821945,5.9523811889073204e-06,-0.011328241136391637,-0.01164717695076134,0.0,5.9523811889073204e-06
2010-11-29,0.0003428262629064315,0.0002704198239020283,6.150793698098924e-06,-0.0007578414759032981,6.150793698098924e-06,-0.0005981785970974687,6.150793698098924e-06,0.0032032857857882957,0.003030391945490152,0.0,6.150793698098924e-06
2010-11-30,-0.0077598197849772736,-0.005225069280224376,6.150793698098924e-06,-0.012137313307584607,6.150793698098924e-06,-0.010543165791595865,6.150793698098924e-06,-0.0018955243280465162,-0.00562283546314768,0.0,6.150793698098924e-06
2010-12-01,0.013250260862602677,0.012981749127377203,6.3492062072905275e-06,0.021117230770186346,6.3492062072905275e-06,0.023368867164302937,6.3492062072905275e-06,0.025999936169537774,0.02126739001618705,0.0,6.3492062072905275e-06
2010-12-02,0.007450321435047104,0.007311826878078012,6.150793698098924e-06,0.010152540062749571,6.150793698098924e-06,0.015635227347933656,6.150793698098924e-06,0.014657299792069034,0.01280905030722379,0.0,6.150793698098924e-06
2010-12-03,-0.00018139664097769885,0.0020367710971871214,5.753968088399797e-06,0.0026055410125112033,5.753968088399797e-06,0.005299255157850791,5.753968088399797e-06,0.0038667195261248843,0.0026927410418731146,0.0,5.753968088399797e-06
2010-12-06,5.6452214895391176e-05,-0.0003641956689630936,5.158729969509064e-06,-0.0003711832572244056,5.158729969509064e-06,-0.0021990569856341997,5.158729969509064e-06,0.001361437138565652,-0.0010581547721135731,0.0,5.158729969509064e-06
2010-12-07,-0.00041005419586150044,-0.0010418416028626723,4.96031746031746e-06,0.0005567786316529322,4.96031746031746e-06,-0.008293377308643988,4.96031746031746e-06,0.00018561273841707915,0.000570626113391759,0.0,4.96031746031746e-06
2010-12-08,0.001642429220745852,0.00040208796245009366,5.555555579208193e-06,0.003711874948467697,5.555555579208193e-06,-0.0017821361398456799,5.555555579208193e-06,-0.005351146187145134,0.003663316126150562,0.0,5.555555579208193e-06
2010-12-09,-0.0002446920600087751,0.000730517987779809,5.357143070016589e-06,0.0009249614511803728,5.357143070016589e-06,-0.0006325124921989401,5.357143070016589e-06,0.0030039281210096913,0.003893608202877763,0.0,5.357143070016589e-06
2010-12-10,0.0030382006695738677,0.003704986499833261,5.357143070016589e-06,0.006650417790733831,5.357143070016589e-06,0.00647117107196619,5.357143070016589e-06,0.006336302414256756,0.00581780104575258,0.0,5.357143070016589e-06
2010-12-13,-0.001239078480585302,-0.0007901433079541593,4.5634921462762925e-06,-0.0034864801796715694,4.5634921462762925e-06,-0.0013972901832411946,4.5634921462762925e-06,0.002414156411955526,0.0006422865107575948,0.0,4.5634921462762925e-06
2010-12-14,9.671129782307174e-05,0.0006418769089429162,4.761904655467896e-06,0.0018414604646459498,4.761904655467896e-06,0.0009390355936657047,4.761904655467896e-06,-0.0002713691883679259,0.0008832767140711795,0.0,4.761904655467896e-06
2010-12-15,-0.003257052522151716,-0.00308034016027108,5.357143070016589e-06,-0.004412008675640289,5.357143070016589e-06,-0.007900184382270914,5.357143070016589e-06,-0.00451140571614575,-0.004572144452047344,0.0,5.357143070016589e-06
2010-12-16,0.004932190832591793,0.004234668335263507,5.357143070016589e-06,0.007755049679159631,5.357143070016589e-06,0.006841842949599404,5.357143070016589e-06,0.00832730353872091,0.005802107302184556,0.0,5.357143070016589e-06
2010-12-17,0.0011415808088631669,0.00039525081406713584,4.96031746031746e-06,0.0008808375415123582,4.96031746031746e-06,-0.0005203693813381112,4.96031746031746e-06,0.0017117072471528327,0.0010708534399983538,0.0,4.96031746031746e-06
2010-12-20,0.0013207871946944133,0.0006579840874801296,4.166666536577164e-06,0.0007340656487291319,4.166666536577164e-06,-0.0006061593517468299,4.166666536577164e-06,0.003829920312856755,0.0024139384019974397,0.0,4.166666536577164e-06
2010-12-21,0.004875455644302179,0.003978598764536093,3.968254027385561e-06,0.006048419993146981,3.968254027385561e-06,0.007838937174417046,3.968254027385561e-06,0.008138549480471158,0.0063401141264103344,0.0,3.968254027385561e-06
2010-12-22,0.000783679520312195,0.00040110668732081824,5.158729969509064e-06,-0.00018214016683593126,5.158729969509064e-06,0.00032274078645381664,5.158729969509064e-06,0.0016327049259048376,0.0031104470830820574,0.0,5.158729969509064e-06
2010-12-23,-0.0014744256666367923,-0.0010077268004126505,5.158729969509064e-06,-0.0025513015574032405,5.158729969509064e-06,-0.0016306271959618164,5.158729969509064e-06,-0.00019639698778506354,-0.001431256268388692,0.0,5.158729969509064e-06
2010-12-27,0.0009430753329025827,0.00018871355534832732,5.158729969509064e-06,0.0005483962697574452,5.158729969509064e-06,0.0006649685166179407,5.158729969509064e-06,-0.0007966628672252674,0.00039811879864948274,0.0,5.158729969509064e-06
2010-12-28,-0.001539150371457201,-0.0004288094986194995,4.761904655467896e-06,-0.0018263482405164178,4.761904655467896e-06,-0.001059886985031196,4.761904655467896e-06,0.0007776369220134083,0.001432657307332219,0.0,4.761904655467896e-06
2010-12-29,0.0018145580942482823,0.0018166420163666687,5.555555579208193e-06,0.002195196828558732,5.555555579208193e-06,0.0050522341133309254,5.555555579208193e-06,0.004545723189967044,0.0007150642355653325,0.0,5.555555579208193e-06
2010-12-30,-0.0007471749050654802,-0.0007369938372907142,4.96031746031746e-06,-0.0023728611335429584,4.96031746031746e-06,0.00027518754633004683,4.96031746031746e-06,-0.0006753666475843856,-0.001588428323608615,0.0,4.96031746031746e-06
2010-12-31,-0.0014721533860275783,-0.0010671304831547967,4.365079341426728e-06,-0.0036587717151750354,4.365079341426728e-06,-0.0010954839699020367,4.365079341426728e-06,-7.455842640408106e-05,0.00023896310638282792,0.0,4.365079341426728e-06
2011-01-03,0.007655001465696297,0.0076729335129044965,4.5634921462762925e-06,0.015607843369789709,4.5634921462762925e-06,0.014215548870520603,4.5634921462762925e-06,0.008618236556848347,0.010337780656621387,0.0,4.5634921462762925e-06
2011-01-04,-0.0007139690045463076,-0.0013259723574872418,4.761904655467896e-06,-0.0007232650711651578,4.761904655467896e-06,-0.0036579215756533667,4.761904655467896e-06,-0.00556672282271059,-0.0005512425345322036,0.0,4.761904655467896e-06
2011-01-05,0.0058222278146782885,0.0038969293509749352,5.357143070016589e-06,0.008503943175136586,5.357143070016589e-06,0.005917304497926156,5.357143070016589e-06,0.004917584499000427,0.0051979781480542275,0.0,5.357143070016589e-06
2011-01-06,0.004914095415600112,-0.0004998617276644403,5.357143070016589e-06,0.0032289971522756478,5.357143070016589e-06,-0.004004880713481743,5.357143070016589e-06,-0.005612292423021886,-0.001958543172088767,0.0,5.357143070016589e-06
2011-01-07,0.0009220580121006036,-0.0009688129706163304,5.555555579208193e-06,-0.0008942388356711906,5.555555579208193e-06,-0.005273219296490124,5.555555579208193e-06,0.0019111490644710405,-0.00196254438980481,0.0,5.555555579208193e-06
2011-01-10,0.002945632300014983,0.0007524305653484257,5.357143070016589e-06,0.0037590241065406094,5.357143070016589e-06,-0.0002932611426262146,5.357143070016589e-06,-0.0005066840937675565,-0.001258786026850589,0.0,5.357143070016589e-06
2011-01-11,0.0009297042261820462,0.0016780189271925936,5.357143070016589e-06,0.0014262795409851758,5.357143070016589e-06,0.0023406539584679797,5.357143070016589e-06,0.007027941917007313,0.0035442091330348813,0.0,5.357143070016589e-06
2011-01-12,0.007253566844033827,0.004549001662149231,5.753968088399797e-06,0.007122561803543093,5.753968088399797e-06,0.008241227397636663,5.753968088399797e-06,0.008534855186044576,0.00902428724513027,0.0,5.753968088399797e-06
2011-01-13,0.0006913882337345582,-0.0008696387817273433,5.753968088399797e-06,0.0003535246141705972,5.753968088399797e-06,-0.0035779635344920964,5.753968088399797e-06,-0.003007296427924827,-0.0016328773590990053,0.0,5.753968088399797e-06
2011-01-14,0.005451429991171,0.003874249291115587,5.555555579208193e-06,0.0074232443201143194,5.555555579208193e-06,0.005952718409711602,5.555555579208193e-06,0.005803685043272611,0.007244751863196841,0.0,5.555555579208193e-06
2011-01-18,-0.0009239284197546497,0.001538574173019084,5.753968088399797e-06,0.0028074369287511836,5.753968088399797e-06,0.0010847034572356589,5.753968088399797e-06,0.005445430207206781,0.001701284825287086,0.0,5.753968088399797e-06
2011-01-19,-0.00718769917514059,-0.007311250631480615,5.753968088399797e-06,-0.011372223459862218,5.753968088399797e-06,-0.015619959675330843,5.753968088399797e-06,-0.01391660847876286,-0.009805466759571724,0.0,5.753968088399797e-06
2011-01-20,-0.004515650524026717,-0.0034140131609646162,6.150793698098924e-06,-0.0070779078768453685,6.150793698098924e-06,-0.00628201110068786,6.150793698098924e-06,-0.00604822683832873,-0.0013254780102547326,0.0,6.150793698098924e-06
2011-01-21,-0.002536835152541938,-0.002012785253595107,6.150793698098924e-06,-0.007664145783028209,6.150793698098924e-06,-0.00403031117222922,6.150793698098924e-06,0.003359763722370096,0.002264299837432482,0.0,6.150793698098924e-06
2011-01-24,0.008189122213563566,0.00592638919608507,5.9523811889073204e-06,0.01382957570621901,5.9523811889073204e-06,0.008967022629468689,5.9523811889073204e-06,0.006954858859968438,0.005686952869690343,0.0,5.9523811889073204e-06
2011-01-25,0.0002752644926721454,0.0005194089578333021,5.9523811889073204e-06,0.0014171629159109855,5.9523811889073204e-06,0.0011671436919269418,5.9523811889073204e-06,-0.000525161364627047,0.0005417105019043245,0.0,5.9523811889073204e-06
2011-01-26,0.004298362295030027,0.004184449029230089,5.9523811889073204e-06,0.0053068402774238965,5.9523811889073204e-06,0.008366913759707773,5.9523811889073204e-06,0.013104423139467025,0.0038710007744646724,0.0,5.9523811889073204e-06
2011-01-27,0.0036714621719245934,0.002237032815997807,6.150793698098924e-06,0.006158438815795142,6.150793698098924e-06,0.003844378354346774,6.150793698098924e-06,-0.0006634907810162682,0.002468219053956666,0.0,6.150793698098924e-06
2011-01-28,-0.014869820134154374,-0.012810692345130081,5.555555579208193e-06,-0.025358351660587752,5.555555579208193e-06,-0.022423334431175314,5.555555579208193e-06,-0.017996605645462876,-0.017463323417650667,0.0,5.555555579208193e-06
2011-01-31,0.004076848235870194,0.00421723376710441,5.357143070016589e-06,0.004844835968804029,5.357143070016589e-06,0.006445557497874639,5.357143070016589e-06,0.014737280642498185,0.0075162935263284325,0.0,5.357143070016589e-06
2011-02-01,0.010772669513185073,0.010584160625997461,5.753968088399797e-06,0.01875000535745608,5.753968088399797e-06,0.019283398983085842,5.753968088399797e-06,0.018016249284749764,0.01600872628089145,0.0,5.753968088399797e-06
2011-02-02,0.0006798121898404507,-0.0009972208905988,5.9523811889073204e-06,-0.0015775027892953597,5.9523811889073204e-06,-0.0024169184435966677,5.9523811889073204e-06,-0.0009885144072230012,-0.001911873465327396,0.0,5.9523811889073204e-06
2011-02-03,0.0007645884846574296,0.0011553707657611728,5.9523811889073204e-06,0.0017557460518697887,5.9523811889073204e-06,0.002500660451895416,5.9523811889073204e-06,0.0017273195329278734,0.002222249437736412,0.0,5.9523811889073204e-06
2011-02-04,0.005176332252182387,0.0023170381106749744,5.753968088399797e-06,0.005607974249221215,5.753968088399797e-06,0.0033977387871252,5.753968088399797e-06,0.001913325531954363,0.002829081833022995,0.0,5.753968088399797e-06
2011-02-07,0.001321300236333677,0.003326865382648101,5.753968088399797e-06,0.004705138828099642,5.753968088399797e-06,0.006949587330969434,5.753968088399797e-06,0.006373376365567118,0.0062524653305644495,0.0,5.753968088399797e-06
2011-02-08,0.0036542959940494444,0.003169794646629449,5.555555579208193e-06,0.006591862554862882,5.555555579208193e-06,0.006068527959741887,5.555555579208193e-06,0.0026873800996860264,0.0045467499789413335,0.0,5.555555579208193e-06
2011-02-09,-0.0006218060620765357,-0.0016144521393048803,5.753968088399797e-06,-0.0017232971104542694,5.753968088399797e-06,-0.002806221618504893,5.753968088399797e-06,-0.005948133587268839,-0.002263350664232333,0.0,5.753968088399797e-06
2011-02-10,-0.00031973423337589994,0.0011284116576999903,5.158729969509064e-06,0.0015536899892421019,5.158729969509064e-06,0.0019627042001912898,5.158729969509064e-06,0.004155423313961348,0.00037819482299394913,0.0,5.158729969509064e-06
2011-02-11,0.004931269676923015,0.00403821361101222,4.365079341426728e-06,0.007238628724331342,4.365079341426728e-06,0.008015984028313161,4.365079341426728e-06,0.005769629442823138,0.005970363074855101,0.0,4.365079341426728e-06
2011-02-14,0.0027582116086754876,0.001968721432656764,4.365079341426728e-06,0.002396108340119163,4.365079341426728e-06,0.0033058253763316907,4.365079341426728e-06,0.0069212611653758915,0.0024036769847155526,0.0,4.365079341426728e-06
2011-02-15,-0.003087555670920804,-0.001693715458641332,4.365079341426728e-06,-0.001365633866945104,4.365079341426728e-06,-0.003403651441411859,4.365079341426728e-06,-0.006071040409537043,-0.003147651807007157,0.0,4.365079341426728e-06
2011-02-16,0.004874326855570156,0.0041241475728059805,4.96031746031746e-06,0.006495183943928673,4.96031746031746e-06,0.006952692949074782,4.96031746031746e-06,0.009821572487537511,0.006315710567123212,0.0,4.96031746031746e-06
2011-02-17,0.0027402712351571354,0.0011595182006807502,4.365079341426728e-06,-0.00033952089976818645,4.365079341426728e-06,0.003221087014539529,4.365079341426728e-06,0.0053571364184678005,0.0029880410774549837,0.0,4.365079341426728e-06
2011-02-18,-0.0011260214629053354,-0.00032098696087720223,3.5714287133443927e-06,-0.0022085621392291532,3.5714287133443927e-06,0.0003193339429455506,3.5714287133443927e-06,0.00025678971459319744,0.002085517289294625,0.0,3.5714287133443927e-06
2011-02-22,-0.017043581003360384,-0.014842626445757054,3.5714287133443927e-06,-0.02894627888542367,3.5714287133443927e-06,-0.024896971978749585,3.5714287133443927e-06,-0.02367458688118093,-0.020069506050699237,0.0,3.5714287133443927e-06
2011-02-23,-0.005700140852145798,-0.004583911283018602,3.968254027385561e-06,-0.008241122543426238,3.968254027385561e-06,-0.01054153084405999,3.968254027385561e-06,-0.0048286424916892945,-0.006144352719240187,0.0,3.968254027385561e-06
2011-02-24,0.004483546495186061,0.0016378010015475934,4.5634921462762925e-06,0.00530402653888129,4.5634921462762925e-06,0.003669106583934748,4.5634921462762925e-06,-0.0018854932658257106,-0.0006867390550387986,0.0,4.5634921462762925e-06
2011-02-25,0.006684295292621297,0.007811891160309665,4.761904655467896e-06,0.01389361635340558,4.761904655467896e-06,0.015914861548264415,4.761904655467896e-06,0.011477472015924084,0.010692840254842295,0.0,4.761904655467896e-06
2011-02-28,0.0011316498270880994,0.0020659088798044515,4.96031746031746e-06,0.0020821786490659022,4.96031746031746e-06,0.0031244342326861574,4.96031746031746e-06,0.006103622345938364,0.006196329931554834,0.0,4.96031746031746e-06
2011-03-01,-0.011842042332283326,-0.010056479427247479,5.357143070016589e-06,-0.016098274469415697,5.357143070016589e-06,-0.017608989628876172,5.357143070016589e-06,-0.021418484434226226,-0.01667273324849683,0.0,5.357143070016589e-06
2011-03-02,0.0016961679692338205,0.0025179859596531407,5.158729969509064e-06,0.0052773584371133,5.158729969509064e-06,0.0038777232794418763,5.158729969509064e-06,0.004549198188887604,0.0021385526977291125,0.0,5.158729969509064e-06
2011-03-03,0.0105733133863275,0.011206496006161932,4.761904655467896e-06,0.01977628368813833,4.761904655467896e-06,0.01990941357959941,4.761904655467896e-06,0.01982627603069137,0.01722450433473699,0.0,4.761904655467896e-06
2011-03-04,-0.0035412667192086704,-0.0035625422289835146,4.96031746031746e-06,-0.005148747502576656,4.96031746031746e-06,-0.005663201982918845,4.96031746031746e-06,-0.008655384360993362,-0.007492649639690541,0.0,4.96031746031746e-06
2011-03-07,-0.007443011203075171,-0.006919048399546593,4.365079341426728e-06,-0.013455046562740214,4.365079341426728e-06,-0.012560365868265921,4.365079341426728e-06,-0.010838339752061221,-0.007850887389353245,0.0,4.365079341426728e-06
2011-03-08,0.0014639514672686823,0.0037864572996273885,3.968254027385561e-06,0.004021815642937687,3.968254027385561e-06,0.009683297039241534,3.968254027385561e-06,0.006709732872223401,0.008749944843006618,0.0,3.968254027385561e-06
2011-03-09,-0.004404676866894006,-0.0029896357320663425,4.166666536577164e-06,-0.006792378952942824,4.166666536577164e-06,-0.004076539112440473,4.166666536577164e-06,-0.005739240170856391,-0.0014332036867108489,0.0,4.166666536577164e-06
2011-03-10,-0.011529696623437356,-0.01052633613863286,3.7698412225359962e-06,-0.015605334554376404,3.7698412225359962e-06,-0.01993928825398831,3.7698412225359962e-06,-0.02247400155420437,-0.01850579073223202,0.0,3.7698412225359962e-06
2011-03-11,0.004070602180192148,0.004120923373542826,2.579364984754532e-06,0.006233973546771576,2.579364984754532e-06,0.0052618581766414865,2.579364984754532e-06,0.01252855999149638,0.00692609290112034,0.0,2.579364984754532e-06
2011-03-14,-0.0017466297727166344,-0.00255888257487155,2.7777777896040964e-06,-0.00354047697365123,2.7777777896040964e-06,-0.004980284808447144,2.7777777896040964e-06,-0.004748271025724948,-0.006037283805343963,0.0,2.7777777896040964e-06
2011-03-15,-0.007421817548867473,-0.00676996584173073,2.9761905944536602e-06,-0.014211838327440773,2.9761905944536602e-06,-0.011523854724775462,2.9761905944536602e-06,-0.006300816464806763,-0.01145751555488983,0.0,2.9761905944536602e-06
2011-03-16,-0.014030529933537112,-0.011850828590232973,3.7698412225359962e-06,-0.02414854185167392,3.7698412225359962e-06,-0.017552281863070007,3.7698412225359962e-06,-0.017936157433563166,-0.018512804038600006,0.0,3.7698412225359962e-06
2011-03-17,0.00613235036755332,0.006244789677375378,3.3730159084948284e-06,0.009233397670173726,3.3730159084948284e-06,0.008213708221940008,3.3730159084948284e-06,0.017106680080263337,0.013234930511258014,0.0,3.3730159084948284e-06
2011-03-18,0.0006594566726960177,0.0005907468965363166,2.7777777896040964e-06,-0.002253413338290544,2.7777777896040964e-06,0.004881723277597357,2.7777777896040964e-06,0.0014817045866885592,0.00363691337358496,0.0,2.7777777896040964e-06
2011-03-21,0.010134828142955004,0.011005994083656682,2.579364984754532e-06,0.019283627280151316,2.579364984754532e-06,0.0193127463536454,2.579364984754532e-06,0.02124978185492299,0.01549811775279597,0.0,2.579364984754532e-06
2011-03-22,-0.0021758724195451887,-0.0017447988101041653,2.7777777896040964e-06,-0.0018019852931303593,2.7777777896040964e-06,-0.0035197058750909838,2.7777777896040964e-06,-0.005071204471671059,-0.0034683858156325797,0.0,2.7777777896040964e-06
2011-03-23,0.0033026386054361557,0.0029225393061612357,3.5714287133443927e-06,0.005595845450520276,3.5714287133443927e-06,0.0038497040224743833,3.5714287133443927e-06,0.007303172946700576,0.00286192441544153,0.0,3.5714287133443927e-06
2011-03-24,0.009709092966331857,0.007698612652431879,3.3730159084948284e-06,0.017770373813872364,3.3730159084948284e-06,0.011413099268932081,3.3730159084948284e-06,0.008257136714480806,0.009563258760075133,0.0,3.3730159084948284e-06
2011-03-25,0.00093605891484259,0.002051343582358046,3.1746031036452638e-06,0.0024694646708458556,3.1746031036452638e-06,0.004745111106449077,3.1746031036452638e-06,0.004919902398751064,0.003055850170605723,0.0,3.1746031036452638e-06
2011-03-28,-0.000807417626350177,-0.002502178595556036,3.1746031036452638e-06,-0.0054541538962114,3.1746031036452638e-06,-0.003360057580086913,3.1746031036452638e-06,-0.004528696632409512,-0.0024372475634384383,0.0,3.1746031036452638e-06
2011-03-29,0.004084747425223202,0.005227057592450719,3.1746031036452638e-06,0.009729029027362168,3.1746031036452638e-06,0.008610817173019553,3.1746031036452638e-06,0.00998257038040018,0.006718519674780543,0.0,3.1746031036452638e-06
2011-03-30,0.002550287602651493,0.0037331397156227506,3.7698412225359962e-06,0.004730610786562117,3.7698412225359962e-06,0.008184632180626556,3.7698412225359962e-06,0.008039644190082296,0.00690136765976912,0.0,3.7698412225359962e-06
2011-03-31,-0.00039582646444948934,0.0004465349896974295,3.7698412225359962e-06,0.0013947815293116061,3.7698412225359962e-06,0.0011654631776847335,3.7698412225359962e-06,0.00023466242456501862,-0.0013556174684934419,0.0,3.7698412225359962e-06
2011-04-01,0.0006333885517100213,0.0014403187584302079,3.5714287133443927e-06,0.0005224283776112948,3.5714287133443927e-06,0.003047177667932462,3.5714287133443927e-06,0.005347134221827088,0.0042234783643062546,0.0,3.5714287133443927e-06
2011-04-04,-0.0028360576410078916,-0.0005080244168045162,2.182539670713364e-06,-0.003306682036823938,2.182539670713364e-06,-7.766403810756839e-05,2.182539670713364e-06,0.0026763592691816385,0.0008260059440861056,0.0,2.182539670713364e-06
2011-04-05,0.0006554643737673232,-0.00017030696806152236,1.3888888948020482e-06,-0.002618830867826216,1.3888888948020482e-06,0.0008866156975895951,1.3888888948020482e-06,0.0036222166716796955,-0.00015019549069583693,0.0,1.3888888948020482e-06
2011-04-06,0.0012635545972607826,0.0007543982332289782,2.579364984754532e-06,0.0024507719008366458,2.579364984754532e-06,0.0026111752181820305,2.579364984754532e-06,-0.0048725065566177506,0.003152551164456563,0.0,2.579364984754532e-06
2011-04-07,4.993946223547098e-05,-0.001094933125156351,1.9841270136927804e-06,-0.0006986391225275446,1.9841270136927804e-06,-0.0030719092840266003,1.9841270136927804e-06,-0.0026934606710567466,-0.00254380968125667,0.0,1.9841270136927804e-06
2011-04-08,-0.003656366372861409,-0.0029559410069747486,1.3888888948020482e-06,-0.004718425613474908,1.3888888948020482e-06,-0.006218378754146288,1.3888888948020482e-06,-0.0058525565049100114,-0.003450313718451836,0.0,1.3888888948020482e-06
2011-04-11,-0.0026422823299074106,-0.002659118987685379,1.3888888948020482e-06,-0.003336293333037421,1.3888888948020482e-06,-0.005092583415483687,1.3888888948020482e-06,-0.008358188342097339,-0.003010542623793966,0.0,1.3888888948020482e-06
2011-04-12,-0.004670738427230271,-0.004982994993358441,1.3888888948020482e-06,-0.006871274786961257,1.3888888948020482e-06,-0.009147173313739265,1.3888888948020482e-06,-0.013330027812368,-0.007473985429483299,0.0,1.3888888948020482e-06
2011-04-13,0.003256798818675381,0.0025775340023922342,1.7857143566721963e-06,0.008515418115672357,1.7857143566721963e-06,0.003259542793407492,1.7857143566721963e-06,-0.000351232879859692,-7.61201962257152e-05,0.0,1.7857143566721963e-06
2011-04-14,-0.0002732505516013388,-1.0608195134424546e-05,1.9841270136927804e-06,-0.0017591173583237918,1.9841270136927804e-06,0.001207048612965759,1.9841270136927804e-06,0.0019043732195144492,0.0007604225236101936,0.0,1.9841270136927804e-06
2011-04-15,0.0015817666686921221,0.0014614903950894405,2.579364984754532e-06,-0.0017619869401337418,2.579364984754532e-06,0.006973776688567949,2.579364984754532e-06,0.005814366828361228,0.0036486086717535393,0.0,2.579364984754532e-06
2011-04-18,-0.006289948357562712,-0.0049900837231210545,2.380952327733948e-06,-0.007060926539779078,2.380952327733948e-06,-0.00722250332988265,2.380952327733948e-06,-0.01301594458169153,-0.011208745867083314,0.0,2.380952327733948e-06
2011-04-19,0.00351285141850584,0.003260437339124554,2.182539670713364e-06,0.006221771031295953,2.182539670713364e-06,0.001996065076189213,2.182539670713364e-06,0.009740368346198403,0.005744515464791489,0.0,2.182539670713364e-06
2011-04-20,0.01160117650415691,0.01034970812981876,2.182539670713364e-06,0.022615228452033787,2.182539670713364e-06,0.01266289731765998,2.182539670713364e-06,0.017733696875645855,0.013631832082716677,0.0,2.182539670713364e-06
2011-04-21,0.005757909247080054,0.003672839822606959,2.182539670713364e-06,0.00794745893855553,2.182539670713364e-06,0.004714271674426766,2.182539670713364e-06,0.005949706456039483,0.005108724877428417,0.0,2.182539670713364e-06
2011-04-25,0.00011737228888845754,5.64533526047263e-05,1.7857143566721963e-06,0.0025712472958319132,1.7857143566721963e-06,-0.0005927347958168584,1.7857143566721963e-06,-0.004195385682742164,-0.0010465338782990052,0.0,1.7857143566721963e-06
2011-04-26,0.003884416810497182,0.0043189421123343286,1.7857143566721963e-06,0.005641968250992724,1.7857143566721963e-06,0.00806902536542379,1.7857143566721963e-06,0.010521000150871596,0.00860554496692667,0.0,1.7857143566721963e-06
2011-04-27,0.004456603268389642,0.003635328051914048,2.182539670713364e-06,0.006800211234172959,2.182539670713364e-06,0.006438980857340256,2.182539670713364e-06,0.004790450484694175,0.006528983212098272,0.0,2.182539670713364e-06
2011-04-28,0.00033457503189554256,0.000535793508785533,1.9841270136927804e-06,-0.0015193231531985818,1.9841270136927804e-06,0.003316403337626284,1.9841270136927804e-06,0.0017432004190760797,0.0032426521767223715,0.0,1.9841270136927804e-06
2011-04-29,0.0015449461249491007,0.0006761953300445831,1.3888888948020482e-06,-0.0008459014204260651,1.3888888948020482e-06,0.001035576140682541,1.3888888948020482e-06,0.005555545453670152,0.002351044397211899,0.0,1.3888888948020482e-06
2011-05-02,-0.0015583390690384058,-0.0023282046703286697,1.5873015518226319e-06,-0.0018619243297370858,1.5873015518226319e-06,-0.009364485898736653,1.5873015518226319e-06,-0.0034315140643049464,-0.0015388689287699764,0.0,1.5873015518226319e-06
2011-05-03,-0.005090859291522803,-0.003627374936957818,1.190476163866974e-06,-0.004748291413185557,1.190476163866974e-06,-0.007664922414561958,1.190476163866974e-06,-0.010211563652233135,-0.003597256813427707,0.0,1.190476163866974e-06
2011-05-04,-0.002230842918922988,-0.00394443686378651,9.920635068463902e-07,-0.0015334889468584523,9.920635068463902e-07,-0.01196863669685144,9.920635068463902e-07,-0.012687825812265047,-0.006630786159432023,0.0,9.920635068463902e-07
2011-05-05,-0.0029247038916454535,-0.004015640431171083,7.936507759113159e-07,-0.005460787451603721,7.936507759113159e-07,-0.007025346865062509,7.936507759113159e-07,-0.009182631434950156,-0.009048484420239089,0.0,7.936507759113159e-07
2011-05-06,0.0043757481245547914,0.002320987514094826,3.9682538795565797e-07,0.003259858104164959,3.9682538795565797e-07,0.0043291442587545985,3.9682538795565797e-07,0.005253382072728963,0.004415788982885527,0.0,3.9682538795565797e-07
2011-05-09,0.003778462468593006,0.0029104891678014256,1.9841269397782899e-07,0.003762923801258866,1.9841269397782899e-07,0.006428866586327908,1.9841269397782899e-07,0.007147577681906603,0.0038747463629509316,0.0,1.9841269397782899e-07
2011-05-10,0.004557150729424631,0.005052704794480431,1.9841269397782899e-07,0.008519391288122513,1.9841269397782899e-07,0.010789797535528889,1.9841269397782899e-07,0.006641146254091068,0.00853610976781094,0.0,1.9841269397782899e-07
2011-05-11,-0.0049855022357820295,-0.006184046640325749,9.920635068463902e-07,-0.0072648924515855695,9.920635068463902e-07,-0.01208749412012248,9.920635068463902e-07,-0.017656779339787265,-0.010524585280959786,0.0,9.920635068463902e-07
2011-05-12,0.0028197467673220225,0.0030431181684307533,7.936507759113159e-07,0.005956596252325808,7.936507759113159e-07,0.006510598733912317,7.936507759113159e-07,0.002200952638653636,0.004760347931932252,0.0,7.936507759113159e-07
2011-05-13,-0.008860341487769766,-0.005949981744943416,7.936507759113159e-07,-0.011842282003384996,7.936507759113159e-07,-0.011158204661803135,7.936507759113159e-07,-0.007385017325508003,-0.007699156650374239,0.0,7.936507759113159e-07
2011-05-16,-0.00881601238821576,-0.007284275665502296,7.936507759113159e-07,-0.017291680546510646,7.936507759113159e-07,-0.012747461579954026,7.936507759113159e-07,-0.005738847727501023,-0.006341459408447991,0.0,7.936507759113159e-07
2011-05-17,0.00040983956187682556,-0.00013145558569870004,7.936507759113159e-07,0.0027873612696549532,7.936507759113159e-07,-0.0032143667871337516,7.936507759113159e-07,-0.0033515641481819953,-0.00014989875635129657,0.0,7.936507759113159e-07
2011-05-18,0.005005592022371113,0.005362625396226518,1.3888888948020482e-06,0.008339521818659934,1.3888888948020482e-06,0.01021193076959189,1.3888888948020482e-06,0.010753165890506622,0.008935831309083708,0.0,1.3888888948020482e-06
2011-05-19,0.0010442559164905417,0.0015327675314032762,1.5873015518226319e-06,0.002928786886230661,1.5873015518226319e-06,0.0024902928943186797,1.5873015518226319e-06,0.0024788606612498876,0.002381665820913037,0.0,1.5873015518226319e-06
2011-05-20,-0.0041728715111612694,-0.004635085118529275,1.5873015518226319e-06,-0.007558860782284071,1.5873015518226319e-06,-0.01047781376067606,1.5873015518226319e-06,-0.005783654874915195,-0.007944643258262274,0.0,1.5873015518226319e-06
2011-05-23,-0.00892720153826237,-0.008354515132124849,1.5873015518226319e-06,-0.014713511031983928,1.5873015518226319e-06,-0.017577146067285887,1.5873015518226319e-06,-0.011699806588491374,-0.011601342375882506,0.0,1.5873015518226319e-06
2011-05-24,-0.0025428961844298813,-0.0014611437001320537,1.7857143566721963e-06,-0.006148995606121255,1.7857143566721963e-06,4.31850532754594e-05,1.7857143566721963e-06,0.0013151456707962694,-0.0008328997445147257,0.0,1.7857143566721963e-06
2011-05-25,0.00443147968679052,0.002421813356608198,1.9841270136927804e-06,0.003889075607724779,1.9841270136927804e-06,0.004620936060024561,1.9841270136927804e-06,0.005056525497104447,0.0033347553957789877,0.0,1.9841270136927804e-06
2011-05-26,0.002956381972995685,0.002955817165794316,1.7857143566721963e-06,0.006162917568071302,1.7857143566721963e-06,0.0051185739840152724,1.7857143566721963e-06,0.0030115213048642064,0.0046075891802914715,0.0,1.7857143566721963e-06
2011-05-27,0.0036969821216474266,0.0028905352325147068,1.7857143566721963e-06,0.005075237799768262,1.7857143566721963e-06,0.006893448745227532,1.7857143566721963e-06,0.0029952649020624222,0.003834688312218004,0.0,1.7857143566721963e-06
2011-05-31,0.007061640979844328,0.007026487808605094,1.3888888948020482e-06,0.016193534484066907,1.3888888948020482e-06,0.00807878709821186,1.3888888948020482e-06,0.009849801913282608,0.010411393901833543,0.0,1.3888888948020482e-06
2011-06-01,-0.01199217972046138,-0.011781428812146652,1.5873015518226319e-06,-0.021761388599915832,1.5873015518226319e-06,-0.017611758109396487,1.5873015518226319e-06,-0.020152371920471063,-0.02246128835620609,0.0,1.5873015518226319e-06
2011-06-02,-0.0002620603214389846,-0.00024169955328202336,1.5873015518226319e-06,0.0021017771562050758,1.5873015518226319e-06,-0.0013871847223311251,1.5873015518226319e-06,-0.0047995513354616715,-0.00106169164589065,0.0,1.5873015518226319e-06
2011-06-03,-0.007074334142854719,-0.006132736849886812,1.3888888948020482e-06,-0.015032121698738576,1.3888888948020482e-06,-0.006582783508089125,1.3888888948020482e-06,-0.006419050002185206,-0.009944470502147862,0.0,1.3888888948020482e-06
2011-06-06,-0.005997935548448017,-0.004979593645499262,1.190476163866974e-06,-0.008163479314757138,1.190476163866974e-06,-0.007938963575050046,1.190476163866974e-06,-0.009546373458332674,-0.0105817178596328,0.0,1.190476163866974e-06
2011-06-07,-0.0001952961972208677,-0.000527153739184456,1.190476163866974e-06,-0.0017887879749036717,1.190476163866974e-06,-0.0003866752737203081,1.190476163866974e-06,0.00024102614051835225,-0.0006192663094077844,0.0,1.190476163866974e-06
2011-06-08,-0.0030575686779877437,-0.0017302297953260876,1.5873015518226319e-06,-0.007169926628404322,1.5873015518226319e-06,0.0013060688092734946,1.5873015518226319e-06,0.0017987998209169631,-0.0041873908628276,0.0,1.5873015518226319e-06
2011-06-09,0.003680155722011776,0.0016342014561784644,1.3888888948020482e-06,0.001805485437515797,1.3888888948020482e-06,-0.0010111912575195463,1.3888888948020482e-06,0.007617185584161579,0.007631184508273048,0.0,1.3888888948020482e-06
2011-06-10,-0.009129625137482293,-0.006163313664557121,1.5873015518226319e-06,-0.0153179863947972,1.5873015518226319e-06,0.0007033181777391282,1.5873015518226319e-06,-0.013965521482575016,-0.013910380230207076,0.0,1.5873015518226319e-06
2011-06-13,-0.0006678392478445584,-0.0008399494429197425,1.3888888948020482e-06,0.0,1.3888888948020482e-06,-0.005685046489862233,1.3888888948020482e-06,-0.00046418452742211236,0.0007836612588132397,0.0,1.3888888948020482e-06
2011-06-14,0.006660586138510803,0.004418517873808198,1.5873015518226319e-06,0.012810676531454401,1.5873015518226319e-06,-0.0056520796662075466,1.5873015518226319e-06,0.011116972965203753,0.012685966951346828,0.0,1.5873015518226319e-06
2011-06-15,-0.010008076795914185,-0.008723403704016886,1.9841270136927804e-06,-0.01897335208932316,1.9841270136927804e-06,-0.007005176237459111,1.9841270136927804e-06,-0.015960341098117614,-0.017785333033798922,0.0,1.9841270136927804e-06
2011-06-16,-0.0008222115822943106,0.001056919806444273,1.7857143566721963e-06,0.0007763188419855922,1.7857143566721963e-06,0.001436698632207079,1.7857143566721963e-06,0.004814263430897581,0.002204381344815154,0.0,1.7857143566721963e-06
2011-06-17,-0.0008389451414980893,0.0004215584085120442,1.3888888948020482e-06,-0.0007177935427035154,1.3888888948020482e-06,0.00035604441510350693,1.3888888948020482e-06,0.0032334732878682437,0.002984018856596826,0.0,1.3888888948020482e-06
2011-06-20,0.0021050891524736545,0.0006644363004875637,9.920635068463902e-07,-0.001538795812057292,9.920635068463902e-07,0.00010028106492580385,9.920635068463902e-07,0.006500642531816536,0.005116085599221831,0.0,9.920635068463902e-07
2011-06-21,0.00302116533405124,0.001293930371395715,5.95238081933487e-07,-0.0013361682944659226,5.95238081933487e-07,-0.0003010062729593699,5.95238081933487e-07,0.006451324872965819,0.013703965950438546,0.0,5.95238081933487e-07
2011-06-22,-0.0020762569692753343,-0.0032209234790773443,7.936507759113159e-07,-0.00924255807043983,7.936507759113159e-07,0.0005784105858177568,7.936507759113159e-07,-0.005453843772990907,-0.006025588113908409,0.0,7.936507759113159e-07
2011-06-23,0.00038267366407903746,0.0011384508277201598,3.9682538795565797e-07,0.009301038347652169,3.9682538795565797e-07,-0.001547919194333243,3.9682538795565797e-07,-0.007390962017604807,-0.0028753819537800096,0.0,3.9682538795565797e-07
2011-06-24,-0.006748781387186609,-0.00680126393860363,1.9841269397782899e-07,-0.017347032576952137,1.9841269397782899e-07,-0.004677699807132951,1.9841269397782899e-07,-0.008919279761655463,-0.011613164416741983,0.0,1.9841269397782899e-07
2011-06-27,0.000549392605522476,-0.001300321680364711,3.9682538795565797e-07,-0.005876074883968683,3.9682538795565797e-07,-0.007071272304727261,3.9682538795565797e-07,0.00560964886773152,0.008910587084164145,0.0,3.9682538795565797e-07
2011-06-28,0.007365118321428543,0.004744291012738789,5.95238081933487e-07,0.012841884150262885,5.95238081933487e-07,-0.004588261742603997,5.95238081933487e-07,0.012428955201098768,0.013052936854362152,0.0,5.95238081933487e-07
2011-06-29,0.0062847757993712864,0.0020120697838559125,9.920635068463902e-07,0.004101706565522223,9.920635068463902e-07,-0.0020683576331776234,9.920635068463902e-07,0.00654247905997718,0.008564352810860765,0.0,9.920635068463902e-07
2011-06-30,0.003599536738925663,0.004886817644383604,7.936507759113159e-07,0.013321772665285891,7.936507759113159e-07,0.0009664139823521255,7.936507759113159e-07,0.006939799030158567,0.009562327215883792,0.0,7.936507759113159e-07
2011-07-01,0.010126017487591482,0.0067672561185976084,5.95238081933487e-07,0.015074690578057437,5.95238081933487e-07,0.00574167720187994,5.95238081933487e-07,0.010289285959122485,0.014776131273498416,0.0,5.95238081933487e-07
2011-07-05,0.0021022914589122425,0.0018756964939276187,3.9682538795565797e-07,0.005007210112266902,3.9682538795565797e-07,0.005039404715539246,3.9682538795565797e-07,-0.0007055416273147874,-0.0008212206265280075,0.0,3.9682538795565797e-07
2011-07-06,0.001253270245861075,0.001245466961166926,3.9682538795565797e-07,0.003264805366768986,3.9682538795565797e-07,0.002142903622199747,3.9682538795565797e-07,0.00018050934457591915,0.0011953356458138664,0.0,3.9682538795565797e-07
2011-07-07,0.006224520858101109,0.0056716840226757855,1.9841269397782899e-07,0.013701054829462933,1.9841269397782899e-07,0.00389793236063348,1.9841269397782899e-07,0.008834958459424003,0.010375601748627838,0.0,1.9841269397782899e-07
2011-07-08,-0.0027335847374546176,-0.002154271604506824,7.936507759113159e-07,-0.0027033362302809616,7.936507759113159e-07,-0.0025960728558211215,7.936507759113159e-07,-0.005573718137020567,-0.007092169884847066,0.0,7.936507759113159e-07
2011-07-11,-0.010628272238699499,-0.007453494869111629,7.936507759113159e-07,-0.018126336788795938,7.936507759113159e-07,0.00021716683613396835,7.936507759113159e-07,-0.015987173380799052,-0.018080350610066742,0.0,7.936507759113159e-07
2011-07-12,-0.0046135028395914565,-0.0018305863596831146,5.95238081933487e-07,-0.007591508900632871,5.95238081933487e-07,0.003542361541045999,5.95238081933487e-07,-0.001403168141919708,-0.00431920005155273,0.0,5.95238081933487e-07
2011-07-13,0.0024151132986417185,0.0023909135305643,1.190476163866974e-06,0.004172773473249292,1.190476163866974e-06,0.006226867071963775,1.190476163866974e-06,0.00162161002269115,0.003348562592467186,0.0,1.190476163866974e-06
2011-07-14,-0.004684498904341882,-0.005357569165704862,1.9841269397782899e-07,-0.011599939868836118,1.9841269397782899e-07,-0.009195614641536398,1.9841269397782899e-07,-0.005606300420145538,-0.006902352591684813,0.0,1.9841269397782899e-07
2011-07-15,0.005699849883961712,0.005023182487913652,1.9841269397782899e-07,0.013312520239606496,1.9841269397782899e-07,0.004207642302644846,1.9841269397782899e-07,0.0062847933546847645,0.005804830173617104,0.0,1.9841269397782899e-07
2011-07-18,-0.003131920187757006,-0.0034706718324806173,1.9841269397782899e-07,-0.005358815698649044,1.9841269397782899e-07,-0.005634740025106111,1.9841269397782899e-07,-0.006707168740616637,-0.008201393521550915,0.0,1.9841269397782899e-07
2011-07-19,0.011427161592700772,0.00893448952453093,1.9841269397782899e-07,0.022766963084303038,1.9841269397782899e-07,0.003460299604467403,1.9841269397782899e-07,0.015062448419762009,0.01623192648911087,0.0,1.9841269397782899e-07
2011-07-20,-0.0025168654434756313,-0.0018215349833451194,9.920635068463902e-07,-0.004248398077160598,9.920635068463902e-07,-0.002644378252812347,9.920635068463902e-07,-0.003178831912756558,-0.000602906073295828,0.0,9.920635068463902e-07
2011-07-21,0.0040111032844702375,0.0030265500423970393,7.936507759113159e-07,0.006655471697161186,7.936507759113159e-07,-0.006955828821255561,7.936507759113159e-07,0.013654227448876788,0.013871676798736354,0.0,7.936507759113159e-07
2011-07-22,0.005285807884315063,0.003085845823543474,1.3888888948020482e-06,0.010340762756832156,1.3888888948020482e-06,0.002103541144703681,1.3888888948020482e-06,0.0013452086170960553,0.0006686894937262267,0.0,1.3888888948020482e-06
2011-07-25,-0.0032387217698956524,-0.002518759637534125,1.190476163866974e-06,-0.0020137915981031096,1.190476163866974e-06,-0.005632016094134772,1.190476163866974e-06,-0.00752930098502555,-0.005572881735184443,0.0,1.190476163866974e-06
2011-07-26,0.0005996180090284229,0.0005160143066272475,1.3888888948020482e-06,0.002522245822183189,1.3888888948020482e-06,0.003933723874947281,1.3888888948020482e-06,-0.004248403180530047,-0.003736224013312639,0.0,1.3888888948020482e-06
2011-07-27,-0.013240122382930746,-0.00951897979859915,2.579364984754532e-06,-0.025826038311914434,2.579364984754532e-06,-0.0017382271165917358,2.579364984754532e-06,-0.012669230456976072,-0.02047535201405626,0.0,2.579364984754532e-06
2011-07-28,0.0012121286003785622,0.0002378054957054971,2.7777777896040964e-06,0.001721607510313472,2.7777777896040964e-06,0.0021811581504516857,2.7777777896040964e-06,-0.0030243032110083556,-0.0029099008149521266,0.0,2.7777777896040964e-06
2011-07-29,-0.0034407407536142377,-9.023430983271549e-05,2.579364984754532e-06,-0.0032649916249407607,2.579364984754532e-06,0.012686264354776414,2.579364984754532e-06,-0.00665198773003553,-0.006834207699073058,0.0,2.579364984754532e-06
2011-08-01,-0.0023101948671610186,-0.0015464952576968822,3.5714287133443927e-06,-0.004655574241089977,3.5714287133443927e-06,0.003376124689157008,3.5714287133443927e-06,-0.005712187680824821,-0.004252831293963921,0.0,3.5714287133443927e-06
2011-08-02,-0.013774231488639347,-0.007109064065807651,2.9761905944536602e-06,-0.025290286720507593,2.9761905944536602e-06,0.02111091582357294,2.9761905944536602e-06,-0.020380299277262204,-0.02554756124578228,0.0,2.9761905944536602e-06
2011-08-03,0.007917090437966807,0.0024573063949323063,1.9841270136927804e-06,0.009596803363046025,1.9841270136927804e-06,0.0008620307847935955,1.9841270136927804e-06,3.1560951723103026e-05,-0.001,0.0,1.9841270136927804e-06
2011-08-04,-0.0250048417855175,-0.013748719917690472,3.9682538795565797e-07,-0.04647056027725516,3.9682538795565797e-07,0.014516196819987726,3.9682538795565797e-07,-0.043086383396259254,-0.0,0.0,3.9682538795565797e-07
2011-08-05,-0.0029385193153965744,-0.0045578288464800535,3.9682538795565797e-07,-0.013574183028509988,3.9682538795565797e-07,-0.011172910889571248,3.9682538795565797e-07,0.0051152457583204525,-0.0,0.0,3.9682538795565797e-07
2011-08-08,-0.010841555087994635,0.002843556637315744,3.9682538795565797e-07,0.015913194803184982,3.9682538795565797e-07,0.026893548676752234,3.9682538795565797e-07,-0.051689033332444206,-0.0,0.0,3.9682538795565797e-07
2011-08-09,0.013945923256296055,0.0058397538546978035,5.95238081933487e-07,0.005812217385363194,5.95238081933487e-07,0.005920028184085065,5.95238081933487e-07,0.03498501828367617,0.0,0.0,5.95238081933487e-07
2011-08-10,-0.007785894467959098,0.0036725674082190157,1.190476163866974e-06,0.013221747607476741,1.190476163866974e-06,0.02612751867506742,1.190476163866974e-06,-0.035523841996635386,-0.0,0.0,1.190476163866974e-06
2011-08-11,0.007259630669957082,-0.003982741356908632,5.95238081933487e-07,-0.014692596106066769,5.95238081933487e-07,-0.02902678637189567,5.95238081933487e-07,0.040442321730157826,0.0,0.0,5.95238081933487e-07
2011-08-12,0.002751825214281833,0.0035583437093694758,3.9682538795565797e-07,0.0069651782765127734,3.9682538795565797e-07,0.007400001669755962,3.9682538795565797e-07,0.007069199215268024,0.0,0.0,3.9682538795565797e-07
2011-08-15,0.0037353594718726067,0.000914263090774457,1.9841269397782899e-07,-0.0037020841025097173,1.9841269397782899e-07,-0.0010237238410482443,1.9841269397782899e-07,0.0199327820843358,0.0,0.0,1.9841269397782899e-07
2011-08-16,-0.00013213749070393175,0.0026917841786255757,1.9841269397782899e-07,0.0045965830303962285,1.9841269397782899e-07,0.01116389593306725,1.9841269397782899e-07,-0.0013201045305911152,-0.0,0.0,1.9841269397782899e-07
2011-08-17,0.00047788097232437073,0.0034605893062330585,7.936507759113159e-07,0.007007911918495591,7.936507759113159e-07,0.009130605006440288,7.936507759113159e-07,0.003387626391409465,0.0,0.0,7.936507759113159e-07
2011-08-18,-0.00910875628995409,0.0007351269128225511,1.9841269397782899e-07,0.0052200758089089305,1.9841269397782899e-07,0.014893003736093702,1.9841269397782899e-07,-0.028039070839442792,-0.0,0.0,1.9841269397782899e-07
2011-08-19,-0.002197454946896827,0.0006510681986248556,3.9682538795565797e-07,0.0010587138863000778,3.9682538795565797e-07,0.007224494955413514,3.9682538795565797e-07,-0.006974134845132762,-0.0,0.0,3.9682538795565797e-07
2011-08-22,0.0005897640539343761,0.0006874460038205949,3.9682538795565797e-07,-0.001825844659756326,3.9682538795565797e-07,0.007147280030462535,3.9682538795565797e-07,0.0007168619593921066,0.0,0.0,3.9682538795565797e-07
2011-08-23,0.00934970066239172,-0.0010328683541838374,1.9841269397782899e-07,-0.0040423791050222535,1.9841269397782899e-07,-0.01844141847697463,1.9841269397782899e-07,0.027438747094923777,0.0,0.0,1.9841269397782899e-07
2011-08-24,0.0005224062612648096,-0.004953384383183237,1.9841269397782899e-07,-0.010726037212878459,1.9841269397782899e-07,-0.024346615407202805,1.9841269397782899e-07,0.01380052746991256,0.0,0.0,1.9841269397782899e-07
2011-08-25,-0.0020481203960037967,0.0008833332978775126,3.9682538795565797e-07,0.006154137582004671,3.9682538795565797e-07,0.0070370847074140794,3.9682538795565797e-07,-0.017108927719868522,-0.0,0.0,3.9682538795565797e-07
2011-08-26,0.004481385125465012,0.0039447621538943696,3.9682538795565797e-07,0.003203161940575683,3.9682538795565797e-07,0.014238657411491142,3.9682538795565797e-07,0.01008044088775692,0.0,0.0,3.9682538795565797e-07
2011-08-29,0.003716961298174511,-0.0013710782969522978,3.9682538795565797e-07,-0.0065792928842896,3.9682538795565797e-07,-0.013525761924825722,3.9682538795565797e-07,0.02302480244592875,0.0,0.0,3.9682538795565797e-07
2011-08-30,0.003475795401046316,0.00465426819689396,1.9841269397782899e-07,0.006915958722954585,1.9841269397782899e-07,0.01765143108887105,1.9841269397782899e-07,0.002774993686991134,0.0,0.0,1.9841269397782899e-07
2011-08-31,0.00014868261832960694,-0.0016599093250724457,5.95238081933487e-07,-0.0035800761017898974,5.95238081933487e-07,-0.008913081543888701,5.95238081933487e-07,0.005718784795817056,0.0,0.0,5.95238081933487e-07
2011-09-01,0.0002976019495965379,0.002771032142548881,5.95238081933487e-07,0.007969345972482778,5.95238081933487e-07,0.010003800276652855,5.95238081933487e-07,-0.007220678444463696,-0.0,0.0,5.95238081933487e-07
2011-09-02,-0.0029392041413053745,0.0039884055345546215,3.9682538795565797e-07,0.009171273905914434,3.9682538795565797e-07,0.023949144825045655,3.9682538795565797e-07,-0.01896913633931921,-0.0,0.0,3.9682538795565797e-07
2011-09-06,0.0015332482512834889,0.00059533715336959,5.95238081933487e-07,0.0013386928352765448,5.95238081933487e-07,0.003294228726472596,5.95238081933487e-07,-0.0023366381679706394,-0.0,0.0,5.95238081933487e-07
2011-09-07,0.004480854765410744,-0.00217809806173841,5.95238081933487e-07,-0.00534963722101911,5.95238081933487e-07,-0.018753214789064554,5.95238081933487e-07,0.019721000094994223,0.0,0.0,5.95238081933487e-07
2011-09-08,-0.00032550565950728426,0.0025645696298138942,5.95238081933487e-07,0.004898318193536699,5.95238081933487e-07,0.013525817641946603,5.95238081933487e-07,-0.006890760172388988,-0.0,0.0,5.95238081933487e-07
2011-09-09,-0.005436332135528117,-0.0007746048446671636,3.9682538795565797e-07,0.004874542910319191,3.9682538795565797e-07,0.0031450081371117893,3.9682538795565797e-07,-0.02465120761064815,-0.0,0.0,3.9682538795565797e-07
2011-09-12,0.001030942529449012,-0.0013620709933595226,1.9841269397782899e-07,-0.0030436032424246973,1.9841269397782899e-07,-0.008096631216794306,1.9841269397782899e-07,0.006132600156402546,0.0,0.0,1.9841269397782899e-07
2011-09-13,0.002241572153971572,-0.00026160253827301643,1.9841269397782899e-07,-0.002957659519250644,1.9841269397782899e-07,-0.0022018489910650874,1.9841269397782899e-07,0.008080252060738646,0.0,0.0,1.9841269397782899e-07
2011-09-14,0.003801636751221248,0.001347149769045756,1.9841269397782899e-07,0.000573615201441724,1.9841269397782899e-07,0.0005303122512213911,1.9841269397782899e-07,0.011241346468765734,0.0,0.0,1.9841269397782899e-07
2011-09-15,0.001682497670224338,-0.0025367050036062618,1.9841269397782899e-07,-0.007458701746075991,1.9841269397782899e-07,-0.012867557985897893,1.9841269397782899e-07,0.012580396466718768,0.0,0.0,1.9841269397782899e-07
2011-09-16,0.004206892204855895,0.0035806435011614445,1.9841269397782899e-07,0.007166466022764164,1.9841269397782899e-07,0.006180529690694048,1.9841269397782899e-07,0.008618830577407532,0.0,0.0,1.9841269397782899e-07
2011-09-19,-0.0001970195155206214,4.6174603899679784e-05,1.9841269397782899e-07,0.0003530853555471225,1.9841269397782899e-07,0.00392963447248984,1.9841269397782899e-07,-0.006316063899861196,-0.0,0.0,1.9841269397782899e-07
2011-09-20,-0.0009615556035890096,0.00039348253125614575,1.9841269397782899e-07,-0.004415918988919354,1.9841269397782899e-07,0.006594317399419181,1.9841269397782899e-07,0.005082501844475645,-0.0,0.0,1.9841269397782899e-07
2011-09-21,-0.008899712273061945,-0.005555600363590789,1.9841269397782899e-07,-0.017388267043308536,1.9841269397782899e-07,0.008303877690533978,1.9841269397782899e-07,-0.02454179740469295,-0.0,0.0,1.9841269397782899e-07
2011-09-22,-0.005847431947922458,0.0006301788071390768,1.9841269397782899e-07,0.007295166153758583,1.9841269397782899e-07,0.006909348740425998,1.9841269397782899e-07,-0.022300795264900114,-0.0,0.0,1.9841269397782899e-07
2011-09-23,0.0006405682895265474,-0.005553916409012762,1.9841269397782899e-07,-0.008269544301172882,1.9841269397782899e-07,-0.027195587746859446,1.9841269397782899e-07,0.005927433441838326,0.0,0.0,1.9841269397782899e-07
2011-09-26,0.0003505191137865029,-0.0013377420388863655,1.9841269397782899e-07,-0.004169902671810499,1.9841269397782899e-07,-0.011372607558133258,1.9841269397782899e-07,0.014105602786607052,0.0,0.0,1.9841269397782899e-07
2011-09-27,-0.0013512660172066457,-0.0008551760708153408,1.9841269397782899e-07,-0.006660252597098126,1.9841269397782899e-07,-0.0008709523728414412,1.9841269397782899e-07,0.009404654502598642,0.0,0.0,1.9841269397782899e-07
2011-09-28,-0.003348107285752698,-0.002841310106276175,3.9682538795565797e-07,0.0001913570953839816,3.9682538795565797e-07,-0.009201671545892168,3.9682538795565797e-07,-0.015090276164894306,-0.0,0.0,3.9682538795565797e-07
2011-09-29,-0.0014541610398985001,0.0015805143865323542,3.9682538795565797e-07,0.0,3.9682538795565797e-07,0.005464949059056663,3.9682538795565797e-07,0.007606430594227692,0.0,0.0,3.9682538795565797e-07
2011-09-30,-0.003437976290976778,0.0017798433852827436,3.9682538795565797e-07,0.006321492709826737,3.9682538795565797e-07,0.01124109403863116,3.9682538795565797e-07,-0.014868228662197003,-0.0,0.0,3.9682538795565797e-07
2011-10-03,-0.0027421807164357726,0.0027568549636357675,3.9682538795565797e-07,0.009259635611633898,3.9682538795565797e-07,0.018375699676842196,3.9682538795565797e-07,-0.023145378590501225,-0.0,0.0,3.9682538795565797e-07
2011-10-04,-0.0002697684033197092,-0.002300402406519883,7.936507759113159e-07,-0.005102597078008642,7.936507759113159e-07,-0.012803295801984211,7.936507759113159e-07,0.008954832967777382,0.0,0.0,7.936507759113159e-07
2011-10-05,0.0022659592620796975,-6.409103397015054e-05,1.9841269397782899e-07,-0.0041788503345199235,1.9841269397782899e-07,5.60117923495973e-05,1.9841269397782899e-07,0.00972155296681848,0.0,0.0,1.9841269397782899e-07
2011-10-06,0.001077655096886543,-0.0012732344804584257,1.9841269397782899e-07,-0.006962775693296952,1.9841269397782899e-07,-0.006320282709982379,1.9841269397782899e-07,0.014154373652376262,0.0,0.0,1.9841269397782899e-07
2011-10-07,-0.0015313419147792663,-0.002201496364783064,1.9841269397782899e-07,-0.005185690124009379,1.9841269397782899e-07,-0.0069120139168208725,1.9841269397782899e-07,0.0013166376961686876,-0.0,0.0,1.9841269397782899e-07
2011-10-10,0.004824024043556882,-0.00035751570640486134,1.9841269397782899e-07,-0.010523565426891257,1.9841269397782899e-07,0.0003489391168065934,1.9841269397782899e-07,0.022209702986714208,0.0,0.0,1.9841269397782899e-07
2011-10-11,0.0028882505753489,0.0008936068479218303,1.9841269397782899e-07,0.003317869616691338,1.9841269397782899e-07,-0.0023978832069506684,1.9841269397782899e-07,-0.002052547693482648,0.0,0.012580244200286361,1.9841269397782899e-07
2011-10-12,0.004807208952534154,0.00394689270493168,1.9841269397782899e-07,0.0029713623053855293,1.9841269397782899e-07,-0.0035982946504220514,1.9841269397782899e-07,0.0026220482004952195,0.0,0.06963054043947081,1.9841269397782899e-07
2011-10-13,0.0038482800855941302,0.0024832583358230264,5.95238081933487e-07,0.009187724152198262,5.95238081933487e-07,0.002692790372980499,5.95238081933487e-07,0.0018077116332713417,-0.0,-0.007971117477547529,5.95238081933487e-07
2011-10-14,0.013760087361576053,0.008444769085962861,5.95238081933487e-07,0.018557054139265894,5.95238081933487e-07,-0.004235963873252757,5.95238081933487e-07,0.01111837814481581,0.0,0.06657737730552182,5.95238081933487e-07
2011-10-17,-0.014420460666288038,-0.009639948020522867,5.95238081933487e-07,-0.015469089198014374,5.95238081933487e-07,0.0063528567496397015,5.95238081933487e-07,-0.012280388803573405,-0.0,-0.1099551761096903,5.95238081933487e-07
2011-10-18,0.008695707525712297,0.005326210121451128,7.936507759113159e-07,0.012395206423116534,7.936507759113159e-07,-0.004024981892307229,7.936507759113159e-07,0.010977244876353154,0.0,0.034663467507611845,7.936507759113159e-07
2011-10-19,-0.016863437745746786,-0.009617293761810912,9.920635068463902e-07,-0.01931391018239592,9.920635068463902e-07,-0.003655304284191807,9.920635068463902e-07,-0.009101048042365473,-0.0,-0.06661476379972675,9.920635068463902e-07
2011-10-20,-0.0009493744884158506,-0.002479589366593987,7.936507759113159e-07,-0.0049232084639533324,7.936507759113159e-07,-0.007430963630143543,7.936507759113159e-07,0.0029339554176102955,0.0,-0.008555923686946465,7.936507759113159e-07
2011-10-21,0.0090855133681889,0.007368816996262922,5.95238081933487e-07,0.012546110462646087,5.95238081933487e-07,-0.00044568466003158625,5.95238081933487e-07,0.018363089353151063,0.0,0.04925279383828807,5.95238081933487e-07
2011-10-24,0.012544614816874739,0.009419935035429605,5.95238081933487e-07,0.020768415624013326,5.95238081933487e-07,0.0035319162250563307,5.95238081933487e-07,0.004781882599148635,0.0,0.06439323966752664,5.95238081933487e-07
2011-10-25,-0.015874486679828718,-0.006706381278453707,1.9841269397782899e-07,-0.019661594298551743,1.9841269397782899e-07,0.020789789771388973,1.9841269397782899e-07,-0.015171276064920636,-0.0,-0.06784776094315192,1.9841269397782899e-07
2011-10-26,-0.00077532793652193,0.0010435817033195597,5.95238081933487e-07,-0.0012209968774965496,5.95238081933487e-07,-0.004627010839870899,5.95238081933487e-07,0.0036456548313608395,0.0,0.03356247226323239,5.95238081933487e-07
2011-10-27,0.02225317703520345,0.014142495491291911,5.95238081933487e-07,0.027588690926046322,5.95238081933487e-07,-0.011039457577118736,5.95238081933487e-07,0.023380559258078193,0.0,0.13125984036327387,5.95238081933487e-07
2011-10-28,0.0007726013754641607,0.0015807690910732296,3.9682538795565797e-07,0.0015292678127951653,3.9682538795565797e-07,0.005645884359334996,3.9682538795565797e-07,-0.0037746199019153825,-0.0012329042575576201,0.01642740650462926,3.9682538795565797e-07
2011-10-31,-0.01516217417281435,-0.010734307459708946,3.9682538795565797e-07,-0.016796775393770336,3.9682538795565797e-07,0.013209116339889599,3.9682538795565797e-07,-0.013156887256265626,-0.024105736665051003,-0.10785982109990999,3.9682538795565797e-07
2011-11-01,-0.02359623763985746,-0.013939254610283234,1.9841269397782899e-07,-0.026056813798130962,1.9841269397782899e-07,0.015235501348897172,1.9841269397782899e-07,-0.021888373354630647,-0.001,-0.14893207023495092,1.9841269397782899e-07
2011-11-02,0.008058425837410184,0.004782025737932986,1.9841269397782899e-07,0.008504412762755376,1.9841269397782899e-07,-0.0016091879486623828,1.9841269397782899e-07,0.012391592816155983,0.0,0.033161539476047164,1.9841269397782899e-07
2011-11-03,0.015109032689452044,0.0090184485351116,1.9841269397782899e-07,0.020730858192704593,1.9841269397782899e-07,-0.0008993686429278709,1.9841269397782899e-07,0.015307570046090235,0.0,0.04879635589280129,1.9841269397782899e-07
2011-11-04,-0.0039634382287557,-0.002823630823111275,1.9841269397782899e-07,-0.005163188996949231,1.9841269397782899e-07,-0.00029238492151154966,1.9841269397782899e-07,-0.005068228353336812,-0.0,-0.019644349688781926,1.9841269397782899e-07
2011-11-07,0.004566082651528271,0.0043439962139974345,1.9841269397782899e-07,0.0070933285919334566,1.9841269397782899e-07,0.010559826814232176,1.9841269397782899e-07,0.006596888646590526,0.0,0.006538733901892968,1.9841269397782899e-07
2011-11-08,0.009854752213667944,0.00493750094971571,1.9841269397782899e-07,0.011509908058217944,1.9841269397782899e-07,-0.008530926484998425,1.9841269397782899e-07,0.009401882789292715,0.0,0.047988202897123466,1.9841269397782899e-07
2011-11-09,-0.03143687651753539,-0.02304944808306809,1.9841269397782899e-07,-0.03515619817386251,1.9841269397782899e-07,0.007064456580104017,1.9841269397782899e-07,-0.02888866217734573,-0.0379090991350286,-0.19176165715763782,1.9841269397782899e-07
2011-11-10,0.002408691601282609,-0.0007923441719141488,1.9841269397782899e-07,-0.0005281881663848909,1.9841269397782899e-07,-0.008392643578017426,1.9841269397782899e-07,0.007235349222591447,-0.001,-0.001,1.9841269397782899e-07
2011-11-11,0.012316330271947461,0.008860791201097881,1.9841269397782899e-07,0.018844896147844903,1.9841269397782899e-07,0.001923178930386479,1.9841269397782899e-07,0.017548505393810587,0.0,0.04212350602144166,1.9841269397782899e-07
2011-11-14,-0.004460993057777589,-0.0035685867079873696,1.9841269397782899e-07,-0.006223110733140524,1.9841269397782899e-07,0.005993937065418878,1.9841269397782899e-07,-0.008861918403763158,-0.010473974434934585,-0.024804482912884063,1.9841269397782899e-07
2011-11-15,0.006898045301933755,0.0037243148878395816,1.9841269397782899e-07,0.011132419537038363,1.9841269397782899e-07,-0.0005928837810000124,1.9841269397782899e-07,0.005894951704344287,-0.001,0.010311658323400419,1.9841269397782899e-07
2011-11-16,-0.012387141122003524,-0.007769728625042823,3.9682538795565797e-07,-0.016514929166270953,3.9682538795565797e-07,0.0006978578611026207,3.9682538795565797e-07,-0.013643133176421157,-0.0,-0.04762981326498894,3.9682538795565797e-07
2011-11-17,-0.014750995577979223,-0.010190599090129053,1.9841269397782899e-07,-0.023438735957998835,1.9841269397782899e-07,-0.005227655387549879,1.9841269397782899e-07,-0.011414962242073418,-0.0,-0.04810670104830128,1.9841269397782899e-07
2011-11-18,-0.0013689090905666457,0.00015510288104667448,1.9841269397782899e-07,-0.005721655239153909,1.9841269397782899e-07,-0.00028712689635423933,1.9841269397782899e-07,0.0002732191641280912,-0.0,0.03202398649499871,1.9841269397782899e-07
2011-11-21,-0.004570574583779754,-0.0021335671940618493,1.9841269397782899e-07,0.002777758681557385,1.9841269397782899e-07,-0.0052840032545451434,1.9841269397782899e-07,-0.01538501348380289,-0.0,-0.009939390240293555,1.9841269397782899e-07
2011-11-22,0.002513990369104043,0.00270855277529058,1.9841269397782899e-07,0.003056083615689875,1.9841269397782899e-07,0.008429644690910823,1.9841269397782899e-07,-0.0033613751088028276,-0.0,0.02032316388972455,1.9841269397782899e-07
2011-11-23,-0.006864416022876678,-0.0026483790067677406,5.95238081933487e-07,0.0034299181533581358,5.95238081933487e-07,0.0034429632980944955,5.95238081933487e-07,-0.017546785503953305,-0.0,-0.04535635883605493,5.95238081933487e-07
2011-11-25,-0.0032426576550782646,-0.0037864992929162156,5.95238081933487e-07,-0.006359593811370967,5.95238081933487e-07,-0.0098521702574067,5.95238081933487e-07,-0.0005280636625663859,-0.0,-0.01332324775164917,5.95238081933487e-07
2011-11-28,0.010252473574159328,0.0055296872275973335,1.9841269397782899e-07,9.475947826631526e-05,1.9841269397782899e-07,0.00645528438988004,1.9841269397782899e-07,0.022956041370369606,0.0,0.044840721567724895,1.9841269397782899e-07
2011-11-29,0.0017154615441325105,0.0005196472419187902,3.9682538795565797e-07,-0.0019088193765175454,3.9682538795565797e-07,-0.0028692752764910567,3.9682538795565797e-07,0.004883183969829813,0.0,0.018775920245755362,3.9682538795565797e-07
2011-11-30,0.010686521711726234,0.0060875604002613385,5.95238081933487e-07,-0.005837088101168897,5.95238081933487e-07,-0.000659394553228128,5.95238081933487e-07,0.03050047599934813,0.0,0.09191001112452679,5.95238081933487e-07
2011-12-01,0.0046482123131842785,0.0018819815723616238,5.95238081933487e-07,0.004915971876797267,5.95238081933487e-07,-0.0027484963533297804,5.95238081933487e-07,0.00045779460262379557,-0.0,0.020385802870455327,5.95238081933487e-07
2011-12-02,0.004316633578727029,0.0003313717014143811,5.95238081933487e-07,-0.00281790625139966,5.95238081933487e-07,0.006524816526649083,5.95238081933487e-07,-0.0016863059720043372,-0.0,0.004511258601814783,5.95238081933487e-07
2011-12-05,0.006146056089220662,0.002791729749052573,5.95238081933487e-07,0.010950195577258182,5.95238081933487e-07,-0.005773913822971211,5.95238081933487e-07,0.008559156055709949,0.0,0.0012831774047217248,5.95238081933487e-07
2011-12-06,-0.0006608056732530234,-0.0008861766872512702,5.95238081933487e-07,-0.0027953364556061455,5.95238081933487e-07,-0.002332474412439482,5.95238081933487e-07,0.00010649644629567856,-0.0006829037974861443,0.004058065526429067,5.95238081933487e-07
2011-12-07,3.589201312462838e-05,-0.000280002506402393,1.9841269397782899e-07,0.0,1.9841269397782899e-07,0.005120918805228358,1.9841269397782899e-07,0.0021484115415079386,0.003722345363188717,-0.030844437354042742,1.9841269397782899e-07
2011-12-08,-0.012995344601131782,-0.009839856756421489,1.9841269397782899e-07,-0.016818349297405,1.9841269397782899e-07,-0.0008717147967773151,1.9841269397782899e-07,-0.0157663751563642,-0.021936441518991434,-0.045654121342368126,1.9841269397782899e-07
2011-12-09,0.00819711139619507,0.0012713707387819809,1.9841269397782899e-07,-0.00887039973463266,1.9841269397782899e-07,-0.008300148454748912,1.9841269397782899e-07,0.013820660213726299,-0.001,0.0685372487030862,1.9841269397782899e-07
2011-12-12,-0.0066080476004009465,-0.006270855427665635,1.9841269397782899e-07,-0.013224481718659751,1.9841269397782899e-07,-0.003968326019054724,1.9841269397782899e-07,-0.008338472805902442,-0.015597292952268083,-0.007318126545153625,1.9841269397782899e-07
2011-12-13,-0.004861301256746299,-0.003798049673884101,1.9841269397782899e-07,-0.010996730647607644,1.9841269397782899e-07,-0.0026451749211219657,1.9841269397782899e-07,-0.006855705779029664,-0.001,0.00216830639927057,1.9841269397782899e-07
2011-12-14,-0.004762459846266409,-0.0009571838790158064,1.9841269397782899e-07,0.0021940314871642403,1.9841269397782899e-07,-0.004001966701337197,1.9841269397782899e-07,-0.009270973799216264,-0.0,0.00043272300379593176,1.9841269397782899e-07
2011-12-15,0.0016131687734286327,0.0017721249498834227,1.9841269397782899e-07,-0.0008543598849788392,1.9841269397782899e-07,-0.0027415861229405456,1.9841269397782899e-07,0.005370296361836835,0.0,0.03719717438519976,1.9841269397782899e-07
2011-12-16,0.005409870547295816,0.0033628630034478447,1.9841269397782899e-07,0.004844645227529698,1.9841269397782899e-07,0.011847897495674903,1.9841269397782899e-07,-0.00032135607379762954,0.0,0.008131763909368095,1.9841269397782899e-07
2011-12-19,-0.001361022950579151,0.0010919738784493185,1.9841269397782899e-07,0.0034031741049251885,1.9841269397782899e-07,0.004585252338684601,1.9841269397782899e-07,-0.008086185182470174,-0.0,0.007238930710736113,1.9841269397782899e-07
2011-12-20,0.008834901539912135,0.002053019391986997,1.9841269397782899e-07,-0.009044252194963298,1.9841269397782899e-07,-0.00678870957562161,1.9841269397782899e-07,0.02231707955109774,0.0,0.06201232875671492,1.9841269397782899e-07
2011-12-21,3.344085985800167e-05,-0.0010872277239944157,1.9841269397782899e-07,-0.01630344255598326,1.9841269397782899e-07,-0.005331663741400705,1.9841269397782899e-07,0.003853787280835491,0.0,0.06805878528004827,1.9841269397782899e-07
2011-12-22,-0.0010019342052682576,-1.7273062936672335e-05,1.9841269397782899e-07,-0.0007593791369309138,1.9841269397782899e-07,-0.0005624827704770277,1.9841269397782899e-07,0.004922182917086765,0.0,-0.00470677277933218,1.9841269397782899e-07
2011-12-23,0.0018737968145120852,-0.001521634132293142,1.9841269397782899e-07,-0.00409709470163544,1.9841269397782899e-07,-0.004496030543937509,1.9841269397782899e-07,0.007454599923240768,0.007941042744964766,-0.023281171152312652,1.9841269397782899e-07
2011-12-27,0.0031502343168201413,0.0009624122725501935,1.9841269397782899e-07,0.0017304185050239802,1.9841269397782899e-07,-0.0012133386640178856,1.9841269397782899e-07,0.0034516643457563334,0.0007908907826095213,0.0061452143699998185,1.9841269397782899e-07
2011-12-28,-0.009549277690435894,-0.006762071918825151,1.9841269397782899e-07,-0.011557633342317297,1.9841269397782899e-07,-7.9095507470206e-05,1.9841269397782899e-07,-0.007389125534828372,-0.013123361622782825,-0.0427539813211858,1.9841269397782899e-07
2011-12-29,0.004817241855167919,0.0024694539940481692,1.9841269397782899e-07,-0.0007632321054458196,1.9841269397782899e-07,-0.0005028497920128345,1.9841269397782899e-07,0.006941511113798204,0.010333888476085074,0.02532864515999611,1.9841269397782899e-07
2011-12-30,-0.0030450418426868726,-0.0023001652819251194,1.9841269397782899e-07,-0.004857890100145477,1.9841269397782899e-07,0.0027055762602955875,1.9841269397782899e-07,-0.00415753464953228,-0.004915910677936508,-0.0141429382852033,1.9841269397782899e-07
2012-01-03,0.004022424679448587,0.00021316580963967732,1.9841269397782899e-07,-0.008346590074904457,1.9841269397782899e-07,-0.010678595323845352,1.9841269397782899e-07,0.0021015466698461327,0.015936111846940326,0.049923501746238275,1.9841269397782899e-07
2012-01-04,0.00037796519587558167,0.00075432048420226,1.9841269397782899e-07,0.0022177062513368834,1.9841269397782899e-07,-0.0039893558700658804,1.9841269397782899e-07,-0.0024854577572484826,0.0015686290254897095,0.01858262833130997,1.9841269397782899e-07
2012-01-05,0.003948554110169009,0.003881794948630439,3.9682538795565797e-07,0.008225504359943958,3.9682538795565797e-07,0.001746486921482937,3.9682538795565797e-07,0.0018316270197938633,0.002662477461604418,0.023609366811424115,3.9682538795565797e-07
2012-01-06,-0.00031736706720404434,0.0016494321909660344,3.9682538795565797e-07,0.003471551498870573,3.9682538795565797e-07,0.002712638012318691,3.9682538795565797e-07,-0.0024470622202505676,-0.0025771376772315557,0.0162502238793385,3.9682538795565797e-07
2012-01-09,-0.0033321935710268744,-0.00021601845919368753,5.95238081933487e-07,-0.0032864111341910363,5.95238081933487e-07,-0.0022880676337673203,5.95238081933487e-07,0.0007877202103983849,0.002427623211725516,0.013755145102465782,5.95238081933487e-07
2012-01-10,0.004697614133454027,0.004231299315013896,1.9841269397782899e-07,0.007289224422829754,1.9841269397782899e-07,0.002662576289449215,1.9841269397782899e-07,0.0039249511002308335,0.008670540678042293,0.019335132417745537,1.9841269397782899e-07
2012-01-11,-0.0018505015105710603,0.0007615587845561972,3.9682538795565797e-07,0.002067170874306523,3.9682538795565797e-07,0.00844260236612156,3.9682538795565797e-07,-0.002137950439309671,0.0005416627468224355,-0.01697165838540937,3.9682538795565797e-07
2012-01-12,0.002699517709430445,0.002018277090906614,5.95238081933487e-07,0.003954616503147879,5.95238081933487e-07,0.00031354171609554454,5.95238081933487e-07,0.001084293787073115,0.0023999317897278605,0.013879479847835663,5.95238081933487e-07
2012-01-13,-0.001904694290129614,-0.002365267069145369,7.936507759113159e-07,-0.003596513973707749,7.936507759113159e-07,0.0024758664280312885,7.936507759113159e-07,-0.0018095724053157902,-0.005173834452500192,-0.025375633039124046,7.936507759113159e-07
2012-01-17,0.006519559015221648,0.003951892323845995,7.936507759113159e-07,0.009109753619025884,7.936507759113159e-07,0.00445493198612068,7.936507759113159e-07,0.0029521188206406423,0.0038810916171889698,0.008393248626320293,7.936507759113159e-07
2012-01-18,0.00997098849982741,0.006113038346881153,7.936507759113159e-07,0.013285889601273082,7.936507759113159e-07,-0.002790589491268313,7.936507759113159e-07,0.0058865493704021166,0.011055422564890005,0.035841696086879926,7.936507759113159e-07
2012-01-19,0.002403385354558027,0.0026020201477649353,9.920635068463902e-07,0.006219543994583798,9.920635068463902e-07,-0.005169195583934509,9.920635068463902e-07,0.0005711613521261205,0.005276958450793234,0.027386060940946644,9.920635068463902e-07
2012-01-20,-0.004007225291991236,-0.0011095009804394811,1.5873015518226319e-06,-0.0015037275759874902,1.5873015518226319e-06,-0.005421103480958625,1.5873015518226319e-06,-0.0015045440649819604,0.003727132922600518,-0.001,1.5873015518226319e-06
2012-01-23,-0.0002696222644500948,-0.0005800648238850289,1.5873015518226319e-06,0.0003346167058222438,1.5873015518226319e-06,-0.0027314768933625797,1.5873015518226319e-06,-0.0006125923575674708,-0.0025767213811173084,0.0,1.5873015518226319e-06
2012-01-24,-0.0012978805032106938,-0.0007947877489635566,1.3888888948020482e-06,-0.001839776262149928,1.3888888948020482e-06,0.00037289387936911833,1.3888888948020482e-06,-0.0030576606929324235,-0.001139507799053474,0.0,1.3888888948020482e-06
2012-01-25,0.0059223660714500925,0.005473985570731523,1.3888888948020482e-06,0.012566832290685337,1.3888888948020482e-06,0.005509778560954285,1.3888888948020482e-06,0.008777802637685794,0.008367720816768731,0.0,1.3888888948020482e-06
2012-01-26,-0.001439483961478888,-0.001186031097763495,1.3888888948020482e-06,-0.003475031314774113,1.3888888948020482e-06,0.0015506915444732923,1.3888888948020482e-06,-0.0016558778412891213,-0.005129874740038121,0.0,1.3888888948020482e-06
2012-01-27,-0.00014519990307046936,0.0006672980473176098,1.7857143566721963e-06,0.0029895491776208427,1.7857143566721963e-06,0.0018925153040483624,1.7857143566721963e-06,-0.0033041262756590972,-0.0004551236305981865,0.0,1.7857143566721963e-06
2012-01-30,-0.0004807428501080107,-0.0002620921594401316,1.9841270136927804e-06,0.0008278875118044038,1.9841270136927804e-06,0.0009405725401116322,1.9841270136927804e-06,-0.0035476356746962368,-0.0034137492295707172,0.0,1.9841270136927804e-06
2012-01-31,0.0010205112557191238,0.00013482365623141652,1.7857143566721963e-06,0.0013228376956961885,1.7857143566721963e-06,-0.0006897560150153446,1.7857143566721963e-06,-0.0006446860621178436,-0.0003804548852595069,0.0,1.7857143566721963e-06
2012-02-01,0.006189170376389482,0.00433714551729125,2.182539670713364e-06,0.00809531962259502,2.182539670713364e-06,0.005384924899289397,2.182539670713364e-06,0.00848057594442514,0.008757466092181199,0.0,2.182539670713364e-06
2012-02-02,0.0024171224033157908,0.0012686913660793703,2.182539670713364e-06,0.0031136685272912246,2.182539670713364e-06,0.002799163327754947,2.182539670713364e-06,-0.0004922233708472001,0.0015855032904674715,0.0,2.182539670713364e-06
2012-02-03,0.007683280368230136,0.006493680341920666,2.9761905944536602e-06,0.013723346577346085,2.9761905944536602e-06,0.0040125323591864905,2.9761905944536602e-06,0.014086322098370518,0.014018191625678966,0.0,2.9761905944536602e-06
2012-02-06,-0.0005710987870664781,-0.0008605593650022178,2.7777777896040964e-06,-0.0008057336687908867,2.7777777896040964e-06,-0.002243247417402523,2.7777777896040964e-06,-0.0027335525301190873,-0.0006691514661844034,0.0,2.7777777896040964e-06
2012-02-07,0.002084476407943528,0.0002642161038707045,2.579364984754532e-06,0.0020967084090712795,2.579364984754532e-06,-0.004303348068959007,2.579364984754532e-06,0.0019502576341519089,0.0025290287321533267,0.0,2.579364984754532e-06
2012-02-08,0.004158632547406266,0.002377610569279144,3.1746031036452638e-06,0.005311106164296975,3.1746031036452638e-06,0.002819198148788098,3.1746031036452638e-06,0.004033484603537252,0.002967654660323671,0.0,3.1746031036452638e-06
2012-02-09,0.004717226996818867,0.0023202092475048375,2.9761905944536602e-06,0.007204904282664293,2.9761905944536602e-06,0.0011704224032875743,2.9761905944536602e-06,0.0024814951324268197,0.0012573738821299862,0.0,2.9761905944536602e-06
2012-02-10,-0.003957994102319442,-0.004493121560902985,3.3730159084948284e-06,-0.006994269968347289,3.3730159084948284e-06,-0.009365087113114123,3.3730159084948284e-06,-0.007868251061368348,-0.007387495011766276,0.0,3.3730159084948284e-06
2012-02-13,0.009045505327729127,0.009452497317090053,3.1746031036452638e-06,0.009284476458342628,3.1746031036452638e-06,0.009882161797003297,3.1746031036452638e-06,0.008888251147001536,0.007442476268071818,0.08402022704279355,3.1746031036452638e-06
2012-02-14,0.0016081142004382065,2.0941632027905836e-05,3.7698412225359962e-06,0.002537879624236572,3.7698412225359962e-06,-0.0010707293725708,3.7698412225359962e-06,-0.0030995945065930286,-0.001255794878448513,-0.001,3.7698412225359962e-06
2012-02-15,-0.00501924973325098,-0.003811539283729679,4.365079341426728e-06,-0.0069610740302363805,4.365079341426728e-06,-0.006639665344888171,4.365079341426728e-06,-0.0072722798903525065,-0.004660155149174283,0.0,4.365079341426728e-06
2012-02-16,0.009975190933627996,0.009308260448206982,4.166666536577164e-06,0.01370090967692561,4.166666536577164e-06,0.014533514345958915,4.166666536577164e-06,0.010990936177667554,0.011073413988300418,0.03544104087136135,4.166666536577164e-06
2012-02-17,-0.00017643321654739466,-0.00020270110325843046,3.7698412225359962e-06,-0.0031433814911272506,3.7698412225359962e-06,-0.00020640925974694613,3.7698412225359962e-06,0.004644716667724702,0.0026454505775417303,-0.001,3.7698412225359962e-06
2012-02-21,0.0029655019498183335,0.0006574134956180013,2.9761905944536602e-06,0.0028379845940316173,2.9761905944536602e-06,-0.0011617382500192692,2.9761905944536602e-06,0.0008818303039420938,0.0004403705636744082,0.0,2.9761905944536602e-06
2012-02-22,-0.001226807364133521,-0.002664725700721863,2.7777777896040964e-06,-0.004559040584888319,2.7777777896040964e-06,-0.005229335404720037,2.7777777896040964e-06,-0.004996467460188725,-0.0032242836740603575,0.0,2.7777777896040964e-06
2012-02-23,0.004485256240700624,0.0038124418230447276,3.1746031036452638e-06,0.006633193332708398,3.1746031036452638e-06,0.008666239833589273,3.1746031036452638e-06,0.0052236071181883115,0.004410867426689613,0.0,3.1746031036452638e-06
2012-02-24,0.004625397872332227,0.0012418628783609912,3.3730159084948284e-06,0.0034511209224477035,3.3730159084948284e-06,0.0012380595096889897,3.3730159084948284e-06,0.00027615262957828013,0.002195496375568373,0.0,3.3730159084948284e-06
2012-02-27,0.0027273631671776376,0.0009453161559406051,3.5714287133443927e-06,0.0014072676903127412,3.5714287133443927e-06,0.0004644379238324021,3.5714287133443927e-06,0.003966765302726161,0.0016799506691080879,0.0,3.5714287133443927e-06
2012-02-28,0.0035597601951591496,0.0036321823448732223,3.968254027385561e-06,0.010147937172011456,3.968254027385561e-06,0.003465752663718291,3.968254027385561e-06,0.0035534958703059005,0.0029159451029749928,0.0,3.968254027385561e-06
2012-02-29,-0.004537520017081176,-0.003040219633911338,3.7698412225359962e-06,-0.004481835505791731,3.7698412225359962e-06,-0.0077855403249463455,3.7698412225359962e-06,-0.004587494428812233,-0.0039254061898340575,0.0,3.7698412225359962e-06
2012-03-01,0.003851936678931938,0.003996610748006052,2.9761905944536602e-06,0.007917839726572673,2.9761905944536602e-06,0.006093854268423459,2.9761905944536602e-06,0.007134746153907856,0.005181743983538434,0.0,2.9761905944536602e-06
2012-03-02,-0.0018760798479004422,-0.0016425451450382193,2.7777777896040964e-06,-0.000769913990864235,2.7777777896040964e-06,-0.006264800258832211,2.7777777896040964e-06,-0.002825440739557178,-0.003049404164309766,0.0,2.7777777896040964e-06
2012-03-05,-0.003287491433754292,-0.004065284531484256,2.380952327733948e-06,-0.010328568909310776,2.380952327733948e-06,-0.004428253307602029,2.380952327733948e-06,-0.005137995931042166,-0.004078380325580722,0.0,2.380952327733948e-06
2012-03-06,-0.00838509474480654,-0.007571157532023316,2.380952327733948e-06,-0.009812903231020131,2.380952327733948e-06,-0.014784692776250902,2.380952327733948e-06,-0.01804103210635985,-0.01462531208934903,0.0,2.380952327733948e-06
2012-03-07,0.008639365308070803,0.00706816880910789,2.7777777896040964e-06,0.007708257615491876,2.7777777896040964e-06,0.008027455708667844,2.7777777896040964e-06,0.010380964262038772,0.006975945823071594,0.047495818164377535,2.7777777896040964e-06
2012-03-08,0.006620566530922055,0.006176136648068209,2.9761905944536602e-06,0.010770833496433596,2.9761905944536602e-06,0.011226253329442788,2.9761905944536602e-06,0.011023580119860488,0.009948866674855283,-0.001,2.9761905944536602e-06
2012-03-09,0.0024484445178996122,0.0029244702578418665,2.9761905944536602e-06,0.004170159883616131,2.9761905944536602e-06,0.007192103423873774,2.9761905944536602e-06,0.005120665028756577,0.003867746780505499,0.0,2.9761905944536602e-06
2012-03-12,0.000619778710258582,-5.728240158140364e-05,3.1746031036452638e-06,0.00046153030843143483,3.1746031036452638e-06,-0.000475417428080586,3.1746031036452638e-06,-0.0010784769236720781,7.284775841798208e-05,0.0,3.1746031036452638e-06
2012-03-13,0.01337303637918181,0.01119259656726766,2.9761905944536602e-06,0.01860097407689998,2.9761905944536602e-06,0.018839527640710063,2.9761905944536602e-06,0.02363538654583347,0.018025573138794826,0.0,2.9761905944536602e-06
2012-03-14,0.00036051471543813797,0.000530584577496094,3.1746031036452638e-06,0.003470788783779266,3.1746031036452638e-06,-0.0019288756218686458,3.1746031036452638e-06,0.0003149396088081291,-0.0010707597607723107,0.0,3.1746031036452638e-06
2012-03-15,0.0030188404469289817,0.0028876641286058,3.1746031036452638e-06,0.002857838792168943,3.1746031036452638e-06,0.005674216291416215,3.1746031036452638e-06,0.008868311504841075,0.005789454538111194,0.0,3.1746031036452638e-06
2012-03-16,-0.0006342990502453664,-0.00018631125281888726,2.9761905944536602e-06,-0.0007062154676877874,2.9761905944536602e-06,-0.0008632868656195014,2.9761905944536602e-06,0.00014912495678098825,0.0013847451509958475,0.0,2.9761905944536602e-06
2012-03-19,0.00609166126788301,0.002861255093087201,3.1746031036452638e-06,0.00706565327657116,3.1746031036452638e-06,0.002832478069729564,3.1746031036452638e-06,0.003749349343834752,0.003920045107904224,0.0,3.1746031036452638e-06
2012-03-20,-0.0014211669002014997,-0.0009374486013150987,2.9761905944536602e-06,0.0017912436392875097,2.9761905944536602e-06,-0.004026796457594924,2.9761905944536602e-06,-0.005639018670830331,-0.002910739164772025,0.0,2.9761905944536602e-06
2012-03-21,-0.00017872756498925612,-0.00031901947751169905,3.7698412225359962e-06,0.0001492070609412366,3.7698412225359962e-06,-0.0005764570109505484,3.7698412225359962e-06,-0.0014825368122455547,-0.0016376561103625953,0.0,3.7698412225359962e-06
2012-03-22,-0.0029072473617711976,-0.002739180755563561,3.3730159084948284e-06,-0.002085886461877906,3.3730159084948284e-06,-0.006312294179436202,3.3730159084948284e-06,-0.007316653735305129,-0.007203944930912032,0.0,3.3730159084948284e-06
2012-03-23,0.0015080808179640838,0.0009918594844756119,2.7777777896040964e-06,-0.0005970844032223699,2.7777777896040964e-06,0.004139707817380082,2.7777777896040964e-06,0.002768003522011453,0.003232950435885673,0.0,2.7777777896040964e-06
2012-03-26,0.010165258200773426,0.009570689507628058,2.7777777896040964e-06,0.017478473485696977,2.7777777896040964e-06,0.017438883558882047,2.7777777896040964e-06,0.015316997758856643,0.014035147316056262,0.0,2.7777777896040964e-06
2012-03-27,-0.0006522480084832561,-0.0006576929096669357,2.7777777896040964e-06,0.0014679453707600043,2.7777777896040964e-06,-0.002876603365009796,2.7777777896040964e-06,-0.0036104694245762126,-0.0031072611057262334,0.0,2.7777777896040964e-06
2012-03-28,-0.0028237709746554932,-0.0025805842718947,3.1746031036452638e-06,-0.003958497126468563,3.1746031036452638e-06,-0.004921181147387599,3.1746031036452638e-06,-0.004819201672314921,-0.004958591959288161,0.0,3.1746031036452638e-06
2012-03-29,-0.0023868897197953346,-0.0017982863410083475,2.9761905944536602e-06,-0.003826781319757333,2.9761905944536602e-06,-0.00280503037312337,2.9761905944536602e-06,-0.002936887258366022,-0.0017081998827613853,0.0,2.9761905944536602e-06
2012-03-30,-5.4439040975757386e-05,7.328095422656615e-05,2.182539670713364e-06,-0.001920677143597671,2.182539670713364e-06,-0.0003451354520015437,2.182539670713364e-06,0.0029432522542341966,0.004135813428130852,0.0,2.182539670713364e-06
2012-04-02,0.005968006638718456,0.005321774156973111,2.579364984754532e-06,0.01036227517936772,2.579364984754532e-06,0.009998186404415188,2.579364984754532e-06,0.006820161677168701,0.007314972535093167,0.0,2.579364984754532e-06
2012-04-03,0.0007576196805611684,-0.0013189111269421342,2.380952327733948e-06,-0.00029254433128012014,2.380952327733948e-06,-0.0036872840427967972,2.380952327733948e-06,-0.003867444307571688,-0.004089490886025726,0.0,2.380952327733948e-06
2012-04-04,-0.007349515151485686,-0.007229218738827602,2.9761905944536602e-06,-0.01363069747517165,2.9761905944536602e-06,-0.013171202847080435,2.9761905944536602e-06,-0.011035317915564946,-0.009910658844791032,0.0,2.9761905944536602e-06
2012-04-05,0.0044761167684655235,0.0016572802600463806,2.7777777896040964e-06,0.0062409882765104285,2.7777777896040964e-06,0.0004490260707189495,2.7777777896040964e-06,0.0006629956089281575,-0.0005003074448467482,0.0,2.7777777896040964e-06
2012-04-09,-0.005590318969997116,-0.005677260337067226,2.7777777896040964e-06,-0.007531389979909764,2.7777777896040964e-06,-0.011729431716823464,2.7777777896040964e-06,-0.011935732282505801,-0.011231035121297417,0.0,2.7777777896040964e-06
2012-04-10,-0.012255357718370738,-0.010104860830391877,2.9761905944536602e-06,-0.016068940020597222,2.9761905944536602e-06,-0.018802553433964826,2.9761905944536602e-06,-0.02009327320826662,-0.016785103350191788,0.0,2.9761905944536602e-06
2012-04-11,0.005336741983556073,0.005539308057542413,3.3730159084948284e-06,0.004838725572962943,3.3730159084948284e-06,0.009033218240217003,3.3730159084948284e-06,0.011700988226342024,0.008094217417742078,0.02392765138268016,3.3730159084948284e-06
2012-04-12,0.010747504799394065,0.011361513763235541,3.3730159084948284e-06,0.011437300259854233,3.3730159084948284e-06,0.012950092857603178,3.3730159084948284e-06,0.011749841027596464,0.013066131232232436,0.08807269188568334,3.3730159084948284e-06
2012-04-13,-0.007244372684426037,-0.008153463709571413,3.3730159084948284e-06,-0.015175992800938176,3.3730159084948284e-06,-0.013405423457514238,3.3730159084948284e-06,-0.014080892413243867,-0.011888786394074757,-0.001,3.3730159084948284e-06
2012-04-16,-0.0055100342127402755,-0.0034542045053719264,3.1746031036452638e-06,-0.011179985951740856,3.1746031036452638e-06,-0.003400439797830038,3.1746031036452638e-06,-0.0010096075920473235,-0.0006561737942154533,0.0,3.1746031036452638e-06
2012-04-17,0.011101491581922777,0.010220919185520967,2.9761905944536602e-06,0.02032054987205112,2.9761905944536602e-06,0.016522074724128588,2.9761905944536602e-06,0.015506105828880512,0.014811902187435333,0.0,2.9761905944536602e-06
2012-04-18,-0.0024037904125892634,-0.001977000047160617,2.9761905944536602e-06,-0.002545306316711904,2.9761905944536602e-06,-0.0044905132782893835,2.9761905944536602e-06,-0.004146219154225028,-0.003379224303465711,0.0,2.9761905944536602e-06
2012-04-19,-0.0058779184811164,-0.005336454450504302,2.579364984754532e-06,-0.011259624575075011,2.579364984754532e-06,-0.007805370043558375,2.579364984754532e-06,-0.008699999229057842,-0.006421082278880719,0.0,2.579364984754532e-06
2012-04-20,-0.0018754643560578588,-0.00029463155026489,2.579364984754532e-06,-0.002733162031761882,2.579364984754532e-06,0.0015684659188101395,2.579364984754532e-06,0.0002729538319562741,0.0016700719071784942,0.0,2.579364984754532e-06
2012-04-23,-0.005930877765365171,-0.004673476120934614,2.579364984754532e-06,-0.009134851795720267,2.579364984754532e-06,-0.004094244113927484,2.579364984754532e-06,-0.011458019792237734,-0.008408838257489282,0.0,2.579364984754532e-06
2012-04-24,-0.0016025960885892197,-0.0015306981926465715,2.7777777896040964e-06,-0.005378374673451369,2.7777777896040964e-06,-0.0028719969304083675,2.7777777896040964e-06,-0.0004133763021914594,0.003801731569534006,0.0,2.7777777896040964e-06
2012-04-25,0.01509727811632754,0.011915139522244319,3.1746031036452638e-06,0.02657161041204703,3.1746031036452638e-06,0.017940603827806045,3.1746031036452638e-06,0.015532313650101048,0.013691776453904847,0.0,3.1746031036452638e-06
2012-04-26,0.004360790975765901,0.0038374498484854917,3.3730159084948284e-06,0.005869014436987063,3.3730159084948284e-06,0.007573757018221864,3.3730159084948284e-06,0.0071037676106993075,0.006968795936870054,0.0,3.3730159084948284e-06
2012-04-27,0.0018722355801533083,0.002723297818282116,3.3730159084948284e-06,0.0059850965046523985,3.3730159084948284e-06,0.005151862376000366,3.3730159084948284e-06,0.0033009426395972374,0.001640717887853027,0.0,3.3730159084948284e-06
2012-04-30,-0.004513072971899071,-0.003630615079053354,3.3730159084948284e-06,-0.007138654137139988,3.3730159084948284e-06,-0.0072962149814068305,3.3730159084948284e-06,-0.004748233988187522,-0.003703895052117878,0.0,3.3730159084948284e-06
2012-05-01,0.0028582480887976826,0.0019228623621162498,3.5714287133443927e-06,0.0016474251563283193,3.5714287133443927e-06,0.0029499100576271253,3.5714287133443927e-06,0.006008322697213242,0.006220354404492534,0.0,3.5714287133443927e-06
2012-05-02,0.0012962135801065828,0.0005291487297077373,3.3730159084948284e-06,0.002841042580074893,3.3730159084948284e-06,0.0008513114345319133,3.3730159084948284e-06,-0.0008607507680540305,-0.0029843971180750772,0.0,3.3730159084948284e-06
2012-05-03,-0.007764460225149591,-0.005538480348457161,3.1746031036452638e-06,-0.010587314775250434,3.1746031036452638e-06,-0.010758926341351078,3.1746031036452638e-06,-0.007069261118459624,-0.00762557783472817,0.0,3.1746031036452638e-06
2012-05-04,-0.011408171364371283,-0.012154323936883885,2.9761905944536602e-06,-0.024868119126182475,2.9761905944536602e-06,-0.020001374283279527,2.9761905944536602e-06,-0.017262030403404682,-0.016158029792654238,0.0,2.9761905944536602e-06
2012-05-07,-2.4943078081795595e-05,0.0006264079961007215,2.7777777896040964e-06,0.000927588523998768,2.7777777896040964e-06,0.0014378026626399678,2.7777777896040964e-06,0.001231744212725594,0.0007301768886780469,0.0,2.7777777896040964e-06
2012-05-08,-0.0018817009619466639,-0.002188721397453152,2.9761905944536602e-06,-0.003706315779090752,2.9761905944536602e-06,-0.0027829801108122014,2.9761905944536602e-06,-0.005447970981483613,-0.004011541331379598,0.0,2.9761905944536602e-06
2012-05-09,-0.003676021830324173,-0.002500305836307541,3.5714287133443927e-06,-0.003099450878155441,3.5714287133443927e-06,-0.004903210930362463,3.5714287133443927e-06,-0.005462051260898049,-0.005932227539417911,0.0,3.5714287133443927e-06
2012-05-10,0.0018757062984386544,0.001567074834052569,3.5714287133443927e-06,-0.002021144988030188,3.5714287133443927e-06,0.001283125601338475,3.5714287133443927e-06,0.0017172989845179176,0.0020630543226443088,0.03104545107754786,3.5714287133443927e-06
2012-05-11,-0.004185720736113093,-0.000942899567357315,3.5714287133443927e-06,-0.00015599444982505872,3.5714287133443927e-06,-0.001899694870686308,3.5714287133443927e-06,-0.0034401230807465932,-0.0030146017407370884,-0.001,3.5714287133443927e-06
2012-05-14,-0.00877514298163353,-0.0060071653994309415,3.5714287133443927e-06,-0.009348618870580028,3.5714287133443927e-06,-0.011239351117746616,3.5714287133443927e-06,-0.011556926053763683,-0.011061014974392158,0.0,3.5714287133443927e-06
2012-05-15,-0.007474606648089613,-0.004670986665090785,3.3730159084948284e-06,-0.0033028330071502854,3.3730159084948284e-06,-0.0036142339584642005,3.3730159084948284e-06,-0.0039736835744128285,-0.00574145936176973,-0.04952523480259663,3.3730159084948284e-06
2012-05-16,-0.005563516525892447,-0.005301401579999872,3.5714287133443927e-06,-0.00678597738125597,3.5714287133443927e-06,-0.0059390184641951995,3.5714287133443927e-06,-0.005658457965761393,-0.0038248971297173417,-0.03725004196166992,3.5714287133443927e-06
2012-05-17,-0.01440975513112496,-0.013486006056813476,3.7698412225359962e-06,-0.021130789067759892,3.7698412225359962e-06,-0.01954832907537085,3.7698412225359962e-06,-0.017579802053178245,-0.01483110379640129,-0.048039432738345544,3.7698412225359962e-06
2012-05-18,-0.009819010814048583,-0.00972061385494996,3.5714287133443927e-06,-0.012985340772022513,3.5714287133443927e-06,-0.010320012682570693,3.5714287133443927e-06,-0.009303931532717774,-0.00855853430016218,-0.06710308496213246,3.5714287133443927e-06
2012-05-21,0.02021821487503321,0.018669028349059782,2.9761905944536602e-06,0.027956168974273776,2.9761905944536602e-06,0.02290264535344081,2.9761905944536602e-06,0.01537847166738665,0.017188149706997224,0.1083332729153712,2.9761905944536602e-06
2012-05-22,-0.0015406739645248248,-0.0022810705625280585,2.380952327733948e-06,-0.00111978959168757,2.380952327733948e-06,-0.0017976706145869101,2.380952327733948e-06,0.0014865696775186732,0.0017426888432190424,-0.04023210025835877,2.380952327733948e-06
2012-05-23,0.00204263981159073,0.002068138095084951,3.3730159084948284e-06,0.0019219097993621315,3.3730159084948284e-06,0.002966318976495315,3.3730159084948284e-06,0.001398178791678556,0.0005297413238640747,0.01924136180284397,3.3730159084948284e-06
2012-05-24,-0.0013790042415617368,-0.002221635774821464,3.1746031036452638e-06,-0.006553860096377484,3.1746031036452638e-06,-0.0034655757120346142,3.1746031036452638e-06,0.002332140024087409,0.00196541498022218,-0.0088997253171198,3.1746031036452638e-06
2012-05-25,-0.000581231813535097,-0.00021533354927305137,3.5714287133443927e-06,-0.0012870435623932863,3.5714287133443927e-06,-0.0002633981277816444,3.5714287133443927e-06,-0.002445290343623535,-0.0032446385107204323,0.012653065376541317,3.5714287133443927e-06
2012-05-29,0.009251372816254547,0.008574148092963862,3.1746031036452638e-06,0.01272764632276946,3.1746031036452638e-06,0.0072533563862362165,3.1746031036452638e-06,0.011174920381020359,0.012112028697286892,0.04554614235857657,3.1746031036452638e-06
2012-05-30,-0.007817036113964426,-0.007717249564228909,2.9761905944536602e-06,-0.008431718024772161,2.9761905944536602e-06,0.0008069231765316376,2.9761905944536602e-06,-0.012763240247004648,-0.014510124845765415,-0.0673348481665188,2.9761905944536602e-06
2012-05-31,-0.004023350921208015,-0.0023392700376263956,2.579364984754532e-06,-0.004331859881457234,2.579364984754532e-06,0.001680326832288877,2.579364984754532e-06,-0.003934592996974295,-0.002200728388726758,-0.019013569137470543,2.579364984754532e-06
2012-06-01,-0.018716071614748645,-0.014827158636926914,2.380952327733948e-06,-0.026587241479026025,2.380952327733948e-06,0.0012476015726315581,2.380952327733948e-06,-0.023437577210509986,-0.025176918503943657,-0.08272471407449766,2.380952327733948e-06
2012-06-04,0.0060875357003503175,0.004086806096577353,2.579364984754532e-06,0.007615178086040064,2.579364984754532e-06,-0.002016705992360701,2.579364984754532e-06,0.0037616350614996796,-0.0004681261966050787,0.042872502777936194,2.579364984754532e-06
2012-06-05,0.003347776201820698,0.002316408855695063,2.579364984754532e-06,0.004106967351236834,2.579364984754532e-06,-0.0041940419985083315,2.579364984754532e-06,0.0040301731785219175,0.007572260513919016,0.01893996335291881,2.579364984754532e-06
2012-06-06,0.017266516050267806,0.014475138927052418,3.1746031036452638e-06,0.02290603478787001,3.1746031036452638e-06,0.007796746498297573,3.1746031036452638e-06,0.021897834947170125,0.022468446759350336,0.07406339015326613,3.1746031036452638e-06
2012-06-07,-0.0004993175841999834,-0.0011618914073259147,3.1746031036452638e-06,-0.003999129882562458,3.1746031036452638e-06,-0.003977986722969154,3.1746031036452638e-06,-0.0012842317316716367,0.0006064206616469558,0.0103299789859006,3.1746031036452638e-06
2012-06-08,0.008146817139253073,0.008185501799249168,3.1746031036452638e-06,0.00963536785931729,3.1746031036452638e-06,0.010383410770074134,3.1746031036452638e-06,0.009527990174764245,0.007951283570816203,0.05337942375224802,3.1746031036452638e-06
2012-06-11,-0.012683401803245467,-0.013502448060145649,3.1746031036452638e-06,-0.016860003160679926,3.1746031036452638e-06,-0.017214550281526925,3.1746031036452638e-06,-0.014113992439906436,-0.012697043691983989,-0.08685237905731735,3.1746031036452638e-06
2012-06-12,0.006731770808861006,0.007475794771015648,2.9761905944536602e-06,0.012133948332139877,2.9761905944536602e-06,0.012081984651195697,2.9761905944536602e-06,0.011322230625555652,0.011490835577725456,0.012700139949463063,2.9761905944536602e-06
2012-06-13,-0.007115100817597494,-0.00667899893266578,3.5714287133443927e-06,-0.006873081017952587,3.5714287133443927e-06,-0.008271234005199949,3.5714287133443927e-06,-0.006311787872417263,-0.00639479844597568,-0.05220831242079149,3.5714287133443927e-06
2012-06-14,0.006342590251493805,0.006618585858817881,3.5714287133443927e-06,0.003701621968287494,3.5714287133443927e-06,0.00367703007812259,3.5714287133443927e-06,0.01138196168007749,0.0106002787347943,0.06414496135156922,3.5714287133443927e-06
2012-06-15,0.007864408830606627,0.008221043153092005,3.7698412225359962e-06,0.012423999846072231,3.7698412225359962e-06,0.009406588470410647,3.7698412225359962e-06,0.009557852682300805,0.010227291920785975,0.039599951206519934,3.7698412225359962e-06
2012-06-18,0.009987809270763055,0.007972733487919237,3.3730159084948284e-06,0.009366733224718482,3.3730159084948284e-06,0.005561488041011087,3.3730159084948284e-06,0.003927203990805095,0.0019378393926736681,0.08515344783773315,3.3730159084948284e-06
2012-06-19,0.005094285528683972,0.0046907623414576055,2.9761905944536602e-06,0.010380263337642415,2.9761905944536602e-06,0.002330252467870146,2.9761905944536602e-06,0.01069694872510496,0.009673286698837158,-0.001,2.9761905944536602e-06
2012-06-20,0.0004979470879091656,0.0002796789091069466,3.5714287133443927e-06,0.0007787179475147177,3.5714287133443927e-06,0.0013669734566256566,3.5714287133443927e-06,4.069262695610698e-06,-0.00162152315822639,0.0,3.5714287133443927e-06
2012-06-21,-0.013146548283210808,-0.013616621426143961,3.1746031036452638e-06,-0.024887193181764133,3.1746031036452638e-06,-0.02454931622116618,3.1746031036452638e-06,-0.020305432114077898,-0.02243885642838528,0.0,3.1746031036452638e-06
2012-06-22,0.01124549378911825,0.009475467569082675,2.9761905944536602e-06,0.010528041715138992,2.9761905944536602e-06,0.0009640282423346956,2.9761905944536602e-06,0.00877330028010348,0.007701910748866059,0.10485824615658446,2.9761905944536602e-06
2012-06-25,-0.010723836521001449,-0.010437799359277255,2.9761905944536602e-06,-0.019258077915841887,2.9761905944536602e-06,-0.017635922732662675,2.9761905944536602e-06,-0.01726229385871625,-0.01603505795318605,-0.001,2.9761905944536602e-06
2012-06-26,0.005705015833275993,0.004397885788881474,2.9761905944536602e-06,0.0062771851889535935,2.9761905944536602e-06,0.001787353497005577,2.9761905944536602e-06,0.0060835048706802675,0.005025857343617712,0.03148458834619372,2.9761905944536602e-06
2012-06-27,0.0030670300881959957,0.0036687905340701,3.7698412225359962e-06,0.0060780961589443905,3.7698412225359962e-06,0.005559142521835536,3.7698412225359962e-06,0.006879361809133427,0.009016449823306738,-0.001,3.7698412225359962e-06
2012-06-28,-0.006496637870094676,-0.0040461020897012276,3.1746031036452638e-06,-0.011129164177267281,3.1746031036452638e-06,-0.00384456324171963,3.1746031036452638e-06,-0.004741373986117403,-0.002853612086978763,0.0,3.1746031036452638e-06
2012-06-29,0.016605303263892503,0.014272323725880528,2.9761905944536602e-06,0.03151157675645888,2.9761905944536602e-06,0.014476898354633578,2.9761905944536602e-06,0.023524218158043342,0.024926742744309838,0.0,2.9761905944536602e-06
2012-07-02,0.0035299324870781733,0.0022280500448486128,3.1746031036452638e-06,0.002961299675110718,3.1746031036452638e-06,0.005430871100123931,3.1746031036452638e-06,0.004460937777795604,0.0030129191635213104,0.0,3.1746031036452638e-06
2012-07-03,0.0025977291973812468,0.0031921971351074156,2.7777777896040964e-06,0.008391317228087614,2.7777777896040964e-06,0.0024330411721417144,2.7777777896040964e-06,0.002340630637305802,0.006592610810027377,0.0,2.7777777896040964e-06
2012-07-05,0.0007737548031384676,-0.0007204221335504848,2.9761905944536602e-06,0.0006168268779640496,2.9761905944536602e-06,-0.0023331404378643663,2.9761905944536602e-06,-0.0018720740292119675,-0.004512235285117905,0.0,2.9761905944536602e-06
2012-07-06,-0.00592184267843058,-0.005330521188674275,2.9761905944536602e-06,-0.012475367833608919,2.9761905944536602e-06,-0.005451900404695934,2.9761905944536602e-06,-0.0068210507242839336,-0.00950341812109945,0.0,2.9761905944536602e-06
2012-07-09,-0.0014235706712485445,-0.000491388943920577,2.7777777896040964e-06,-0.0018712250872970904,2.7777777896040964e-06,0.0010315011231445033,2.7777777896040964e-06,-0.000851084504049221,-0.001254695572595721,0.0,2.7777777896040964e-06
2012-07-10,-0.005876208824871606,-0.004578628352194082,2.7777777896040964e-06,-0.009843980594765989,2.7777777896040964e-06,-0.006303324363187775,2.7777777896040964e-06,-0.005190395447735946,-0.008719970427099266,0.0,2.7777777896040964e-06
2012-07-11,-0.002875625384300315,-0.0018193388425743842,3.5714287133443927e-06,-0.00552280339386646,3.5714287133443927e-06,-0.002397868344096831,3.5714287133443927e-06,-0.0009129494443193271,0.00014901983475801295,0.0,3.5714287133443927e-06
2012-07-12,-0.0031919918044896675,-0.0028356823822340014,3.5714287133443927e-06,-0.009362408226472163,3.5714287133443927e-06,2.929381857049492e-06,3.5714287133443927e-06,-0.0013330248050181515,-0.004845039556327202,0.0,3.5714287133443927e-06
2012-07-13,0.007685572564377631,0.0067642618205213546,3.7698412225359962e-06,0.015217495968005146,3.7698412225359962e-06,0.003922500897867683,3.7698412225359962e-06,0.011119511171320373,0.016777818377474052,0.0,3.7698412225359962e-06
2012-07-16,-0.0004442946452660651,-0.0009907247703191248,3.5714287133443927e-06,-0.0028401852754978973,3.5714287133443927e-06,0.0013352597071679684,3.5714287133443927e-06,-0.003053335739569923,-0.0023572606385958705,0.0,3.5714287133443927e-06
2012-07-17,0.0022029353750967285,0.002290531528025563,3.3730159084948284e-06,0.00522143986588719,3.3730159084948284e-06,-0.0017330927889374812,3.3730159084948284e-06,0.007290074447173556,0.00686709073342362,0.0,3.3730159084948284e-06
2012-07-18,0.005075274047501578,0.004952874276930895,3.7698412225359962e-06,0.013537097894997352,3.7698412225359962e-06,0.005029627941014321,3.7698412225359962e-06,0.002574277748376763,0.007406701850592112,0.0,3.7698412225359962e-06
2012-07-19,0.002699711801007796,0.003586409708738173,3.3730159084948284e-06,0.01102625087006226,3.3730159084948284e-06,0.0030282998982198448,3.3730159084948284e-06,0.0017795278622949888,0.002620706534531614,0.0,3.3730159084948284e-06
2012-07-20,-0.005534639772591688,-0.005203715491345922,3.1746031036452638e-06,-0.013210694896826136,3.1746031036452638e-06,-0.0033798665200045477,3.1746031036452638e-06,-0.007089774736937282,-0.009148214152715495,0.0,3.1746031036452638e-06
2012-07-23,-0.006049536180353105,-0.005542296276936867,3.3730159084948284e-06,-0.012141752541038997,3.3730159084948284e-06,-0.005547161818482323,3.3730159084948284e-06,-0.009174617551320985,-0.01011224458590576,0.0,3.3730159084948284e-06
2012-07-24,-0.004917198034329502,-0.003448897445829134,3.5714287133443927e-06,-0.007878616633613778,3.5714287133443927e-06,-2.9381254532592793e-05,3.5714287133443927e-06,-0.008319617628608111,-0.008587134009557684,0.0,3.5714287133443927e-06
2012-07-25,-0.0035892264193501267,-0.0013656622080194594,3.7698412225359962e-06,-0.006671148387808135,3.7698412225359962e-06,-0.0011815452089161127,3.7698412225359962e-06,0.00016539202943710585,0.00022424436928214497,0.008895478824655911,3.7698412225359962e-06
2012-07-26,0.00870152096012565,0.005953260790407849,3.7698412225359962e-06,0.013271333790941808,3.7698412225359962e-06,0.0003402762928891301,3.7698412225359962e-06,0.01395838585253839,0.01649762820117151,-0.001,3.7698412225359962e-06
2012-07-27,0.013655349984511888,0.008852473043527074,3.968254027385561e-06,0.023670506752580867,3.968254027385561e-06,-0.0008013918450570454,3.968254027385561e-06,0.016713177824495384,0.01843263556175967,0.0,3.968254027385561e-06
2012-07-30,0.00010001464543378508,3.720349370924308e-05,3.968254027385561e-06,-0.0007706904496915801,3.968254027385561e-06,0.0015672579457766131,3.968254027385561e-06,-6.502268293254176e-05,0.0,0.0,3.968254027385561e-06
2012-07-31,-0.0007677385863361112,-0.0009453888480258532,3.5714287133443927e-06,-0.0003085803814358856,3.5714287133443927e-06,0.0004803331606327109,3.5714287133443927e-06,-0.004168607246306633,-0.006994582886172829,0.0,3.5714287133443927e-06
2012-08-01,-0.002505054575960085,-0.001765816774200787,3.968254027385561e-06,-0.0029319201106261517,3.968254027385561e-06,-0.003859139408737944,3.968254027385561e-06,-0.0038990314924971237,-0.000871364913903272,0.0,3.968254027385561e-06
2012-08-02,-0.0023538808663931435,-0.0019293862372396038,3.5714287133443927e-06,-0.00355977480463765,3.5714287133443927e-06,0.0014998945161638724,3.5714287133443927e-06,-0.007477340625976547,-0.006904711536519392,0.0,3.5714287133443927e-06
2012-08-03,0.010143498656692552,0.00760631535739386,3.3730159084948284e-06,0.018949839431494198,3.3730159084948284e-06,-0.000805741352791471,3.3730159084948284e-06,0.01501111108600045,0.019833458182249686,0.0,3.3730159084948284e-06
2012-08-06,0.002305115666685847,0.002595502685276181,2.9761905944536602e-06,0.007621797118801732,2.9761905944536602e-06,0.002886536301493381,2.9761905944536602e-06,0.0011078556306610698,0.0019376018045658139,0.0,2.9761905944536602e-06
2012-08-07,0.001982132505163228,0.0020992913060402553,2.9761905944536602e-06,0.008321275826463026,2.9761905944536602e-06,-0.000510205313266139,2.9761905944536602e-06,-0.0028147106092381857,0.005013425938600546,0.0,2.9761905944536602e-06
2012-08-08,0.00036122822302018463,6.002528034187764e-05,3.968254027385561e-06,-0.0004507105733883021,3.968254027385561e-06,-0.0015214406574322787,3.968254027385561e-06,0.003087714953455556,0.001211437925324521,0.0,3.968254027385561e-06
2012-08-09,0.0006078165741213325,0.0009385966517869636,4.166666536577164e-06,0.003002429220559044,4.166666536577164e-06,0.0010458668522736654,4.166666536577164e-06,-0.0003429362150076387,0.0008539836491003872,0.0,4.166666536577164e-06
2012-08-10,0.0011358319391172882,0.0008658927030975477,4.365079341426728e-06,0.0005987527691750927,4.365079341426728e-06,0.0024240081141568095,4.365079341426728e-06,0.002285067010196512,0.0016357058916618428,0.0,4.365079341426728e-06
2012-08-13,0.0006370350394667938,0.0004422627081191082,3.7698412225359962e-06,0.0023929338570900516,3.7698412225359962e-06,-0.0006421767366020138,3.7698412225359962e-06,-0.000236074230257316,-0.0004968269471292697,0.0,3.7698412225359962e-06
2012-08-14,0.0016126097166713727,-0.0005374685529297635,3.7698412225359962e-06,0.00044745141274549205,3.7698412225359962e-06,-0.004986046907082892,3.7698412225359962e-06,0.0008673150318794509,0.00014158571148037424,0.0,3.7698412225359962e-06
2012-08-15,0.0013171132946998574,0.00016159710576105533,4.166666536577164e-06,0.0025354087317401852,4.166666536577164e-06,-0.0034612434381728896,4.166666536577164e-06,-0.0003971535033334139,0.0011372349634786172,0.0,4.166666536577164e-06
2012-08-16,0.005755404436000511,0.004345431330389489,3.1746031036452638e-06,0.011901108144877437,3.1746031036452638e-06,0.003586220749831541,3.1746031036452638e-06,0.0027783743147002937,0.007378026722889119,0.0,3.1746031036452638e-06
2012-08-17,0.0017548590291244408,0.0016986856855876569,2.9761905944536602e-06,0.004410822262278957,2.9761905944536602e-06,0.003541572904030084,2.9761905944536602e-06,-0.0003660697770338228,0.0013384520023145274,0.0,2.9761905944536602e-06
2012-08-20,0.0009782621357412498,0.0006752042885677607,3.1746031036452638e-06,0.0014634812916554107,3.1746031036452638e-06,0.001196619919139922,3.1746031036452638e-06,0.0012353184780947157,7.036511953018021e-05,0.0,3.1746031036452638e-06
2012-08-21,-0.0030110939206703267,-0.0019207423953533508,3.3730159084948284e-06,-0.003946046819230609,3.3730159084948284e-06,-0.0008463630596734864,3.3730159084948284e-06,-0.005815586403944528,-0.0030241842849397793,0.0,3.3730159084948284e-06
2012-08-22,0.0024153259935099625,0.00205478313787873,4.166666536577164e-06,0.004108652060218265,4.166666536577164e-06,0.007012364136225487,4.166666536577164e-06,-0.0005734678251911596,0.0004234415771342537,0.0,4.166666536577164e-06
2012-08-23,-0.003968869429509713,-0.003958546756162728,3.968254027385561e-06,-0.008183428513211077,3.968254027385561e-06,-0.0040612907949909936,3.968254027385561e-06,-0.006912924917296948,-0.008179909325873536,0.0,3.968254027385561e-06
2012-08-24,0.004587618458614563,0.0032723953172681328,3.7698412225359962e-06,0.006187831492672213,3.7698412225359962e-06,0.0037571827366577417,3.7698412225359962e-06,0.007073447909267283,0.006043867257031543,0.0,3.7698412225359962e-06
2012-08-27,0.0008895977407888354,0.0009433921105994434,3.5714287133443927e-06,0.0016110479208093498,3.5714287133443927e-06,0.002556982215059067,3.5714287133443927e-06,0.001400614930075872,0.00021147454398429133,0.0,3.5714287133443927e-06
2012-08-28,-3.011558166179953e-05,-0.00013245439696406422,3.7698412225359962e-06,0.0,3.7698412225359962e-06,0.0004668865539292355,3.7698412225359962e-06,-0.0012951062789517687,-0.0009893593407412915,0.0,3.7698412225359962e-06
2012-08-29,0.0010796879540349977,-8.385464218116595e-05,3.968254027385561e-06,0.0,3.968254027385561e-06,-0.0011973932769814288,3.968254027385561e-06,0.00036062172595158204,0.0007786999228265312,0.0,3.968254027385561e-06
2012-08-30,-0.0056722731627193625,-0.0038968078837197315,3.7698412225359962e-06,-0.010087904493095712,3.7698412225359962e-06,-0.001683147073336425,3.7698412225359962e-06,-0.005829346187879114,-0.007208670387396698,0.0,3.7698412225359962e-06
2012-08-31,0.003299614560847112,0.0036380692260240227,3.5714287133443927e-06,0.0066464287274692335,3.5714287133443927e-06,0.009081468063291798,3.5714287133443927e-06,0.002553887085283063,0.004769232157370684,0.0,3.5714287133443927e-06
2012-09-04,0.0009267767010955016,-0.00024487650829176945,3.3730159084948284e-06,-0.001027264782425541,3.3730159084948284e-06,-0.0014396014775160948,3.3730159084948284e-06,0.002958594985633667,-0.0009210109305546332,0.0,3.3730159084948284e-06
2012-09-05,-0.0008614907922507216,-0.0008953817895798865,3.5714287133443927e-06,-0.0010283211405182069,3.5714287133443927e-06,-0.0027051665480835032,3.5714287133443927e-06,-0.0016985778474410962,-0.0008510593576738223,0.0,3.5714287133443927e-06
2012-09-06,0.01299353254274279,0.008457245301762926,3.968254027385561e-06,0.022199148754922238,3.968254027385561e-06,-0.001089323662176326,3.968254027385561e-06,0.015473062008086347,0.0202968103865504,0.0,3.968254027385561e-06
2012-09-07,0.0013146641978144748,-0.0005167915478516995,3.968254027385561e-06,-0.0014376421702259057,3.968254027385561e-06,-0.0015978449538232389,3.968254027385561e-06,-0.0021111662287638384,0.003894969041276619,0.0,3.968254027385561e-06
2012-09-10,-0.005313424532489722,-0.0041080156497999365,3.968254027385561e-06,-0.012818974998021537,3.968254027385561e-06,-0.001981837246055902,3.968254027385561e-06,-0.0018120467865831158,-0.005681084230490074,0.0,3.968254027385561e-06
2012-09-11,0.00030990346565737024,-0.0005513517172596058,3.7698412225359962e-06,-0.0016046060864832734,3.7698412225359962e-06,-0.00149316211787461,3.7698412225359962e-06,-0.0013650850579242924,0.002787432392500122,0.0,3.7698412225359962e-06
2012-09-12,0.002414921902435144,-2.2433324585274166e-05,3.968254027385561e-06,0.002922697989112155,3.968254027385561e-06,-0.005754083975896865,3.968254027385561e-06,-0.001414168488547446,0.0033350925442274804,0.0,3.968254027385561e-06
2012-09-13,0.009345337444786696,0.006858191908046928,3.7698412225359962e-06,0.013550485443715843,3.7698412225359962e-06,0.006381377444814188,3.7698412225359962e-06,0.013693962107265256,0.015236566950293184,0.0,3.7698412225359962e-06
2012-09-14,0.004161743915638435,0.0011403704405779304,3.7698412225359962e-06,0.008913213235038242,3.7698412225359962e-06,-0.007094222182553621,3.7698412225359962e-06,-0.003576002907146658,0.004434340686916727,0.0,3.7698412225359962e-06
2012-09-17,-0.0002629274001595733,-0.00016055595989078597,3.7698412225359962e-06,0.00042767227369355787,3.7698412225359962e-06,0.0001525209768052922,3.7698412225359962e-06,-0.0003686072197620627,-0.0033962220167478296,0.0,3.7698412225359962e-06
2012-09-18,0.0007496534741736981,0.0006226006387124742,3.5714287133443927e-06,0.0008543655688590945,3.5714287133443927e-06,0.00398000769093565,3.5714287133443927e-06,-0.00127806917308465,-0.0008179427222135827,0.0,3.5714287133443927e-06
2012-09-19,0.0024525112438722177,0.0009775942948998507,3.968254027385561e-06,0.0018501784424551637,3.968254027385561e-06,0.002409642776591688,3.968254027385561e-06,0.0011136800656283419,0.0005459410490076255,0.0,3.968254027385561e-06
2012-09-20,-0.00039985105696480636,8.980333379738956e-05,4.166666536577164e-06,-0.0009937843064166119,4.166666536577164e-06,0.00032425254313839236,4.166666536577164e-06,0.0028314258082720867,6.819708638916566e-05,0.0,4.166666536577164e-06
2012-09-21,0.001485685973165374,0.00023796803221003742,4.166666536577164e-06,0.000284894336529673,4.166666536577164e-06,0.001384362341700252,4.166666536577164e-06,-0.00010894552339058006,-0.0004182602328366425,0.0,4.166666536577164e-06
2012-09-24,-0.0034655990052848513,-0.0013791366377620348,3.968254027385561e-06,-0.00584512821919092,3.968254027385561e-06,0.0015847560899381699,3.968254027385561e-06,-0.00043739531198633275,-0.0015082419708706274,0.0,3.968254027385561e-06
2012-09-25,-0.00556563830127561,-0.004304545201748423,3.7698412225359962e-06,-0.01405169167539122,3.7698412225359962e-06,0.003983119341254726,3.7698412225359962e-06,-0.005921679756124204,-0.01064196542498308,0.0,3.7698412225359962e-06
2012-09-26,-0.0029828738456565045,-0.0022380745311054297,4.166666536577164e-06,-0.00814459920250099,4.166666536577164e-06,0.0030956913576793235,4.166666536577164e-06,-0.0024606511623718186,-0.005620899793590484,0.0,4.166666536577164e-06
2012-09-27,0.006591049071876569,0.004813674487043729,3.968254027385561e-06,0.013783197754514198,3.968254027385561e-06,0.0018883452661531872,3.968254027385561e-06,0.00376722387487069,0.00942148251261643,0.0,3.968254027385561e-06
2012-09-28,-0.003554779503026378,-0.0030813979643596113,3.3730159084948284e-06,-0.008243671548396447,3.3730159084948284e-06,-0.00289308294925572,3.3730159084948284e-06,-0.002402035089879822,-0.004632138080725601,0.0,3.3730159084948284e-06
2012-10-01,0.0016674297543840552,0.0005388754352613449,3.5714287133443927e-06,-0.0014591959906489205,3.5714287133443927e-06,0.0025689368500132486,3.5714287133443927e-06,0.003192175237005518,0.002639408898522655,0.0,3.5714287133443927e-06
2012-10-02,-1.0010859311807496e-07,0.0009452285268805268,3.1746031036452638e-06,0.0029212770336652927,3.1746031036452638e-06,-0.0011435451131838557,3.1746031036452638e-06,0.003074745959345593,0.0010391292466471747,0.0,3.1746031036452638e-06
2012-10-03,0.005016242450286567,0.002321334627126544,3.5714287133443927e-06,0.006407626947587675,3.5714287133443927e-06,0.0020687928877540784,3.5714287133443927e-06,0.0010173842482344153,0.004082797572149799,0.0,3.5714287133443927e-06
2012-10-04,0.0029281827529640363,0.00215353550705773,3.3730159084948284e-06,0.003472918400273084,3.3730159084948284e-06,0.0005523999973187834,3.3730159084948284e-06,0.006637231575953972,0.0071683535950131105,0.0,3.3730159084948284e-06
2012-10-05,-0.001914671972531334,-0.0017464686700540033,3.7698412225359962e-06,-0.005335490678215704,3.7698412225359962e-06,-0.0029404605289392585,3.7698412225359962e-06,0.00022145390926414654,6.803319356096793e-05,0.0,3.7698412225359962e-06
2012-10-08,-0.0035337225426656264,-0.0025656986135715177,3.968254027385561e-06,-0.009133094027873212,3.968254027385561e-06,-0.00010134102241928357,3.968254027385561e-06,-0.00011928138825664791,-0.0034211399596474346,0.0,3.968254027385561e-06
2012-10-09,-0.006727009634203413,-0.006177573356546599,3.7698412225359962e-06,-0.015947466695514834,3.7698412225359962e-06,-0.005949931696818196,3.7698412225359962e-06,-0.005578659859643814,-0.00988768187437472,0.0,3.7698412225359962e-06
2012-10-10,-0.004041907406080036,-0.0025481055382771942,3.7698412225359962e-06,-0.005054846543760871,3.7698412225359962e-06,-6.836822620796346e-05,3.7698412225359962e-06,-0.007968872112053382,-0.0063796887413035686,0.0,3.7698412225359962e-06
2012-10-11,-0.0007930275626809581,-5.042401997549383e-05,3.7698412225359962e-06,-0.003138442987839829,3.7698412225359962e-06,0.0034300651688107617,3.7698412225359962e-06,0.0017656602565373491,0.0005584763681572014,0.0,3.7698412225359962e-06
2012-10-12,-0.0014178616696938267,-0.001059654387198565,3.7698412225359962e-06,-0.00044934675756502784,3.7698412225359962e-06,-0.002708914811244763,3.7698412225359962e-06,-0.0029631385088576823,-0.0032785576484286594,0.0,3.7698412225359962e-06
2012-10-15,0.0048768316169507725,0.00302105728098289,3.968254027385561e-06,0.0073485541961908485,3.968254027385561e-06,-0.0013286461056348413,3.968254027385561e-06,0.007573216141590677,0.008328058014165807,0.0,3.968254027385561e-06
2012-10-16,0.008568934999741358,0.005254615314466291,3.7698412225359962e-06,0.014143049104329064,3.7698412225359962e-06,0.0008878372579038674,3.7698412225359962e-06,0.008244764966367779,0.01013301006219125,0.0,3.7698412225359962e-06
2012-10-17,0.002386679923462115,0.000723909659465497,3.968254027385561e-06,-0.0005867906854779559,3.968254027385561e-06,-0.0013398546924052732,3.968254027385561e-06,0.007301669380302911,0.004535052188087807,0.0,3.968254027385561e-06
2012-10-18,-0.007159646228203236,-0.0037727183231908374,4.166666536577164e-06,-0.011604387802901406,4.166666536577164e-06,-0.004382162099132225,4.166666536577164e-06,-0.00020734884896239647,-0.0025988845243173353,0.0,4.166666536577164e-06
2012-10-19,-0.012522072871370485,-0.01070897837501835,3.7698412225359962e-06,-0.023926160509334382,3.7698412225359962e-06,-0.014310425585845866,3.7698412225359962e-06,-0.013322505971227472,-0.016664653481099356,0.0,3.7698412225359962e-06
2012-10-22,0.00012631004455388427,0.0010400662589787352,3.5714287133443927e-06,0.005176118385843864,3.5714287133443927e-06,-0.0015379805765729495,3.5714287133443927e-06,-0.0003490812035343016,0.00013974873367073037,0.0,3.5714287133443927e-06
2012-10-23,-0.005841849881095075,-0.0058412347537544936,3.5714287133443927e-06,-0.00954218978208532,3.5714287133443927e-06,-0.007329132594317518,3.5714287133443927e-06,-0.013167525479175046,-0.01387634113999825,0.0,3.5714287133443927e-06
2012-10-24,-0.002826039389717707,-0.001867928803989968,3.968254027385561e-06,-0.003517488516088796,3.968254027385561e-06,-0.004248557494246796,3.968254027385561e-06,-0.0014043110890583077,-0.0028284216597842526,0.0,3.968254027385561e-06
2012-10-25,0.00024152061537852709,0.0009129382472903157,4.166666536577164e-06,0.0,4.166666536577164e-06,0.0005994848109504755,4.166666536577164e-06,0.00603609701897484,0.002907355428344971,0.0,4.166666536577164e-06
2012-10-26,-0.0006313481930578108,0.00018004555274742055,4.365079341426728e-06,0.002915996948384514,4.365079341426728e-06,-0.0015326269480150359,4.365079341426728e-06,-0.0027804468087568868,-0.000565781494089701,0.0,4.365079341426728e-06
2012-10-31,-0.001563541856629237,-0.0012951951581024548,4.166666536577164e-06,-0.006120967362002738,4.166666536577164e-06,0.0015594438105532478,4.166666536577164e-06,-2.24055809144863e-06,0.0,0.0,4.166666536577164e-06
2012-11-01,0.006414921058018498,0.005853890050349446,4.166666536577164e-06,0.014164875105505459,4.166666536577164e-06,0.005890970644123398,4.166666536577164e-06,0.006424008478606691,0.010470275504926851,0.0,4.166666536577164e-06
2012-11-02,-0.005529667518614738,-0.006060865887584397,3.5714287133443927e-06,-0.01062726100233602,3.5714287133443927e-06,-0.0131263008951867,3.5714287133443927e-06,-0.00769396982646206,-0.008891589792106913,0.0,3.5714287133443927e-06
2012-11-05,0.0013320527526198948,0.002199444588029358,3.5714287133443927e-06,0.006598037587861816,3.5714287133443927e-06,0.001167343602001066,3.5714287133443927e-06,0.0021999874346679826,0.002048989239534782,0.0,3.5714287133443927e-06
2012-11-06,0.0025547165201501446,0.0035987798077684306,3.5714287133443927e-06,0.0018298294602869802,3.5714287133443927e-06,0.011408221836390009,3.5714287133443927e-06,0.008420426295034422,0.007825144312038734,0.0,3.5714287133443927e-06
2012-11-07,-0.013920892438013881,-0.01145621296293631,3.968254027385561e-06,-0.023585240048649703,3.968254027385561e-06,-0.0100719449956147,3.968254027385561e-06,-0.023506038509060745,-0.02266396044112673,0.0,3.968254027385561e-06
2012-11-08,-0.0021626007562889214,-0.0022163097838304507,3.5714287133443927e-06,0.002432669808319245,3.5714287133443927e-06,-0.004183747187254634,3.5714287133443927e-06,-0.01296251293193501,-0.012024327719472039,0.0,3.5714287133443927e-06
2012-11-09,0.0006525606795600284,0.0002017393335545762,3.3730159084948284e-06,9.158867506986468e-05,3.3730159084948284e-06,0.0004407334257999773,3.3730159084948284e-06,0.0004641707223263236,0.0008695846468562696,0.0,3.3730159084948284e-06
2012-11-12,0.001391811413039984,0.0004830001663206395,3.5714287133443927e-06,0.0006439179455857147,3.5714287133443927e-06,0.00023204720933989187,3.5714287133443927e-06,0.002263559831229167,0.0007959586809129782,0.0,3.5714287133443927e-06
2012-11-13,0.00012639005053438938,-0.0011161603514262136,3.4523808530398775e-06,0.001193678214720828,3.4523808530398775e-06,-0.005336505976659356,3.4523808530398775e-06,-0.00354868771380179,-0.003471430146727683,0.0,3.4523808530398775e-06
2012-11-14,-0.004356068967866205,-0.003639613013198975,3.3730159084948284e-06,0.00027518694610439987,3.3730159084948284e-06,-0.00856181670047414,3.3730159084948284e-06,-0.01412818778479466,-0.013498862617929985,0.0,3.3730159084948284e-06
2012-11-15,-0.0007059435369347625,-0.00016980730834336,3.7698412225359962e-06,-0.00045826540653814973,3.7698412225359962e-06,0.00015906001107372303,3.7698412225359962e-06,-5.325156767205241e-05,-0.001,0.0,3.7698412225359962e-06
2012-11-16,0.002347737211979834,0.0008362576009391784,2.9761905944536602e-06,0.000642569013917349,2.9761905944536602e-06,0.00037947936292059847,2.9761905944536602e-06,0.006177261810785539,0.0,0.0,2.9761905944536602e-06
2012-11-19,0.00499640311181121,0.0039108385485638,2.9761905944536602e-06,-0.0020176494701853454,2.9761905944536602e-06,0.01708653254199303,2.9761905944536602e-06,0.01851303772867985,0.0,0.0,2.9761905944536602e-06
2012-11-20,-0.0002513168975048322,-0.0009470448522499027,2.9761905944536602e-06,-0.004135488080004968,2.9761905944536602e-06,-0.0011004987566275806,2.9761905944536602e-06,0.0029355986026257663,-0.0005683352128039712,0.0,2.9761905944536602e-06
2012-11-21,0.00031203755145084314,1.2161756655159977e-05,3.3730159084948284e-06,-0.0014771750320052845,3.3730159084948284e-06,0.00025151155036133116,3.3730159084948284e-06,0.0020255358968805925,0.001867719496586151,0.0,3.3730159084948284e-06
2012-11-23,0.0023843494925900564,0.0046915523786287255,3.5714287133443927e-06,-0.0005541499755704615,3.5714287133443927e-06,0.016710405328238382,3.5714287133443927e-06,0.01300497943604273,0.01362493887132632,0.0,3.5714287133443927e-06
2012-11-26,-0.0005059101869842621,-0.0006353933289525643,3.5714287133443927e-06,0.001664233534703241,3.5714287133443927e-06,-0.0021685922139205536,3.5714287133443927e-06,-0.005681357732105208,-0.0021225042888214363,0.0,3.5714287133443927e-06
2012-11-27,-0.0006498884680074387,-0.0014100488134635835,3.5714287133443927e-06,0.002307738490848532,3.5714287133443927e-06,-0.006158080718625521,3.5714287133443927e-06,-0.006816088686599414,-0.005104308987383788,0.0,3.5714287133443927e-06
2012-11-28,0.002391553484998261,0.0028142757732111763,3.7698412225359962e-06,0.001289468696738183,3.7698412225359962e-06,0.006942739621132713,3.7698412225359962e-06,0.00845356210852194,0.008052216621429409,0.0,3.7698412225359962e-06
2012-11-29,0.002309779982960374,0.0027925418673675076,3.650793657889442e-06,0.003952517095922927,3.650793657889442e-06,0.00683700121590336,3.650793657889442e-06,0.004277679070685769,0.0046654399465850815,0.0,3.650793657889442e-06
2012-11-30,0.0007436928335501518,-0.0005585294013547202,3.1746031036452638e-06,-0.0016690355692399184,3.1746031036452638e-06,-0.0010502097681061022,3.1746031036452638e-06,-6.176607459079664e-06,0.00021129161211197456,0.0,3.1746031036452638e-06
2012-12-03,-0.0015733424104125717,-0.0015887806918153937,2.9761905944536602e-06,-0.001975990024513208,2.9761905944536602e-06,-0.0020440836304950185,2.9761905944536602e-06,-0.004197934421380611,-0.00492459281223967,0.0,2.9761905944536602e-06
2012-12-04,-0.0010847125547672914,-0.00023108409710349007,3.0555555389987097e-06,-0.0006088788025174763,3.0555555389987097e-06,0.0015437091500850233,3.0555555389987097e-06,-0.0020538074929398464,-0.0014137743365741917,0.0,3.0555555389987097e-06
2012-12-05,-0.0017571268464914745,-0.001614505896372882,3.5714287133443927e-06,-0.011122930009816567,3.5714287133443927e-06,0.0036572761659755164,3.5714287133443927e-06,0.004837171488235259,0.0017700975737275915,0.0,3.5714287133443927e-06
2012-12-06,0.00041135193151660226,0.0007572126354411309,3.5714287133443927e-06,-0.0014490606155839175,3.5714287133443927e-06,0.0037102032810221912,3.5714287133443927e-06,0.003073776749877938,0.0033921187715220125,0.0,3.5714287133443927e-06
2012-12-07,0.0005164052640822857,0.00025522410032738786,3.5714287133443927e-06,-0.0028453482599578583,3.5714287133443927e-06,0.0013796783632727587,3.5714287133443927e-06,0.0053131172762120316,0.0030284929183053144,0.0,3.5714287133443927e-06
2012-12-10,-0.0003575452033757989,0.0006886961880917427,3.1746031036452638e-06,0.0009206944351103363,3.1746031036452638e-06,0.0036902916636120477,3.1746031036452638e-06,-0.0012766678993039737,0.00042151831592085465,0.0,3.1746031036452638e-06
2012-12-11,0.0011341554047036948,0.0017155025917562523,2.9761905944536602e-06,-0.0019308048684966161,2.9761905944536602e-06,0.0071375689172218,2.9761905944536602e-06,0.006159528082735177,0.006808645347738951,0.0,2.9761905944536602e-06
2012-12-12,-0.001849395442860833,-0.0007688645206498493,2.9761905944536602e-06,-0.004122294710489969,2.9761905944536602e-06,0.00019768029378515917,2.9761905944536602e-06,0.0019449975015861376,0.00048786801070743735,0.0,2.9761905944536602e-06
2012-12-13,-0.003191922235914598,-0.0038571090560883753,2.380952327733948e-06,-0.007899182784005698,2.380952327733948e-06,-0.004601178750501145,2.380952327733948e-06,-0.007330021693538941,-0.006132109168858646,0.0,2.380952327733948e-06
2012-12-14,-0.0006773557623029514,-0.0002456990045135299,2.06349210606681e-06,0.00022470380987838108,2.06349210606681e-06,0.0024572787306944566,2.06349210606681e-06,-0.003924372440277435,-0.0037160020999202903,0.0,2.06349210606681e-06
2012-12-17,0.0024218455652382648,0.001279479219352447,9.920635068463902e-07,-0.005272218079833468,9.920635068463902e-07,0.0021752414230749033,9.920635068463902e-07,0.013895134978948287,0.011752154764200329,0.0,9.920635068463902e-07
2012-12-18,0.00517817957866612,0.006993969913234546,8.730158682853457e-07,0.013255401965446724,8.730158682853457e-07,0.009682733887803533,8.730158682853457e-07,0.013927582989072929,0.011128897461837983,0.0,8.730158682853457e-07
2012-12-19,-0.003771753753615694,-0.002013920517039879,2.182539670713364e-06,-0.004356967150311752,2.182539670713364e-06,0.0017741908285618204,2.182539670713364e-06,-0.006343240158195124,-0.007429235510929111,0.0,2.182539670713364e-06
2012-12-20,0.002575145857851121,0.002017371976241194,1.7857143566721963e-06,0.0,1.7857143566721963e-06,0.005898612115389889,1.7857143566721963e-06,0.007005465251619825,0.0057527103547307945,0.0,1.7857143566721963e-06
2012-12-21,-0.0053054044561796875,-0.0053239045850115895,1.9841270136927804e-06,-0.01051772207006918,1.9841270136927804e-06,-0.0072395077675625474,1.9841270136927804e-06,-0.009284001568500955,-0.009077234490523556,0.0,1.9841270136927804e-06
2012-12-24,-0.001395864363143299,-0.0014969369098107683,1.9841270136927804e-06,-0.0019935426482162732,1.9841270136927804e-06,-0.0032013873046319676,1.9841270136927804e-06,-0.002878655476653419,-0.003081632609013507,0.0,1.9841270136927804e-06
2012-12-26,-0.0021142230500539026,-0.0009267664509404922,1.9841270136927804e-06,5.783840875106701e-05,1.9841270136927804e-06,-0.0011273063661109872,1.9841270136927804e-06,-0.004566600308574642,-0.0042148654484479575,0.0,1.9841270136927804e-06
2012-12-27,0.00023859755248293473,0.0006208001252914275,2.182539670713364e-06,0.0020457408493390616,2.182539670713364e-06,0.002969689458053204,2.182539670713364e-06,-0.002362491583915382,-0.0013406489700368285,0.0,2.182539670713364e-06
2012-12-28,-0.0008749171099256514,-0.002277095004166247,2.7777777896040964e-06,0.002318613939618519,2.7777777896040964e-06,-0.005910630183212695,2.7777777896040964e-06,-0.011604492309784165,-0.010808100111895702,0.0,2.7777777896040964e-06
2012-12-31,0.007720304364552176,0.007018893570600822,3.9682538795565797e-07,-0.005275564293843127,3.9682538795565797e-07,0.01568203213321236,3.9682538795565797e-07,0.018503537330648634,0.016996420133909673,0.0572053122544115,3.9682538795565797e-07
2013-01-02,0.01603657608200183,0.014761721254006432,1.3888888948020482e-06,0.029782456907788024,1.3888888948020482e-06,0.020241379875116722,1.3888888948020482e-06,0.02407173125770995,0.025630340415068176,-0.001,1.3888888948020482e-06
2013-01-03,-0.001774952169800711,-0.002486496909412221,2.182539670713364e-06,-0.005208370731530021,2.182539670713364e-06,-0.007026575324821241,2.182539670713364e-06,0.0003836472484946285,-0.002259893040652994,0.0,2.182539670713364e-06
2013-01-04,0.0011687494900790804,0.0010646282534317402,2.579364984754532e-06,-0.00329072726113655,2.579364984754532e-06,0.004822092426574719,2.579364984754532e-06,0.008337256919803637,0.004392429588390145,0.0,2.579364984754532e-06
2013-01-07,0.0007131491416985031,-0.001194257848731736,2.579364984754532e-06,0.0002998009765000642,2.579364984754532e-06,-0.005229927553531169,2.579364984754532e-06,-0.002805773459556349,-0.002733065433219828,0.0,2.579364984754532e-06
2013-01-08,-3.0144089582365195e-05,-0.0017638313927673685,2.3015872353599184e-06,-0.00195017248125251,2.3015872353599184e-06,-0.005080306582563939,2.3015872353599184e-06,-0.0029916091223188834,-0.002877725182523383,0.0,2.3015872353599184e-06
2013-01-09,0.003539571001218711,0.0022681865872290936,2.380952327733948e-06,0.0037589090818519466,2.380952327733948e-06,0.004741971651898824,2.380952327733948e-06,0.004257434199480076,0.0025419511936901618,0.0,2.380952327733948e-06
2013-01-10,0.0032647383614166905,0.003971074744714064,2.182539670713364e-06,0.005990094957432968,2.182539670713364e-06,0.007943896071386975,2.182539670713364e-06,0.00685022947204339,0.00794979096067272,0.0,2.182539670713364e-06
2013-01-11,-0.0013967847491304754,-0.00020708574411394003,2.182539670713364e-06,0.0013397843020381828,2.182539670713364e-06,-0.002481431799193245,2.182539670713364e-06,-0.0016542869914733527,-6.79690132019406e-05,0.0,2.182539670713364e-06
2013-01-14,-0.003024094785184731,-0.0007720530885577357,2.5000000402094826e-06,-0.004460353195520961,2.5000000402094826e-06,0.0020170511578797195,2.5000000402094826e-06,0.0009065999577355377,-0.0006799327886143347,0.0,2.5000000402094826e-06
2013-01-15,0.0004491521533739823,-0.0008709930200789051,2.380952327733948e-06,-0.0049281412117355705,2.380952327733948e-06,-0.0004850069766807463,2.380952327733948e-06,0.0038198986396828505,0.0006803954117640121,0.0,2.380952327733948e-06
2013-01-16,0.0022721080592065066,0.00024750059412229986,3.1746031036452638e-06,0.004051991564812951,3.1746031036452638e-06,-0.002895726445741579,3.1746031036452638e-06,-0.003219887654020509,-0.0001357508110177985,0.0,3.1746031036452638e-06
2013-01-17,0.003238385114468071,0.0035431497546189773,2.8571427341491455e-06,0.004783265826939331,2.8571427341491455e-06,0.00767410251277704,2.8571427341491455e-06,0.007107542717975507,0.006460467703752526,0.0,2.8571427341491455e-06
2013-01-18,0.0002703771507858632,0.0002398459153144091,2.7777777896040964e-06,-0.0022313133462712464,2.7777777896040964e-06,0.001345983259032716,2.7777777896040964e-06,0.004276378804937309,0.0022298147300261473,0.0,2.7777777896040964e-06
2013-01-22,0.001886044427994177,0.001764477675680339,2.7777777896040964e-06,0.0016401254876494686,2.7777777896040964e-06,0.002059673883322436,2.7777777896040964e-06,0.006401275946314289,0.005392864651420748,0.0,2.7777777896040964e-06
2013-01-23,0.0014055868167677076,0.0010829001036343439,2.380952327733948e-06,0.006102849861109094,2.380952327733948e-06,-0.0029176818416041988,2.380952327733948e-06,-0.0012666899034607104,0.0016098012724967692,0.0,2.380952327733948e-06
2013-01-24,-0.0030177134767633606,-0.002649294722097016,2.7777777896040964e-06,-0.013759422166308988,2.7777777896040964e-06,0.001492595781564576,2.7777777896040964e-06,0.005456809176277111,0.00026783675781616445,0.0,2.7777777896040964e-06
2013-01-25,0.0035647366755972203,0.0029788093893626365,2.9761905944536602e-06,0.005100537400353655,2.9761905944536602e-06,0.004893938543923726,2.9761905944536602e-06,0.005469740773768272,0.005621905578208519,0.0,2.9761905944536602e-06
2013-01-28,0.0007976445729226593,-0.0005310453077924474,2.7777777896040964e-06,0.0022385123679036223,2.7777777896040964e-06,-0.003755231244361834,2.7777777896040964e-06,-0.004384644645290675,-0.0011976936848884234,0.0,2.7777777896040964e-06
2013-01-29,0.0010260377912283437,0.0014571310024391832,2.380952327733948e-06,0.0001494392467142891,2.380952327733948e-06,0.006180250528106408,2.380952327733948e-06,0.0019710284664845867,0.003931426071862365,0.0,2.380952327733948e-06
2013-01-30,-0.0016055255145710724,-0.002125847920492368,2.5000000402094826e-06,-0.0020851607764186264,2.5000000402094826e-06,-0.005238699931458571,2.5000000402094826e-06,-0.00525862950119077,-0.003916030487505551,0.0,2.5000000402094826e-06
2013-01-31,-0.0014387265199049348,-0.0009335814877416826,2.380952327733948e-06,-0.0022374628775300165,2.380952327733948e-06,0.0017266652860101388,2.380952327733948e-06,-0.00449041957922805,-0.0024659655045921047,0.0,2.380952327733948e-06
2013-02-01,0.004795906265814309,0.005759901724466451,2.579364984754532e-06,0.01181368300624297,2.579364984754532e-06,0.007781816858401032,2.579364984754532e-06,0.008668022742138959,0.01028757168415484,0.0,2.579364984754532e-06
2013-02-04,-0.009591412283361796,-0.008453109169955413,2.380952327733948e-06,-0.017440319729517872,2.380952327733948e-06,-0.014438310150331736,2.380952327733948e-06,-0.010850069564523807,-0.011240660907737565,0.0,2.380952327733948e-06
2013-02-05,0.007809388188500119,0.006195112667436723,2.182539670713364e-06,0.014741639765750936,2.182539670713364e-06,0.004907989329939373,2.182539670713364e-06,0.010154575854555759,0.010097832208793678,0.0,2.182539670713364e-06
2013-02-06,0.00021103446210094684,-0.0005166009345775445,2.7777777896040964e-06,-0.003261539914492073,2.7777777896040964e-06,0.000970366799222207,2.7777777896040964e-06,0.0009770170660610422,0.0007283271969922289,0.0,2.7777777896040964e-06
2013-02-07,-0.001816981665072995,-0.0011431517298985975,2.579364984754532e-06,0.0008928314569309759,2.579364984754532e-06,-0.006793827597639024,2.579364984754532e-06,-0.0024888389884612228,-0.0013231979901254798,0.0,2.579364984754532e-06
2013-02-08,0.004791425585063834,0.004367781182150496,2.579364984754532e-06,0.010252597110565365,2.579364984754532e-06,0.005674569388549526,2.579364984754532e-06,0.005352945206740678,0.005564182425768172,0.0,2.579364984754532e-06
2013-02-11,-0.000540103347028567,-0.00021007513022259215,2.579364984754532e-06,0.00029386681307874696,2.579364984754532e-06,-0.0015272881576926887,2.579364984754532e-06,-0.00040455116949350556,-0.00019775715345426992,0.0,2.579364984754532e-06
2013-02-12,-0.001126341528038401,7.940948643218591e-05,2.579364984754532e-06,-0.004117007886929147,2.579364984754532e-06,0.004035833022237941,2.579364984754532e-06,0.003788778952696553,0.001647604212521081,0.0,2.579364984754532e-06
2013-02-13,0.0011820651730493615,0.0016447258624412698,3.2936506682918186e-06,0.0035435964307310996,3.2936506682918186e-06,0.003853321296236389,3.2936506682918186e-06,0.0011566085134287751,0.0008546303001728539,0.0,3.2936506682918186e-06
2013-02-14,0.002096302859340693,1.0763515268396925e-05,3.3730159084948284e-06,-0.0002945187411107497,3.3730159084948284e-06,-0.0011240032759524121,3.3730159084948284e-06,0.0018286064827479631,0.0009204908465851869,0.0,3.3730159084948284e-06
2013-02-15,0.0001197699622531644,-0.0011288812833642956,3.7698412225359962e-06,-0.0029434156957243163,3.7698412225359962e-06,-0.0019524336235662298,3.7698412225359962e-06,-0.00012740049783840912,-0.0011819661934902026,0.0,3.7698412225359962e-06
2013-02-19,0.00544125757098953,0.004176410382232169,3.7698412225359962e-06,0.007232587840375615,3.7698412225359962e-06,0.0075614759021713765,3.7698412225359962e-06,0.006707185152920403,0.007494644308309262,0.0,3.7698412225359962e-06
2013-02-20,-0.009886162461396982,-0.007886750644633386,3.968254027385561e-06,-0.015386666895275458,3.968254027385561e-06,-0.012414378669105107,3.968254027385561e-06,-0.012445115134253448,-0.012462737194430806,0.0,3.968254027385561e-06
2013-02-21,-0.006406477556668957,-0.005761875300254303,4.5634921462762925e-06,-0.010716163486746533,4.5634921462762925e-06,-0.012818015911813824,4.5634921462762925e-06,-0.007056540480581713,-0.0060794817157995285,0.0,4.5634921462762925e-06
2013-02-22,0.005383943190997325,0.005556565708978346,4.761904655467896e-06,0.010080037455483692,4.761904655467896e-06,0.010270288574685925,4.761904655467896e-06,0.007615111705523425,0.009772723591188859,0.0,4.761904655467896e-06
2013-02-25,-0.00940692248602746,-0.00934256766138545,4.761904655467896e-06,-0.01236249548435675,4.761904655467896e-06,-0.019805781002957636,4.761904655467896e-06,-0.0185559371325901,-0.01902707394142178,0.0,4.761904655467896e-06
2013-02-26,0.001688686656665505,0.002930252008137625,4.5634921462762925e-06,0.0037701699358410057,4.5634921462762925e-06,0.005869900469757994,4.5634921462762925e-06,0.005923042026288017,0.00684582821516444,0.0,4.5634921462762925e-06
2013-02-27,0.006036412766552781,0.006722705102997608,4.365079341426728e-06,0.010216273015788646,4.365079341426728e-06,0.0113828209685487,4.365079341426728e-06,0.015149368202355684,0.01259810976995479,0.0,4.365079341426728e-06
2013-02-28,-0.0005804501804061129,-0.0008154925073838855,3.968254027385561e-06,-0.002081791591838078,3.968254027385561e-06,-0.0012514150694893735,3.968254027385561e-06,0.0003947904888175202,-0.001974681072554829,0.0,3.968254027385561e-06
2013-03-01,0.0020133712431877108,0.0018082487362829083,3.968254027385561e-06,0.00417315991750411,3.968254027385561e-06,0.001594802980961633,3.968254027385561e-06,0.002771235199574257,0.0032976680966174676,0.0,3.968254027385561e-06
2013-03-04,0.0028515692485280592,0.0019085416723830491,3.968254027385561e-06,0.004451710491093053,3.968254027385561e-06,-0.0008409184599923458,3.968254027385561e-06,0.005211097259963993,0.005324698800711181,0.0,3.968254027385561e-06
2013-03-05,0.006336938043480952,0.007085954163806417,3.3730159084948284e-06,0.014776107848457398,3.3730159084948284e-06,0.011230805306802871,3.3730159084948284e-06,0.010342397695766614,0.008959605412329541,0.0,3.3730159084948284e-06
2013-03-06,-0.00037800961608845836,-9.162744630571433e-05,3.3730159084948284e-06,-0.0024759123608348865,3.3730159084948284e-06,0.001503292524558757,3.3730159084948284e-06,0.0019867913884072386,0.00136108528277612,0.0,3.3730159084948284e-06
2013-03-07,0.002339307781947447,0.0014378484439893599,3.650793657889442e-06,0.0026274708229510058,3.650793657889442e-06,0.002796041119687676,3.650793657889442e-06,0.002244988223600891,0.0018118565333273828,0.0,3.650793657889442e-06
2013-03-08,0.0004939014610805215,0.0019111635483521504,3.5714287133443927e-06,0.0011645457155839978,3.5714287133443927e-06,0.004572846425991983,3.5714287133443927e-06,0.006131137284198285,0.004264342837409174,0.0,3.5714287133443927e-06
2013-03-11,0.0017537471744708743,0.001804743306100436,3.4523808530398775e-06,0.002908629794010853,3.4523808530398775e-06,0.0021689120081499107,3.4523808530398775e-06,0.00466437867217806,0.0037958555384025594,0.0,3.4523808530398775e-06
2013-03-12,-0.0021921750996906153,-0.0017771710778103173,3.4523808530398775e-06,-0.0036250105793967924,3.4523808530398775e-06,-0.003102512053788531,3.4523808530398775e-06,-0.0023840059630506893,-0.0022435073648667814,0.0,3.4523808530398775e-06
2013-03-13,-0.001011537917991346,0.0002933780547297904,3.650793657889442e-06,-0.0013092545656291366,3.650793657889442e-06,0.001212559894599674,3.650793657889442e-06,0.0033159802066815014,0.0014136424445354567,0.0,3.650793657889442e-06
2013-03-14,0.0022040255491521106,0.0028286452493189672,3.3730159084948284e-06,0.003350846752223413,3.3730159084948284e-06,0.008380250902459307,3.3730159084948284e-06,0.0033352342807111968,0.005323683568704496,0.0,3.3730159084948284e-06
2013-03-15,-0.002930040024674211,-0.0008306848413448711,3.5714287133443927e-06,-0.0027801838432456316,3.5714287133443927e-06,5.363599926644369e-05,3.5714287133443927e-06,-0.0004581836563886388,-0.0013203550548853693,0.0,3.5714287133443927e-06
2013-03-18,-0.0021063659699856394,-0.0028127189665935895,3.2936506682918186e-06,-0.0021892187707056587,3.2936506682918186e-06,-0.007343703594716514,3.2936506682918186e-06,-0.007510074206852929,-0.005518956673221331,0.0,3.2936506682918186e-06
2013-03-19,-0.0016386466422994436,-0.001450304976338517,2.8571427341491455e-06,-0.0019016726667553385,2.8571427341491455e-06,-0.003202824909778708,2.8571427341491455e-06,-0.0032116859414806076,-0.0023229740056455173,0.0,2.8571427341491455e-06
2013-03-20,0.0029554672207158334,0.004093883024756653,2.7777777896040964e-06,0.007034496882992292,2.7777777896040964e-06,0.007452304072730046,2.7777777896040964e-06,0.0069257777835528,0.006985768492828948,0.0,2.7777777896040964e-06
2013-03-21,-0.005758871409061505,-0.005699314768959594,2.5000000402094826e-06,-0.011351362411504917,2.5000000402094826e-06,-0.008799867888833097,2.5000000402094826e-06,-0.009016118246849864,-0.0085425954411531,0.0,2.5000000402094826e-06
2013-03-22,0.007067930373629553,0.004865791211079021,2.380952327733948e-06,0.00971530475646043,2.380952327733948e-06,0.0065960843288334434,2.380952327733948e-06,0.008443135438701566,0.008032866923496362,0.0,2.380952327733948e-06
2013-03-25,-0.0019385349853934862,-0.0024331187101789913,2.579364984754532e-06,-0.00364481543467321,2.579364984754532e-06,-0.005355931555022453,2.579364984754532e-06,-0.004060935319524478,-0.004176931732332245,0.0,2.579364984754532e-06
2013-03-26,0.005743119517021051,0.003536459748648251,2.3015872353599184e-06,0.005413942894703316,2.3015872353599184e-06,0.005835841757766042,2.3015872353599184e-06,0.007066695270999845,0.008002402911413853,0.0,2.3015872353599184e-06
2013-03-27,0.00037183463590467915,0.0001275701197406146,2.8571427341491455e-06,0.0013103282362001423,2.8571427341491455e-06,-0.0014266024969890043,2.8571427341491455e-06,0.00013049863850331245,0.0,0.0,2.8571427341491455e-06
2013-03-28,0.0018384700978248153,0.0018641434690061032,3.1746031036452638e-06,0.002470655891364748,3.1746031036452638e-06,0.0030385493574930735,3.1746031036452638e-06,0.005591871393588854,0.003073042762311795,0.0,3.1746031036452638e-06
2013-04-01,-0.0033532180915022197,-0.004091894120769796,2.579364984754532e-06,-0.006814543556966757,2.579364984754532e-06,-0.01026702587380357,2.579364984754532e-06,-0.005522377978425669,-0.003957397949800656,0.0,2.579364984754532e-06
2013-04-02,0.004279570781789723,0.0034556141096024396,2.579364984754532e-06,0.007883271385036528,2.579364984754532e-06,0.003121204653174929,2.579364984754532e-06,0.0064569230644355435,0.004934466204046251,0.0,2.579364984754532e-06
2013-04-03,-0.005877348011531135,-0.005521617238983867,2.6984128450590464e-06,-0.009125305976668163,2.6984128450590464e-06,-0.010244138224317837,2.6984128450590464e-06,-0.009441524155154424,-0.010138594397711365,0.0,2.6984128450590464e-06
2013-04-04,0.0025153641625915144,0.0020422532573716773,2.182539670713364e-06,0.0002924471172660592,2.182539670713364e-06,0.007167819641779704,2.182539670713364e-06,0.0058891108221033606,0.004057974989131852,0.0,2.182539670713364e-06
2013-04-05,-0.0031820467102195516,-0.0033634522316603574,2.579364984754532e-06,-0.008329629007053807,2.579364984754532e-06,-0.0036742726509265684,2.579364984754532e-06,-0.00393910675642864,-0.004491089336468024,0.0,2.579364984754532e-06
2013-04-08,0.004810365314482835,0.003485769155988375,2.380952327733948e-06,0.005305330876271164,2.380952327733948e-06,0.006322086627106167,2.380952327733948e-06,0.007028134649616491,0.0067671489118199535,0.0,2.380952327733948e-06
2013-04-09,0.0014957051885139986,0.0023129953237065884,2.182539670713364e-06,0.006743078270154301,2.182539670713364e-06,0.001365499972614481,2.182539670713364e-06,0.0016245217204620133,0.003456523504488773,0.0,2.182539670713364e-06
2013-04-10,0.009441969876417697,0.00944358559202204,2.5000000402094826e-06,0.01951027821492346,2.5000000402094826e-06,0.015073396375010853,2.5000000402094826e-06,0.013855148287106822,0.012249056710877282,0.0,2.5000000402094826e-06
2013-04-11,0.0013751519619444326,0.0013357462792251888,2.579364984754532e-06,-0.00042809732460469263,2.579364984754532e-06,0.00416107968873769,2.579364984754532e-06,0.005719907954943815,0.003277060906017093,0.0,2.579364984754532e-06
2013-04-12,-0.0011180279704309888,-0.0008796632838846481,2.5000000402094826e-06,-0.0007146127161254956,2.5000000402094826e-06,-0.0029894812003565807,2.5000000402094826e-06,-0.0006967914509724282,-0.0024496170628748315,0.0,2.5000000402094826e-06
2013-04-15,-0.014414546689503857,-0.013097710265022214,2.182539670713364e-06,-0.01973120240262094,2.182539670713364e-06,-0.026856951449031326,2.182539670713364e-06,-0.02399003856306292,-0.02317429888131961,0.0,2.182539670713364e-06
2013-04-16,0.00892886823399311,0.008264387128575582,2.182539670713364e-06,0.013273251041132195,2.182539670713364e-06,0.015420219473728661,2.182539670713364e-06,0.01525090882224811,0.014763216528205891,0.0,2.182539670713364e-06
2013-04-17,-0.010676697012424956,-0.00967640480414252,2.06349210606681e-06,-0.019577012024894924,2.06349210606681e-06,-0.017589948382818243,2.06349210606681e-06,-0.010484555141428459,-0.014611662150502358,0.0,2.06349210606681e-06
2013-04-18,-0.006631161835065371,-0.005552650302675928,1.9841270136927804e-06,-0.013801049465228088,1.9841270136927804e-06,-0.004954869294222027,1.9841270136927804e-06,-0.00890768300965153,-0.006253787767331986,0.0,1.9841270136927804e-06
2013-04-19,0.00938457077515205,0.006878566495819331,1.9841270136927804e-06,0.013696274708163703,1.9841270136927804e-06,0.009402648534308018,1.9841270136927804e-06,0.013914567558310664,0.008693319220289153,0.0,1.9841270136927804e-06
2013-04-22,0.0032620241413811304,0.0038294232908099297,1.7857143566721963e-06,0.01028068649865821,1.7857143566721963e-06,0.0038457694017664705,1.7857143566721963e-06,0.003489425020265502,0.0044381786225058395,0.0,1.7857143566721963e-06
2013-04-23,0.005965842908195365,0.006247326098510408,1.7857143566721963e-06,0.009594468354232832,1.7857143566721963e-06,0.013436471461507688,1.7857143566721963e-06,0.01059488308932749,0.010308928328365052,0.0,1.7857143566721963e-06
2013-04-24,-0.002700374346131677,2.7365013516710435e-06,1.7857143566721963e-06,-0.000431856164415545,1.7857143566721963e-06,0.00482442266628961,1.7857143566721963e-06,-0.006611214249546832,0.0006343761373450718,0.0,1.7857143566721963e-06
2013-04-25,0.0013360044890595507,0.002973085537994475,1.9047619213187506e-06,0.005329590926709704,1.9047619213187506e-06,0.005299604709839034,1.9047619213187506e-06,0.005411147948185924,0.004053510098642299,0.0,1.9047619213187506e-06
2013-04-26,-0.0013071587738554648,-0.0014635775174650571,1.9841270136927804e-06,-0.0031520869115506667,1.9841270136927804e-06,-0.0021002350141027986,1.9841270136927804e-06,-0.002286871859502909,-0.001766375903881734,0.0,1.9841270136927804e-06
2013-04-29,0.005523404322849868,0.0044903371585314315,1.7857143566721963e-06,0.009199142284590733,1.7857143566721963e-06,0.008893341229321578,1.7857143566721963e-06,0.0035359079552882977,0.006698390003876842,0.0,1.7857143566721963e-06
2013-04-30,0.002260529727690224,0.0023611453645173194,1.7857143566721963e-06,0.007264331257922807,1.7857143566721963e-06,0.0031145073330224684,1.7857143566721963e-06,-0.0010158901794205533,0.0023852681447917856,0.0,1.7857143566721963e-06
2013-05-01,-0.006064741812646026,-0.004474126159906583,1.7857143566721963e-06,-0.004666614055686136,1.7857143566721963e-06,-0.012990009455194499,1.7857143566721963e-06,-0.007020307969913403,-0.008766943838406038,0.0,1.7857143566721963e-06
2013-05-02,0.008844719355008962,0.005804522796788829,1.9841270136927804e-06,0.012643892082035535,1.9841270136927804e-06,0.0094243916896198,1.9841270136927804e-06,0.005327208889848223,0.00928700390096937,0.0,1.9841270136927804e-06
2013-05-03,0.004789678816398858,0.006300082011034543,1.9841270136927804e-06,0.01178463896827453,1.9841270136927804e-06,0.012933025703455224,1.9841270136927804e-06,0.0065272242214110265,0.01014134866702765,0.0,1.9841270136927804e-06
2013-05-06,0.0011040233420940215,0.0014983879360722118,1.7857143566721963e-06,0.0038822233159763186,1.7857143566721963e-06,0.0025662822812861177,1.7857143566721963e-06,-0.0004820793385078288,0.002540231220934386,0.0,1.7857143566721963e-06
2013-05-07,0.00014777252160587683,0.0015955497878052602,1.190476163866974e-06,-0.0005520718759687293,1.190476163866974e-06,0.00494932075117016,1.190476163866974e-06,0.006106423991886933,0.0050685378690662475,0.0,1.190476163866974e-06
2013-05-08,0.0033988986976586154,0.0027820605587275623,1.3888888948020482e-06,0.0048360938633182915,1.3888888948020482e-06,0.006003911582583917,1.3888888948020482e-06,0.003306515528909537,0.0045512988497151685,0.0,1.3888888948020482e-06
2013-05-09,-0.0021141652646340086,-0.0016297025876217165,1.3888888948020482e-06,-0.0013745888098627423,1.3888888948020482e-06,-0.00529551282153388,1.3888888948020482e-06,-0.002809082518457212,-0.002816954652947179,0.0,1.3888888948020482e-06
2013-05-10,0.003238740331145381,0.0029293444733765003,1.3888888948020482e-06,0.00605991904696368,1.3888888948020482e-06,0.0039895799603935815,1.3888888948020482e-06,0.005713605324764115,0.0032548772827909467,0.0,1.3888888948020482e-06
2013-05-13,-0.0008194134318297234,0.0005391406784774575,1.3888888948020482e-06,0.0012316040876332313,1.3888888948020482e-06,-0.00013544385019907213,1.3888888948020482e-06,0.0019148408744427137,0.00079494343685238,0.0,1.3888888948020482e-06
2013-05-14,0.004651636431200444,0.004570385226813656,1.3888888948020482e-06,0.005195521725419372,1.3888888948020482e-06,0.008354729640157968,1.3888888948020482e-06,0.012427829419277003,0.010334146914888098,0.0,1.3888888948020482e-06
2013-05-15,0.004210597386931769,0.0021009741422236996,1.5873015518226319e-06,0.0020403246022584476,1.5873015518226319e-06,0.003909285267099808,1.5873015518226319e-06,0.006000100316031265,0.00538632395982197,0.0,1.5873015518226319e-06
2013-05-16,-0.0020596759663469247,-0.002164925517863792,1.4682539871760777e-06,-0.0010861501799532824,1.4682539871760777e-06,-0.004687009908035056,1.4682539871760777e-06,-0.008386563219944687,-0.004695431296287689,0.0,1.4682539871760777e-06
2013-05-17,0.007223707578635887,0.005620901381026366,9.920635068463902e-07,0.009648313027260436,9.920635068463902e-07,0.009258177056001255,9.920635068463902e-07,0.010939478549633008,0.009677683869440568,0.0,9.920635068463902e-07
2013-05-20,-0.0009919520068216894,-0.00014229059724672313,1.190476163866974e-06,-0.0014809509048834268,1.190476163866974e-06,0.002368743500330524,1.190476163866974e-06,-0.0012322826799475717,-6.0307104452594906e-05,0.0,1.190476163866974e-06
2013-05-21,0.0012044925312455301,0.0010437492815485348,1.3888888948020482e-06,0.001078422939100987,1.3888888948020482e-06,0.0012299344829053518,1.3888888948020482e-06,0.004813922268929793,0.0014374634473826031,0.0,1.3888888948020482e-06
2013-05-22,-0.006351710543050465,-0.005069216724456709,1.5873015518226319e-06,-0.008751628654872445,1.5873015518226319e-06,-0.010701365399477894,1.5873015518226319e-06,-0.007203127440906509,-0.0074174383964080715,0.0,1.5873015518226319e-06
2013-05-23,-0.0016508784150209897,-0.0018748159436607229,1.3888888948020482e-06,-0.0023091884334566215,1.3888888948020482e-06,-0.005325298786688563,1.3888888948020482e-06,-0.0028221306730737417,-0.002892831185022926,0.0,1.3888888948020482e-06
2013-05-24,-0.0012577559223239314,-0.000892149022299637,1.5873015518226319e-06,-0.0005438317610972909,1.5873015518226319e-06,-0.003253863000650114,1.5873015518226319e-06,-0.0020516938879555913,-0.0008461082151544064,0.0,1.5873015518226319e-06
2013-05-28,0.005089656529303905,0.004044026959373808,1.4682539871760777e-06,0.006537889009793352,1.4682539871760777e-06,0.007189217721665771,1.4682539871760777e-06,0.008815268540171561,0.005988906828168217,0.0,1.4682539871760777e-06
2013-05-29,-0.003906177089949558,-0.003588603037907253,1.3888888948020482e-06,-0.004736418659095576,1.3888888948020482e-06,-0.007503163534247514,1.3888888948020482e-06,-0.007924113088191187,-0.0064941856409056475,0.0,1.3888888948020482e-06
2013-05-30,0.0023357270296467565,0.003017810626928636,1.5873015518226319e-06,0.005303051983465368,1.5873015518226319e-06,0.005237842073719948,1.5873015518226319e-06,0.0062897579860730635,0.0036917286452353704,0.0,1.5873015518226319e-06
2013-05-31,-0.007310348896067816,-0.0065828182557005205,9.920635068463902e-07,-0.009197790529500538,9.920635068463902e-07,-0.011524022692293318,9.920635068463902e-07,-0.014786869949338172,-0.014352035269163954,0.0,9.920635068463902e-07
2013-06-03,0.001673549406217843,0.0020887195123693624,1.190476163866974e-06,0.0017744886116914937,1.190476163866974e-06,0.005596590866773591,1.190476163866974e-06,0.003922549535391895,0.005506224948506722,0.0,1.190476163866974e-06
2013-06-04,-0.004024008897707884,-0.0032932647367115136,1.190476163866974e-06,-0.005178412972077218,1.190476163866974e-06,-0.006873423632827576,1.190476163866974e-06,-0.006075168319082724,-0.004806906954840762,0.0,1.190476163866974e-06
2013-06-05,-0.007500273569669159,-0.007932119664610484,1.5873015518226319e-06,-0.013014063260687103,1.5873015518226319e-06,-0.013270507516525512,1.5873015518226319e-06,-0.016384952843355005,-0.014000644141716312,0.0,1.5873015518226319e-06
2013-06-06,0.004332771530461352,0.004251814288243494,1.7857143566721963e-06,0.0048579689482135535,1.7857143566721963e-06,0.00816279713093267,1.7857143566721963e-06,0.011333614162075456,0.009052809442356535,0.0,1.7857143566721963e-06
2013-06-07,0.007938758390453507,0.007667647093818619,1.7857143566721963e-06,0.013674341379781962,1.7857143566721963e-06,0.011363737159401827,1.7857143566721963e-06,0.01589864340326147,0.012720753032943843,0.0,1.7857143566721963e-06
2013-06-10,0.00042075144372863177,0.0003283006517067397,1.5873015518226319e-06,0.0004089037455443645,1.5873015518226319e-06,0.0021730360547941676,1.5873015518226319e-06,-0.0010039656590281887,0.0,0.0,1.5873015518226319e-06
2013-06-11,-0.006104894525122551,-0.005805278429052731,1.5873015518226319e-06,-0.009943022905497534,1.5873015518226319e-06,-0.010362874346930728,1.5873015518226319e-06,-0.009919431588507499,-0.010315523530564419,0.0,1.5873015518226319e-06
2013-06-12,-0.005214895055946435,-0.005967200191537334,1.7857143566721963e-06,-0.01155604557854606,1.7857143566721963e-06,-0.009919526195219889,1.7857143566721963e-06,-0.009700519158986204,-0.008277177451801787,0.0,1.7857143566721963e-06
2013-06-13,0.006632691023914372,0.008125665024558993,1.5873015518226319e-06,0.0126653521545661,1.5873015518226319e-06,0.015182300484747483,1.5873015518226319e-06,0.015408070200351232,0.01520878693554506,0.0,1.5873015518226319e-06
2013-06-14,-0.0038413660219388888,-0.0036587267081454092,1.7063492642981665e-06,-0.006597001592864249,1.7063492642981665e-06,-0.006862797237329964,1.7063492642981665e-06,-0.00510146695552785,-0.006272861230506188,0.0,1.7063492642981665e-06
2013-06-17,0.005250058082873568,0.004856957730881373,1.5873015518226319e-06,0.009684781327360614,1.5873015518226319e-06,0.007985471341960777,1.5873015518226319e-06,0.006583137337436984,0.007721494546654162,0.0,1.5873015518226319e-06
2013-06-18,0.004918084785039206,0.00476745002308629,1.5873015518226319e-06,0.008221216286078192,1.5873015518226319e-06,0.009307450806528134,1.5873015518226319e-06,0.007225492297697034,0.00790617637084634,0.0,1.5873015518226319e-06
2013-06-19,-0.006832497562842051,-0.007201439202178693,1.7857143566721963e-06,-0.01114436889646686,1.7857143566721963e-06,-0.012407340507360734,1.7857143566721963e-06,-0.015185378251046905,-0.013817179120254597,0.0,1.7857143566721963e-06
2013-06-20,-0.013888738116191325,-0.014139181053255104,1.5873015518226319e-06,-0.023776971365682575,1.5873015518226319e-06,-0.02500228149034907,1.5873015518226319e-06,-0.02586756541535415,-0.024778070930013718,0.0,1.5873015518226319e-06
2013-06-21,-0.00026473273671492317,0.00121466895748445,1.5873015518226319e-06,-0.0053101530902008864,1.5873015518226319e-06,0.000275121891008275,1.5873015518226319e-06,0.0064734051823232,0.003209720786172321,0.032247069923676874,1.5873015518226319e-06
2013-06-24,-0.005742159058454738,-0.006251663641260107,1.5873015518226319e-06,-0.009939004664420104,1.5873015518226319e-06,-0.011901319305470818,1.5873015518226319e-06,-0.009845593513899298,-0.012635614679318286,-0.001,1.5873015518226319e-06
2013-06-25,0.004464114328228452,0.005977816469355896,1.5873015518226319e-06,0.007313986664170491,1.5873015518226319e-06,0.008845501778426874,1.5873015518226319e-06,0.008566618814460358,0.009614247150868671,0.024884964915674268,1.5873015518226319e-06
2013-06-26,0.005979547494144,0.005297532577171005,2.3015872353599184e-06,0.008969113353901603,2.3015872353599184e-06,0.007858870953554531,2.3015872353599184e-06,0.011830893521837915,0.0099011497016952,-0.001,2.3015872353599184e-06
2013-06-27,0.003737152482692909,0.0035207405115129085,2.182539670713364e-06,0.0042329484321317334,2.182539670713364e-06,0.008537293368268509,2.182539670713364e-06,0.007409930312255342,0.005869427221615764,0.0,2.182539670713364e-06
2013-06-28,-0.00044629303254148156,-0.0007905790252711049,1.7857143566721963e-06,0.0014055724158605898,1.7857143566721963e-06,-0.0028105639160269274,1.7857143566721963e-06,-0.004136866924186883,-0.004097082754392578,0.0,1.7857143566721963e-06
2013-07-01,0.002142565392071893,0.0039003819407384664,1.190476163866974e-06,0.00617345451503204,1.190476163866974e-06,0.009440741614958299,1.190476163866974e-06,0.0050102788320991465,0.00585989709031387,0.0,1.190476163866974e-06
2013-07-02,0.0003614606610486357,2.2312565668304704e-05,3.9682538795565797e-07,0.0004183482422208673,3.9682538795565797e-07,-0.00040826649701926804,3.9682538795565797e-07,0.00048561197027255365,-0.0009296624748315052,0.0,3.9682538795565797e-07
2013-07-03,0.00197480075739952,0.0013200519873266016,1.3888888948020482e-06,0.004042262971097665,1.3888888948020482e-06,0.002171805658929123,1.3888888948020482e-06,-0.0004927901706121285,0.0004339069851095889,0.0,1.3888888948020482e-06
2013-07-05,0.004979915116740155,0.00547194162407596,1.3888888948020482e-06,0.007636313424329799,1.3888888948020482e-06,0.010856140428340266,1.3888888948020482e-06,0.011248397386625142,0.010788681015855284,0.0,1.3888888948020482e-06
2013-07-08,0.002064326355594645,0.002016142268258004,1.3888888948020482e-06,0.000963937480398247,1.3888888948020482e-06,0.003560748313376161,1.3888888948020482e-06,0.008127012460757421,0.0057052402158062065,0.0,1.3888888948020482e-06
2013-07-09,0.0028029820302112626,0.0037508302463763192,1.3888888948020482e-06,0.006056424131839044,1.3888888948020482e-06,0.0075157369151509865,1.3888888948020482e-06,0.005691153644768965,0.007197292303682712,0.0,1.3888888948020482e-06
2013-07-10,0.0021829471378991844,0.0019802007545323998,1.3888888948020482e-06,0.005746292939152964,1.3888888948020482e-06,0.0029605974021506367,1.3888888948020482e-06,0.0007185591236837652,0.000363074775498351,0.0,1.3888888948020482e-06
2013-07-11,0.009756403523608041,0.009558400303655271,1.190476163866974e-06,0.019861004167933904,1.190476163866974e-06,0.01507690147346204,1.190476163866974e-06,0.013097181152125215,0.013620120275822822,0.0,1.190476163866974e-06
2013-07-12,0.001787377321263669,0.0019241790531003156,1.190476163866974e-06,0.004402405563766809,1.190476163866974e-06,0.0022901969061083585,1.190476163866974e-06,0.0044826065899609135,0.000418674166573485,0.0,1.190476163866974e-06
2013-07-15,0.0010794567725027847,0.0017025529449916632,1.190476163866974e-06,0.0022576543676109395,1.190476163866974e-06,0.004947736762183593,1.190476163866974e-06,0.0010904826389872557,0.0038205822681254276,0.0,1.190476163866974e-06
2013-07-16,-0.0010517152070034432,-0.0015844444469280514,7.936507759113159e-07,-0.0013253185474482176,7.936507759113159e-07,-0.003364181603257502,7.936507759113159e-07,-0.004677337594232445,-0.0037468232887506447,0.0,7.936507759113159e-07
2013-07-17,7.902000075893785e-05,0.0015087427997967759,1.3888888948020482e-06,0.0025211764964414574,1.3888888948020482e-06,0.0029897909299534398,1.3888888948020482e-06,0.0023701349170879293,0.002566868741250561,0.0,1.3888888948020482e-06
2013-07-18,-0.0004388046984395526,0.0008923558464550777,9.920635068463902e-07,-0.0025148361506459604,9.920635068463902e-07,0.00321069938131561,9.920635068463902e-07,0.006282855641954965,0.005478026561120064,0.0,9.920635068463902e-07
2013-07-19,-0.007290864704222743,-0.0023394509665530566,8.730158682853457e-07,-0.010348859289344259,8.730158682853457e-07,-0.002345307198086159,8.730158682853457e-07,0.004660453494588379,0.0017764114117320151,0.0,8.730158682853457e-07
2013-07-22,0.002352753118079391,0.0014562818442804104,7.936507759113159e-07,0.002949508204636242,7.936507759113159e-07,0.002336552651901691,7.936507759113159e-07,0.0022184114204781558,0.0019509708904814627,0.0,7.936507759113159e-07
2013-07-23,-0.0027130749866859168,-0.0027706376886970437,1.9841269397782899e-07,-0.007352426086023489,1.9841269397782899e-07,-0.003382216056620923,1.9841269397782899e-07,-0.002659484015847202,-0.002124197883184742,0.0,1.9841269397782899e-07
2013-07-24,0.0004653237354012159,-0.0003708236102335586,7.936507759113159e-07,0.0032319765863844108,7.936507759113159e-07,-0.0029205118516871797,7.936507759113159e-07,-0.004660895680237365,-0.003665457967400254,0.0,7.936507759113159e-07
2013-07-25,0.002186973902912642,0.002969948417143667,7.936507759113159e-07,0.0063085979986328145,7.936507759113159e-07,0.005970465848639028,7.936507759113159e-07,0.0031455491393859725,0.002432215863317877,0.0,7.936507759113159e-07
2013-07-26,0.0004705517436363201,0.0017215034554867693,5.95238081933487e-07,0.005335840620637411,5.95238081933487e-07,0.0007948115456158553,5.95238081933487e-07,0.0018816373562995092,0.0010661917397127851,0.0,5.95238081933487e-07
2013-07-29,-0.0006965453083685189,-0.0017313887738979411,5.95238081933487e-07,-0.001857637822605951,5.95238081933487e-07,-0.003981166509143486,5.95238081933487e-07,-0.0043938696050274395,-0.0030748111166508663,0.0,5.95238081933487e-07
2013-07-30,0.0032995818379368855,0.0015441145126301379,7.936507759113159e-07,0.005316946724742477,7.936507759113159e-07,0.0020625391832806983,7.936507759113159e-07,-0.0009476098254975751,0.0,0.0,7.936507759113159e-07
2013-07-31,-0.002297180390324464,0.0008789082390272001,1.190476163866974e-06,0.0018513643606352659,1.190476163866974e-06,0.0014341014846028788,1.190476163866974e-06,0.0014717908041834427,0.0007118125467513448,0.0,1.190476163866974e-06
2013-08-01,0.006923366449790512,0.006497070088646716,1.190476163866974e-06,0.01016228606428915,1.190476163866974e-06,0.01177424879109501,1.190476163866974e-06,0.013230932014064778,0.011558415303339231,0.0,1.190476163866974e-06
2013-08-02,0.0023275181068003487,0.0021661496333359826,1.3888888948020482e-06,0.0056181159298061,1.3888888948020482e-06,0.0027247401963155227,1.3888888948020482e-06,0.0022502597342607122,0.0016990967882699604,0.0,1.3888888948020482e-06
2013-08-05,0.00022543122674807057,-4.974385205544328e-05,1.190476163866974e-06,0.0006497454041933803,1.190476163866974e-06,0.000870157240772625,1.190476163866974e-06,-0.00233424233777077,-0.0014622194692781587,0.0,1.190476163866974e-06
2013-08-06,-0.0022069103032016637,-0.0036382695394788465,1.3888888948020482e-06,-0.00597271760525786,1.3888888948020482e-06,-0.0072337526953223374,1.3888888948020482e-06,-0.006342618283143503,-0.005682890592566547,0.0,1.3888888948020482e-06
2013-08-07,-0.0030083117374124857,-0.001847220063654472,1.5873015518226319e-06,-0.0018286529041943167,1.5873015518226319e-06,-0.004050891609250798,1.5873015518226319e-06,-0.005399115379396191,-0.0032403657504399552,0.0,1.5873015518226319e-06
2013-08-08,0.0010047196620587894,0.0025185199736746603,1.5873015518226319e-06,0.004972738354894091,1.5873015518226319e-06,0.0042610149196179075,1.5873015518226319e-06,0.003607975574915545,0.0036649295535007287,0.0,1.5873015518226319e-06
2013-08-09,-0.0023242719338383996,-0.0019592330163453967,1.7857143566721963e-06,-0.004036718879689927,1.7857143566721963e-06,-0.002659550472794906,1.7857143566721963e-06,-0.0033525559574631436,-0.0028859398256437796,0.0,1.7857143566721963e-06
2013-08-12,0.00015954101741917908,0.000516783978120031,1.9047619213187506e-06,0.0023533404097519917,1.9047619213187506e-06,0.0021528816877803836,1.9047619213187506e-06,-0.0030651266857749104,-0.0011811967537594947,0.0,1.9047619213187506e-06
2013-08-13,0.0012851194573540873,0.002262156051547232,1.9047619213187506e-06,0.005608478855483101,1.9047619213187506e-06,0.002408791662734814,1.9047619213187506e-06,0.002763622351076134,0.002956484073789234,0.0,1.9047619213187506e-06
2013-08-14,-0.0033751223703301766,-0.0027094378241310554,2.06349210606681e-06,-0.0037616846213132105,2.06349210606681e-06,-0.004272004361307738,2.06349210606681e-06,-0.007442145986878285,-0.005128960678043137,0.0,2.06349210606681e-06
2013-08-15,-0.008754939929221604,-0.009260545287487452,1.9841270136927804e-06,-0.01692448555097381,1.9841270136927804e-06,-0.01648699704517246,1.9841270136927804e-06,-0.015080546170700954,-0.013986194229033133,0.0,1.9841270136927804e-06
2013-08-16,-0.00034623251120579685,-0.0009648153268173121,1.7857143566721963e-06,-0.00039763247263624457,1.7857143566721963e-06,-0.002638178905891131,1.7857143566721963e-06,-0.002223314932595283,-0.0033057231557462874,0.0,1.7857143566721963e-06
2013-08-19,-0.0013918751726129336,-0.0023417827598954883,1.5873015518226319e-06,-0.001722146552601056,1.5873015518226319e-06,-0.006081396766193421,1.5873015518226319e-06,-0.005201322633852312,-0.006392269552470964,0.0,1.5873015518226319e-06
2013-08-20,0.0024333893852853455,0.0032600453976215746,1.5873015518226319e-06,0.004379525840690457,1.5873015518226319e-06,0.007900713193747484,1.5873015518226319e-06,0.006108249751671235,0.004916214802871632,0.0,1.5873015518226319e-06
2013-08-21,-0.0024191452095527416,-0.002817115290441017,1.7857143566721963e-06,-0.0034354148737639756,1.7857143566721963e-06,-0.005222760238145977,1.7857143566721963e-06,-0.007133853940016338,-0.006160566659232147,0.0,1.7857143566721963e-06
2013-08-22,0.0042829641242471,0.005833309765624763,1.3095238024280185e-06,0.009811789418394445,1.3095238024280185e-06,0.011006180895503906,1.3095238024280185e-06,0.010453383542079808,0.009115617696757283,0.0,1.3095238024280185e-06
2013-08-23,0.004237594814707409,0.002657174850649716,7.936507759113159e-07,0.006696372311341348,7.936507759113159e-07,0.004198227379031897,7.936507759113159e-07,0.0010019413201534655,0.0033719412992276876,0.0,7.936507759113159e-07
2013-08-26,-0.0009767409831124207,-0.0005368899608113444,8.730158682853457e-07,0.0005221182958536907,8.730158682853457e-07,-0.0010339952261790482,8.730158682853457e-07,-0.002335368094570578,-0.0037208956206405963,0.0,8.730158682853457e-07
2013-08-27,-0.01202248405482489,-0.011243328446177083,5.158730265167025e-07,-0.020467141151823243,5.158730265167025e-07,-0.02000180117971754,5.158730265167025e-07,-0.01920128322594264,-0.016084164232039955,0.0,5.158730265167025e-07
2013-08-28,0.001869697336182168,0.0020046102832263794,1.3095238024280185e-06,0.003859694100167399,1.3095238024280185e-06,0.0031319291128466538,1.3095238024280185e-06,0.0030316055748835224,0.003550816513778532,0.0,1.3095238024280185e-06
2013-08-29,0.003932880438345773,0.003141895218227746,1.190476163866974e-06,0.007026359743448118,1.190476163866974e-06,0.00620562359369033,1.190476163866974e-06,0.003350808228531732,0.00158658687607649,0.0,1.190476163866974e-06
2013-08-30,-0.003251726175798431,-0.0036180909397567126,7.936507759113159e-07,-0.006450671467388314,7.936507759113159e-07,-0.00840381582439013,7.936507759113159e-07,-0.005075237385641168,-0.0031677986291889226,0.0,7.936507759113159e-07
2013-09-03,0.002480391698893275,0.0033183865737350686,7.936507759113159e-07,0.005697429190388625,7.936507759113159e-07,0.005664500156891646,7.936507759113159e-07,0.007049582854460834,0.004521840408745481,0.0,7.936507759113159e-07
2013-09-04,0.004283846676269286,0.00567167749336,5.95238081933487e-07,0.010672294815317951,5.95238081933487e-07,0.009250682963928428,5.95238081933487e-07,0.009953262906006954,0.008273088026185649,0.0,5.95238081933487e-07
2013-09-05,0.0014017674702417652,0.0009136181680006845,5.95238081933487e-07,0.0016945318462702197,5.95238081933487e-07,0.0015104565038766744,5.95238081933487e-07,0.0016817335511108422,0.0012673323115188762,0.0,5.95238081933487e-07
2013-09-06,0.0033652547329715496,0.0005177565275099267,5.95238081933487e-07,0.0011710338358477124,5.95238081933487e-07,0.0014647704122191887,5.95238081933487e-07,-0.00031005233907771546,0.00048125717661684497,0.0,5.95238081933487e-07
2013-09-09,0.0060145257931169685,0.006442474222182675,5.95238081933487e-07,0.011699180583708113,5.95238081933487e-07,0.012138060084811848,5.95238081933487e-07,0.009785295620205858,0.009576627321822073,0.0,5.95238081933487e-07
2013-09-10,0.004399832135073588,0.0039421096538313945,3.9682538795565797e-07,0.004882103145778638,3.9682538795565797e-07,0.0073641838038776735,3.9682538795565797e-07,0.01062038945961341,0.007397178434568774,0.0,3.9682538795565797e-07
2013-09-11,0.0010230875374638672,0.0003201566951416484,5.95238081933487e-07,-0.0019174630755864897,5.95238081933487e-07,0.0005657210991133106,5.95238081933487e-07,0.004791098899588675,0.003138146091143712,0.0,5.95238081933487e-07
2013-09-12,-0.0009005437823095483,-0.0012754898502618853,5.95238081933487e-07,-0.0006407812373508959,5.95238081933487e-07,-0.0035434726637180907,5.95238081933487e-07,-0.003847291038191286,-0.0026565065323193027,0.0,5.95238081933487e-07
2013-09-13,2.4313673074755052e-05,0.0010216040530921803,3.9682538795565797e-07,0.0006411921012188238,3.9682538795565797e-07,0.0027863407009187657,3.9682538795565797e-07,0.00274517915474215,0.0022494405189914524,0.0,3.9682538795565797e-07
2013-09-16,-0.0011494978209305087,0.0009597274958480023,3.9682538795565797e-07,-0.0026905412898581282,3.9682538795565797e-07,0.001764024484640636,3.9682538795565797e-07,0.009335459947011682,0.005787789102189134,0.0,3.9682538795565797e-07
2013-09-17,0.005303019033154924,0.003445060064708276,1.1904762008242191e-07,0.0066793102962954265,1.1904762008242191e-07,0.007014010709911625,1.1904762008242191e-07,0.003884295097546675,0.0044621691188864165,0.0,1.1904762008242191e-07
2013-09-18,0.0073467217690814995,0.007151622710572528,1.9841269397782899e-07,0.011994142738188662,1.9841269397782899e-07,0.015396252397851768,1.9841269397782899e-07,0.009754989267231784,0.011574476739985018,0.0,1.9841269397782899e-07
2013-09-19,0.001369929757848169,0.00020110707227842037,1.9841269397782899e-07,0.0023961432952379624,1.9841269397782899e-07,-0.001132398500934199,1.9841269397782899e-07,-0.0010241155370364352,-0.001676292090837861,0.0,1.9841269397782899e-07
2013-09-20,-0.0019373357030514496,-0.0027349865739394125,1.9841269397782899e-07,-0.0034316682940025434,1.9841269397782899e-07,-0.004778785672410338,1.9841269397782899e-07,-0.006359720668723978,-0.006991254224404941,0.0,1.9841269397782899e-07
2013-09-23,-0.0020132094990147173,-0.0018307725723822243,1.9841269397782899e-07,-0.0020257813264686897,1.9841269397782899e-07,-0.0007478082526879795,1.9841269397782899e-07,-0.008651865225312583,-0.004627119526081858,0.0,1.9841269397782899e-07
2013-09-24,0.0012714220825550391,-0.00010461370058965562,1.9841269397782899e-07,0.0,1.9841269397782899e-07,0.0005878840399452523,1.9841269397782899e-07,-0.00016262477386486118,-0.0023546441776066684,0.0,1.9841269397782899e-07
2013-09-25,-0.0007692048680132545,-0.0013449935131152506,5.95238081933487e-07,-0.0034249080687942524,5.95238081933487e-07,-0.0014028927111553085,5.95238081933487e-07,-0.0006179631269832286,-0.002889729718955958,0.0,5.95238081933487e-07
2013-09-26,0.003695471395043522,0.0036189721252841136,5.95238081933487e-07,0.007764487175299761,5.95238081933487e-07,0.0058367728514971216,5.95238081933487e-07,0.005137567049538605,0.003845123285388219,0.0,5.95238081933487e-07
2013-09-27,-0.0017649110548627054,-0.0016673940598878932,1.1904762008242191e-07,-0.0012630211620222598,1.1904762008242191e-07,-0.0031043335748455188,1.1904762008242191e-07,-0.005412834884426704,-0.004596585802524755,0.0,1.1904762008242191e-07
2013-09-30,-0.0019028728429425156,-0.001966848047270888,1.9841269397782899e-07,-0.0024029677406641747,1.9841269397782899e-07,-0.0030931400242567575,1.9841269397782899e-07,-0.005025844907991739,-0.005328201357235995,0.0,1.9841269397782899e-07
2013-10-01,0.007003477477347186,0.005125618324477236,1.9841269397782899e-07,0.010142282678675674,1.9841269397782899e-07,0.009034110767243142,1.9841269397782899e-07,0.006411561471652505,0.007916138779080706,0.0,1.9841269397782899e-07
2013-10-02,-0.00038030639267687513,-0.0004765074967168804,5.158730265167025e-07,-0.00037665103664052957,5.158730265167025e-07,-0.001589375380351421,5.158730265167025e-07,-0.0007323913191005782,-0.0009448927643679328,0.0,5.158730265167025e-07
2013-10-03,-0.006623261331308936,-0.005990355513070332,3.9682538795565797e-07,-0.011675903622655914,3.9682538795565797e-07,-0.009489124193845067,3.9682538795565797e-07,-0.00956539930422981,-0.009221333548769306,0.0,3.9682538795565797e-07
2013-10-04,0.004886599707793818,0.0045775514472586295,7.936507759113159e-07,0.008637916426595948,7.936507759113159e-07,0.00589048157511618,7.936507759113159e-07,0.009659649875344956,0.0075770290707406485,0.0,7.936507759113159e-07
2013-10-07,-0.005248448113578658,-0.005279699603589006,7.142856835372864e-07,-0.00831255993250124,7.142856835372864e-07,-0.010109901797650478,7.142856835372864e-07,-0.010369698795929333,-0.008644488187604549,0.0,7.142856835372864e-07
2013-10-08,-0.011307222648261832,-0.009204946412197948,7.142856835372864e-07,-0.019303990338809585,7.142856835372864e-07,-0.014408345902844158,7.142856835372864e-07,-0.01344397598315325,-0.01164708648801005,0.0,7.142856835372864e-07
2013-10-09,6.948185282428182e-06,0.0006553222002925541,1.7857143566721963e-06,-0.003107775854997552,1.7857143566721963e-06,-0.0009459760288077861,1.7857143566721963e-06,-0.001770703702343418,0.0007252289627677211,0.03392520818447908,1.7857143566721963e-06
2013-10-10,0.013451564229543914,0.012243985294665766,1.4682539871760777e-06,0.021174533444674237,1.4682539871760777e-06,0.02108067208892835,1.4682539871760777e-06,0.022209127653098237,0.021558148964030632,-0.001,1.4682539871760777e-06
2013-10-11,0.004013826314675418,0.004408042461017048,1.5873015518226319e-06,0.007886663694889773,1.5873015518226319e-06,0.00923313384488389,1.5873015518226319e-06,0.0056766265391185455,0.00644303911527766,0.0,1.5873015518226319e-06
2013-10-14,0.004691656062907811,0.0032484779990235506,2.5000000402094826e-06,0.007068438901392415,2.5000000402094826e-06,0.005165834873288366,2.5000000402094826e-06,0.004061505255023079,0.003993733562224211,0.0,2.5000000402094826e-06
2013-10-15,-0.0030827223126021594,-0.003392444054500377,2.3015872353599184e-06,-0.003885173679691545,2.3015872353599184e-06,-0.007644469678886952,2.3015872353599184e-06,-0.007312059688493966,-0.007253629729953914,0.0,2.3015872353599184e-06
2013-10-16,0.007741622724657362,0.007097324541068958,3.650793657889442e-06,0.01132316949018719,3.650793657889442e-06,0.012566760858348697,3.650793657889442e-06,0.013328714407056796,0.013966134548338172,0.0,3.650793657889442e-06
2013-10-17,0.002302489554880477,0.0036372413780034673,3.650793657889442e-06,0.005722986066643454,3.650793657889442e-06,0.007054252766007721,3.650793657889442e-06,0.00645957121002666,0.006682844233332874,0.0,3.650793657889442e-06
2013-10-18,0.009231745137002296,0.007022851112029316,1.4682539871760777e-06,0.016204843383035294,1.4682539871760777e-06,0.011460466276063785,1.4682539871760777e-06,0.0074547011410023845,0.0067549737095313755,0.0,1.4682539871760777e-06
2013-10-21,0.0020252434395918516,0.0005328971190456467,9.920635068463902e-07,0.0021914427659659452,9.920635068463902e-07,8.695065651091272e-05,9.920635068463902e-07,-0.0003258206065675784,5.671292126074867e-05,0.0,9.920635068463902e-07
2013-10-22,0.003249382420682594,0.0018153985530131693,9.920635068463902e-07,0.0014572872281446436,9.920635068463902e-07,0.0032912383421057623,9.920635068463902e-07,0.005227086970629735,0.005791465026112608,0.0,9.920635068463902e-07
2013-10-23,-0.0039681334843987065,-0.0031510540306647827,1.3095238024280185e-06,-0.0060640844374612035,1.3095238024280185e-06,-0.004731144941128213,1.3095238024280185e-06,-0.005666444184826869,-0.004788564758444691,0.0,1.3095238024280185e-06
2013-10-24,0.004057191054867757,0.0025121160657162233,1.190476163866974e-06,0.004392960846517191,1.190476163866974e-06,0.004353309511866484,1.190476163866974e-06,0.005113461181924628,0.0033219520581497797,0.0,1.190476163866974e-06
2013-10-25,0.004605686578070907,0.0031893651599359404,1.190476163866974e-06,0.007167525462426605,1.190476163866974e-06,0.004212060235946335,1.190476163866974e-06,0.004227067781529981,0.004567747680414458,0.0,1.190476163866974e-06
2013-10-28,-0.0015523928247596864,0.00012700231903177317,1.190476163866974e-06,0.00024148373983945426,1.190476163866974e-06,0.00046094543021376244,1.190476163866974e-06,-0.001222737200350349,0.0015916851309549784,0.0,1.190476163866974e-06
2013-10-29,0.002288354128357529,0.001752218850286183,7.936507759113159e-07,0.0016878334344208046,7.936507759113159e-07,0.0033014399671890495,7.936507759113159e-07,0.004347400692444825,0.005333953211412945,0.0,7.936507759113159e-07
2013-10-30,-0.0023480579514194846,-0.002115415915396856,1.5873015518226319e-06,-0.0009626472084556248,1.5873015518226319e-06,-0.006526905557464786,1.5873015518226319e-06,-0.005237037596476646,-0.00496707190693213,0.0,1.5873015518226319e-06
2013-10-31,-0.0006162754710768328,-0.0014030402224528328,1.3888888948020482e-06,-0.0022897402654658006,1.3888888948020482e-06,-0.0036512116588676884,1.3888888948020482e-06,-0.0007061905692152537,-0.0028367431896735296,0.0,1.3888888948020482e-06
2013-11-01,-0.0008287908071096923,0.0005041661398124865,1.3095238024280185e-06,0.00024159997692430046,1.3095238024280185e-06,-0.0005577949098718819,1.3095238024280185e-06,0.003478024297058069,0.0023894314282746354,0.0,1.3095238024280185e-06
2013-11-04,0.0017266309263296192,0.0017502128301688093,1.3095238024280185e-06,0.001449249722845769,1.3095238024280185e-06,0.005488510989217617,1.3095238024280185e-06,0.0030030611136680485,0.003518560592961739,0.0,1.3095238024280185e-06
2013-11-05,-0.0004352858766327062,-0.00046113298323305395,1.3095238024280185e-06,0.0010850579877004218,1.3095238024280185e-06,-0.0018458347385375364,1.3095238024280185e-06,-0.0021843156052803736,-0.003166884054470409,0.0,1.3095238024280185e-06
2013-11-06,1.1283303723090142e-05,0.00047588100859636764,1.7857143566721963e-06,-0.00024093064920405194,1.7857143566721963e-06,0.0001922018065236839,1.7857143566721963e-06,0.0012374116070910657,0.0051061584272507066,0.0,1.7857143566721963e-06
2013-11-07,-0.011471438470514203,-0.009396364411674173,1.7857143566721963e-06,-0.018795180919570886,1.7857143566721963e-06,-0.016100258687640978,1.7857143566721963e-06,-0.013348449787036615,-0.012643543427967474,0.0,1.7857143566721963e-06
2013-11-08,0.010056229658211614,0.00821823367474269,1.9047619213187506e-06,0.013507437606789185,1.9047619213187506e-06,0.01505833232058092,1.9047619213187506e-06,0.015701753959587728,0.013491066418334086,0.0,1.9047619213187506e-06
2013-11-11,-0.0005204620973758841,-0.0003129730016406843,2.06349210606681e-06,-0.0015752581262656884,2.06349210606681e-06,-1.0811741972186872e-05,2.06349210606681e-06,0.0006907232853949896,0.00016960436996793504,0.0,2.06349210606681e-06
2013-11-12,0.0006519816435335187,0.0001347731179834307,2.06349210606681e-06,0.0015777434795027911,2.06349210606681e-06,0.00012342739397049507,2.06349210606681e-06,-0.001265666718619357,-0.002030410987471698,0.0,2.06349210606681e-06
2013-11-13,0.006793622919790619,0.005936832230072397,2.3015872353599184e-06,0.012114836871422785,2.3015872353599184e-06,0.009910142582965001,2.3015872353599184e-06,0.008190433750650594,0.008024136451405317,0.0,2.3015872353599184e-06
2013-11-14,0.0012652372772604097,0.002198235677553791,2.7777777896040964e-06,0.0031123996546598143,2.7777777896040964e-06,0.0023689653498292214,2.7777777896040964e-06,0.006896624231852111,0.0049896768059682906,0.0,2.7777777896040964e-06
2013-11-15,0.0035334284366706206,0.0017837915508019857,2.6984128450590464e-06,0.001909100270307551,2.6984128450590464e-06,0.0033545607731549536,2.6984128450590464e-06,0.0047615807211141,0.004350630812877343,0.0,2.6984128450590464e-06
2013-11-18,-0.0064528627202264655,-0.0040659816531698045,2.7777777896040964e-06,-0.009766655474478081,2.7777777896040964e-06,-0.006268145002092939,2.7777777896040964e-06,-0.0042257558506495485,-0.0034989763593734624,0.0,2.7777777896040964e-06
2013-11-19,-0.002010113510328314,-0.0018045134552685637,2.579364984754532e-06,-0.0028866897131949454,2.579364984754532e-06,-0.003878119107525964,2.579364984754532e-06,-0.003389491476388562,-0.0021734974242949567,0.0,2.579364984754532e-06
2013-11-20,-0.0016773936958384866,-0.0016914668668041636,3.1746031036452638e-06,-0.0024122836363406064,3.1746031036452638e-06,-0.003248852659010463,3.1746031036452638e-06,-0.003674942829423905,-0.0031280736257831565,0.0,3.1746031036452638e-06
2013-11-21,0.006183751669842554,0.005632552061578433,3.0555555389987097e-06,0.010157114618839724,3.0555555389987097e-06,0.011476874632414386,3.0555555389987097e-06,0.00765614446121915,0.008068462804456722,0.0,3.0555555389987097e-06
2013-11-22,0.0035626818357047314,0.003206997742088443,2.7777777896040964e-06,0.005386385501878088,2.7777777896040964e-06,0.004402806876008025,2.7777777896040964e-06,0.008238717652139904,0.005002743896294737,0.0,2.7777777896040964e-06
2013-11-25,0.000638695691452766,0.00046368288124352134,2.579364984754532e-06,0.0023816836008652142,2.579364984754532e-06,0.00020326444840453517,2.579364984754532e-06,-0.0008840308886940984,-0.000995505213121306,0.0,2.579364984754532e-06
2013-11-26,0.0030017250331290475,0.0020221556701848914,2.380952327733948e-06,0.005226308754859188,2.380952327733948e-06,0.004212675172247474,2.380952327733948e-06,0.0006215792539659981,0.00027660627639813917,0.0,2.380952327733948e-06
2013-11-27,0.004103182472153457,0.00287826079106861,2.6984128450590464e-06,0.00697103947207145,2.6984128450590464e-06,0.004993596496953634,2.6984128450590464e-06,0.0020293769604378953,0.0024352902438569135,0.0,2.6984128450590464e-06
2013-11-29,0.0032665965812039275,0.0017888511904749643,2.5000000402094826e-06,0.005984731665368503,2.5000000402094826e-06,0.002826755869882828,2.5000000402094826e-06,-0.0008248587422914899,-0.000662289761780066,0.0,2.5000000402094826e-06
2013-12-02,-0.0007520715241382455,-0.0022161951422154506,2.182539670713364e-06,-0.0029159388755203297,2.182539670713364e-06,-0.006785596570104209,2.182539670713364e-06,-0.0027528113639105622,-0.002597321690955501,0.0,2.182539670713364e-06
2013-12-03,-0.002995796806906661,-0.0020880288318503703,1.9841270136927804e-06,-0.0008193855668269245,1.9841270136927804e-06,-0.0039816149773994605,1.9841270136927804e-06,-0.009625648948707904,-0.004320268532565064,0.0,1.9841270136927804e-06
2013-12-04,-0.00020246773978213817,-0.00013989585077966063,1.3888888948020482e-06,0.0009373502237484121,1.3888888948020482e-06,-0.0006189204304002012,1.3888888948020482e-06,-0.002735063316525121,-0.00011120532526709415,0.0,1.3888888948020482e-06
2013-12-05,-0.0009489603392403414,-0.000986879809329749,2.06349210606681e-06,-0.0012871295367007374,2.06349210606681e-06,-0.001654985006670125,2.06349210606681e-06,-0.0008786758079069867,-0.004395369710637587,0.0,2.06349210606681e-06
2013-12-06,0.004063665559051759,0.005057529886741009,1.9047619213187506e-06,0.007262105277565656,1.9047619213187506e-06,0.008744734702045287,1.9047619213187506e-06,0.010914055891291408,0.011176916337189757,0.0,1.9047619213187506e-06
2013-12-09,0.0021063364344715827,0.00170002593472626,2.06349210606681e-06,0.0040693976706545065,2.06349210606681e-06,0.0021148452106993787,2.06349210606681e-06,0.0017412500669279352,0.0025420545844061504,0.0,2.06349210606681e-06
2013-12-10,-0.00036053357653548034,-0.0012977682106317385,2.06349210606681e-06,-0.000694722034692119,2.06349210606681e-06,-0.004449398643636396,2.06349210606681e-06,-0.0018862160858103272,-0.00358302575688918,0.0,2.06349210606681e-06
2013-12-11,-0.005284320954709864,-0.00825753770874958,2.7777777896040964e-06,-0.012863844236393307,2.7777777896040964e-06,-0.017806417348250687,2.7777777896040964e-06,-0.015292049194133822,-0.011230825410425194,0.0,2.7777777896040964e-06
2013-12-12,-0.0006808808264477216,-0.0016595135313493825,2.6984128450590464e-06,-0.002582734184866431,2.6984128450590464e-06,-0.003223593962265643,2.6984128450590464e-06,-0.0028359266955774176,-0.0033010027387977425,0.0,2.6984128450590464e-06
2013-12-13,0.001927505762949599,1.2952297957089974e-05,2.5000000402094826e-06,-0.001294561476270495,2.5000000402094826e-06,0.0004531126965354366,2.5000000402094826e-06,0.0027626947199467233,-0.00011274945951122994,0.0,2.5000000402094826e-06
2013-12-16,0.007703189156776432,0.0036309078128152735,2.380952327733948e-06,0.005538958894495627,2.380952327733948e-06,0.008201982891451166,2.380952327733948e-06,0.005476987030898328,0.0062319752383646065,0.0,2.380952327733948e-06
2013-12-17,0.002015279840238503,-0.0011559120686702182,2.3015872353599184e-06,-0.0019919104752913475,2.3015872353599184e-06,-0.002588492669611697,2.3015872353599184e-06,-0.0003188109622851154,-0.0031803662537147614,0.0,2.3015872353599184e-06
2013-12-18,0.006376330370152319,0.00748061592145001,2.5000000402094826e-06,0.01162584509899034,2.5000000402094826e-06,0.01369886603455302,2.5000000402094826e-06,0.012380725444489649,0.017072529294099192,0.0,2.5000000402094826e-06
2013-12-19,-0.0020472950847221032,-0.0013501976670379382,2.380952327733948e-06,-0.0027860567004811543,2.380952327733948e-06,-0.0034091617931146048,2.380952327733948e-06,-0.0005642126565391088,-0.0011554902240408227,0.0,2.380952327733948e-06
2013-12-20,0.00667471688537481,0.005036506868801272,2.3015872353599184e-06,0.010183716208109761,2.3015872353599184e-06,0.010289567915202044,2.3015872353599184e-06,0.00510176203463214,0.005816245469050907,0.0,2.3015872353599184e-06
2013-12-23,0.00812158683573276,0.004965425835680346,2.182539670713364e-06,0.01052059501257152,2.182539670713364e-06,0.010052412999810228,2.182539670713364e-06,0.004259853386156975,0.005342939580763373,0.0,2.182539670713364e-06
2013-12-24,0.0015126304610353057,0.0009884574326214609,2.3015872353599184e-06,0.00045727368887749087,2.3015872353599184e-06,0.0020894721892876036,2.3015872353599184e-06,0.003956200121743886,0.0021913353864408958,0.0,2.3015872353599184e-06
2013-12-26,0.0023757282523997714,0.002337400178259516,2.6984128450590464e-06,0.0033165424403140964,2.6984128450590464e-06,0.002956138698355648,2.6984128450590464e-06,0.006826659254635881,0.005084011383858833,0.0,2.6984128450590464e-06
2013-12-27,-0.0021155297765427976,-0.000620850659835203,2.380952327733948e-06,-0.0025079031612837976,2.380952327733948e-06,0.0006727313293853157,2.380952327733948e-06,-0.0009148415998021797,-5.432291264462208e-05,0.0,2.380952327733948e-06
2013-12-30,-0.0014761520051456512,-0.00034338927890311473,2.3015872353599184e-06,-0.0014850680587873422,2.3015872353599184e-06,0.0007043723989244393,2.3015872353599184e-06,-0.0006630282054508048,-0.00016297759135142087,0.0,2.3015872353599184e-06
2013-12-31,0.0037257964485360113,0.003001125946526413,2.182539670713364e-06,0.006522496353047025,2.182539670713364e-06,0.004202691376182269,2.182539670713364e-06,0.003844233931860591,0.00473287244344367,0.0,2.182539670713364e-06
2014-01-02,-0.005269775441348204,-0.005433822188886588,2.5000000402094826e-06,-0.007844528244812188,2.5000000402094826e-06,-0.012138252766495272,2.5000000402094826e-06,-0.009339796388311894,-0.009583800985215052,0.0,2.5000000402094826e-06
2014-01-03,-0.0035583932074099893,-0.002099813227280051,2.3015872353599184e-06,-0.007219201834892552,2.3015872353599184e-06,-0.00035799188901401225,2.3015872353599184e-06,-0.0022976105345756666,-0.00016401263464982385,0.0,2.3015872353599184e-06
2014-01-06,-0.0007559650299160893,-0.0023810732201774605,2.3015872353599184e-06,-0.0036935282533622216,2.3015872353599184e-06,-0.004338468275418135,2.3015872353599184e-06,-0.005903423505388222,-0.002897687744491395,0.0,2.3015872353599184e-06
2014-01-07,0.0037746226255751265,0.00446681962065858,1.7857143566721963e-06,0.00926810134328937,1.7857143566721963e-06,0.00774462972292933,1.7857143566721963e-06,0.005269257198133037,0.006141249992234865,0.0,1.7857143566721963e-06
2014-01-08,0.005470897395405839,0.0009789584735872862,1.7063492642981665e-06,0.0021807099894075588,1.7063492642981665e-06,0.0010621059159816961,1.7063492642981665e-06,0.0025757217940687582,0.00021784461227158936,0.0,1.7063492642981665e-06
2014-01-09,-0.0037815101186809727,-0.0007654402554084557,1.5873015518226319e-06,-0.0033211840512780144,1.5873015518226319e-06,-0.001271546096049699,1.5873015518226319e-06,0.002059825603089871,0.0006545231800689777,0.0,1.5873015518226319e-06
2014-01-10,0.0011351963101858635,0.0021172660229722166,1.3095238024280185e-06,0.003217687054372975,1.3095238024280185e-06,0.005971890703524441,1.3095238024280185e-06,0.002124642515905551,0.002722277426986164,0.0,1.3095238024280185e-06
2014-01-13,-0.009154101276489954,-0.0076630085634392725,1.3095238024280185e-06,-0.01477699711762448,1.3095238024280185e-06,-0.012378498130152533,1.3095238024280185e-06,-0.011145447058750896,-0.013304872718279626,0.0,1.3095238024280185e-06
2014-01-14,0.012539431183458544,0.008903069194313466,1.190476163866974e-06,0.019067825721003295,1.190476163866974e-06,0.013119204589721859,1.190476163866974e-06,0.013505177144678915,0.010897699418442874,0.0,1.190476163866974e-06
2014-01-15,0.004993075346344826,0.0040638549214782405,1.3095238024280185e-06,0.008214265283083,1.3095238024280185e-06,0.006621391099944714,1.3095238024280185e-06,0.006124038068143989,0.005390007115541273,0.0,1.3095238024280185e-06
2014-01-16,-0.0007527487279270062,2.698030243726927e-05,1.3888888948020482e-06,0.00011329151099825907,1.3888888948020482e-06,0.0002902959995014406,1.3888888948020482e-06,0.0005215728943967768,-0.0012999420475733325,0.0,1.3888888948020482e-06
2014-01-17,-0.004012267624233777,-0.002689481118424365,1.190476163866974e-06,-0.005657821028285714,1.190476163866974e-06,-0.004055592410527886,1.190476163866974e-06,-0.0034990425125473457,-0.0042289287102970086,0.0,1.190476163866974e-06
2014-01-21,0.006521580035087862,0.00349244566886862,1.190476163866974e-06,0.007624595853482408,1.190476163866974e-06,0.006122109979911064,1.190476163866974e-06,0.004470752608820794,0.002940240571680297,0.0,1.190476163866974e-06
2014-01-22,-0.00038533228125505235,0.000908943861138553,1.1111111454074344e-06,0.0025971661298802573,1.1111111454074344e-06,0.0025521155297812586,1.1111111454074344e-06,-0.0017237022929936785,0.0006512548983788058,0.0,1.1111111454074344e-06
2014-01-23,-0.003214783992360696,-0.0031924970140351765,1.190476163866974e-06,-0.0033794361755606905,1.190476163866974e-06,-0.0056077280945241075,1.190476163866974e-06,-0.008923819911184822,-0.008193115594682165,0.0,1.190476163866974e-06
2014-01-24,-0.014888403597591339,-0.012665410036029758,1.190476163866974e-06,-0.019664846874002162,1.190476163866974e-06,-0.024206723147404536,1.190476163866974e-06,-0.02518385558617689,-0.02133588255405472,0.0,1.190476163866974e-06
2014-01-27,-0.006160966839674121,-0.0047511724792230845,1.3095238024280185e-06,-0.009684318335361097,1.3095238024280185e-06,-0.009647447820944177,1.3095238024280185e-06,-0.005144342363824217,-0.004919561081260682,0.0,1.3095238024280185e-06
2014-01-28,0.0011146795210960762,0.0017970561607407206,1.9047619213187506e-06,-0.0005822542466971115,1.9047619213187506e-06,0.006216211653412647,1.9047619213187506e-06,0.005629203186696269,0.005955314774787279,0.0,1.9047619213187506e-06
2014-01-29,-0.006958396497409018,-0.005805532730992108,1.7857143566721963e-06,-0.010716179933180192,1.7857143566721963e-06,-0.012118945387462941,1.7857143566721963e-06,-0.005888301500326071,-0.00960528195614574,0.0,1.7857143566721963e-06
2014-01-30,0.01507235794274118,0.00846945182889493,1.5873015518226319e-06,0.018485729830799214,1.5873015518226319e-06,0.012840269282117012,1.5873015518226319e-06,0.011264200617347009,0.0106005739218471,0.0,1.5873015518226319e-06
2014-01-31,-0.0038436582663725705,-0.0024487865790924776,5.95238081933487e-07,-0.00265910832431282,5.95238081933487e-07,-0.0059836085304294144,5.95238081933487e-07,-0.004472883705946007,-0.005858310669758504,0.0,5.95238081933487e-07
2014-02-03,-0.014380001758798047,-0.01355797095008778,3.9682538795565797e-07,-0.022951143056084478,3.9682538795565797e-07,-0.02558382127344653,3.9682538795565797e-07,-0.02294824587017774,-0.022505551683773217,0.0,3.9682538795565797e-07
2014-02-04,0.004539270744563956,0.003964632739453553,7.936507759113159e-07,0.007355656949657785,7.936507759113159e-07,0.0007640637268978575,7.936507759113159e-07,0.007216291905149441,0.007004785016797577,0.015277258794549886,7.936507759113159e-07
2014-02-05,-0.0010650923252864025,-0.0018569143859099733,2.182539670713364e-06,-0.0025910933911063028,2.182539670713364e-06,-0.0064424800674069225,2.182539670713364e-06,-0.0009938779589609148,-0.0012545407669233288,-0.001,2.182539670713364e-06
2014-02-06,0.009354160421810344,0.006910229189613363,2.182539670713364e-06,0.012752494985110996,2.182539670713364e-06,0.010618497251027186,2.182539670713364e-06,0.011395752034703721,0.013187284357575768,0.0,2.182539670713364e-06
2014-02-07,0.011460790393598545,0.008927345366071185,2.380952327733948e-06,0.017838671585815202,2.380952327733948e-06,0.013852346329947657,2.380952327733948e-06,0.014593856946508887,0.012395546879571118,0.0,2.380952327733948e-06
2014-02-10,0.00013614943455621245,0.0021637852627394466,2.8571427341491455e-06,0.005726943340807589,2.8571427341491455e-06,0.003394060199225205,2.8571427341491455e-06,0.0008426931759354106,0.0018365667822883847,0.0,2.8571427341491455e-06
2014-02-11,0.008844676522348969,0.006394511977922338,2.182539670713364e-06,0.011389914320139471,2.182539670713364e-06,0.010416595492067932,2.182539670713364e-06,0.011630089129620158,0.010944344476297108,0.0,2.182539670713364e-06
2014-02-12,0.0007457877504774629,0.0010303295424752856,1.7857143566721963e-06,0.001914442600991606,1.7857143566721963e-06,0.002112031029070094,1.7857143566721963e-06,0.0019727155155882803,0.0004941643885616465,0.0,1.7857143566721963e-06
2014-02-13,0.0063871099210843565,0.004101538884078716,1.7063492642981665e-06,0.0074182729028002825,1.7063492642981665e-06,0.008431931129058674,1.7063492642981665e-06,0.005944024422402272,0.005162986443582929,0.0,1.7063492642981665e-06
2014-02-14,0.0013706065005097523,0.0018657900942039333,9.920635068463902e-07,0.0020081304702765923,9.920635068463902e-07,0.002977220841648235,9.920635068463902e-07,0.005029417071180653,0.0055188029683967965,0.0,9.920635068463902e-07
2014-02-18,0.00249830597736488,0.0023835539501126614,3.9682538795565797e-07,0.0048990719002386385,3.9682538795565797e-07,0.005509250675737783,3.9682538795565797e-07,0.002425991040480746,0.0011956040185756578,0.0,3.9682538795565797e-07
2014-02-19,-0.0042522100046830345,-0.00404379356477086,5.95238081933487e-07,-0.006869523574352221,5.95238081933487e-07,-0.007910046305972435,5.95238081933487e-07,-0.006434394996556209,-0.006622129040105951,0.0,5.95238081933487e-07
2014-02-20,0.0035656385855942557,0.003491296200719174,1.7857143566721963e-06,0.0046859830948604575,1.7857143566721963e-06,0.007123291898379236,1.7857143566721963e-06,0.008081339731252246,0.005901230826080406,0.0,1.7857143566721963e-06
2014-02-21,-0.0021658102135038394,-0.0005649586034706718,1.5873015518226319e-06,-0.0013329157445199913,1.5873015518226319e-06,0.00021651501218333802,1.5873015518226319e-06,-0.0017921420439359348,-0.0011401145037189808,0.0,1.5873015518226319e-06
2014-02-24,0.00469867671923956,0.003050001861724644,1.3888888948020482e-06,0.005337652716905117,1.3888888948020482e-06,0.006077572579008983,1.3888888948020482e-06,0.0038752940856078832,0.005546293309272254,0.0,1.3888888948020482e-06
2014-02-25,-0.0011469242993765512,-0.0006491115745817514,1.3095238024280185e-06,-0.0011064181965738662,1.3095238024280185e-06,-0.0014816391730827117,1.3095238024280185e-06,-0.0012229853056084095,-0.00037850952201101684,0.0,1.3095238024280185e-06
2014-02-26,0.0018387395156782146,0.00018473998996432802,1.5873015518226319e-06,-0.0008854606666837128,1.5873015518226319e-06,0.0011139549173250591,1.5873015518226319e-06,0.0023445108981676177,5.393274953857663e-05,0.0,1.5873015518226319e-06
2014-02-27,0.0024726784576800404,0.003564510926760517,1.5873015518226319e-06,0.006488031102882097,1.5873015518226319e-06,0.0057296277575475205,1.5873015518226319e-06,0.006889855037487791,0.005247434808729912,0.0,1.5873015518226319e-06
2014-02-28,-0.0009509856212103414,-5.327068530416775e-05,1.3888888948020482e-06,-0.0011055688079014692,1.3888888948020482e-06,-0.0008530256328695233,1.3888888948020482e-06,0.001609039875006768,0.002529599802801874,0.0,1.3888888948020482e-06
2014-03-03,-0.005225450683799604,-0.004051283927100715,1.7063492642981665e-06,-0.0074166446359695826,1.7063492642981665e-06,-0.006603271375268615,1.7063492642981665e-06,-0.006797647306843818,-0.007032291928593892,0.0,1.7063492642981665e-06
2014-03-04,0.009628143883734702,0.008386860101580785,1.7063492642981665e-06,0.012713343352708018,1.7063492642981665e-06,0.01730690477035616,1.7063492642981665e-06,0.015577800332282232,0.014055386014816484,0.0,1.7063492642981665e-06
2014-03-05,0.002503308347118949,0.0009735600351283211,1.9047619213187506e-06,0.002752845789165237,1.9047619213187506e-06,0.0010251149063470095,1.9047619213187506e-06,0.00062953351346276,0.0009067860388567439,0.0,1.9047619213187506e-06
2014-03-06,3.515352408451649e-05,0.00013198782089288868,1.9841270136927804e-06,-0.000878137793963174,1.9841270136927804e-06,0.0004149008155294546,1.9841270136927804e-06,0.0011688464610573879,0.002290102128921001,0.0,1.9841270136927804e-06
2014-03-07,-0.002608430070356328,-0.001614096999262699,1.7857143566721963e-06,-0.004946730889652917,1.7857143566721963e-06,-0.0016184254627132908,1.7857143566721963e-06,-0.0016712146514455406,0.0004252086738154581,0.0,1.7857143566721963e-06
2014-03-10,0.00047602721386472255,-3.322288061716535e-05,1.7857143566721963e-06,0.0008839289569610997,1.7857143566721963e-06,-0.0009964217389619723,1.7857143566721963e-06,-0.0006547960689658461,-0.0005312347904330439,0.0,1.7857143566721963e-06
2014-03-11,-0.003788537086085968,-0.0029699941492529105,1.5873015518226319e-06,-0.0043041303396655906,1.5873015518226319e-06,-0.006546592941955068,1.5873015518226319e-06,-0.00541816241744586,-0.004942296724040118,0.0,1.5873015518226319e-06
2014-03-12,0.0023793148058874015,0.001295838096952922,1.7857143566721963e-06,0.003768789906012815,1.7857143566721963e-06,0.0023614936555673705,1.7857143566721963e-06,-0.00021168205940091944,0.0002667256118504824,0.0,1.7857143566721963e-06
2014-03-13,-0.00847148120491453,-0.007430625315215011,1.5873015518226319e-06,-0.014134365166837637,1.5873015518226319e-06,-0.012305492126758464,1.5873015518226319e-06,-0.012107361310256776,-0.01121319928627329,0.0,1.5873015518226319e-06
2014-03-14,-0.002571563631970866,-0.002577612085595337,1.5873015518226319e-06,-0.006832873269960182,1.5873015518226319e-06,-0.0018182473955301222,1.5873015518226319e-06,-0.0038657099794699445,-0.002808020451108284,0.0,1.5873015518226319e-06
2014-03-17,0.005824540308222756,0.005039049159527914,1.5873015518226319e-06,0.008796696988891073,1.5873015518226319e-06,0.007421680170068463,1.5873015518226319e-06,0.01047809031982777,0.009043973090770097,0.0,1.5873015518226319e-06
2014-03-18,0.00704321396209794,0.006113611879193393,1.7063492642981665e-06,0.012073781536834582,1.7063492642981665e-06,0.01125994746451971,1.7063492642981665e-06,0.008702860508562171,0.007137783479195692,0.0,1.7063492642981665e-06
2014-03-19,-0.0032164359933966424,-0.003271944156420285,1.9841270136927804e-06,-0.005411940701822271,1.9841270136927804e-06,-0.005750864278883197,1.9841270136927804e-06,-0.006572969183985089,-0.005329030160175718,0.0,1.9841270136927804e-06
2014-03-20,0.002883897725733409,0.002229983293479103,1.9841270136927804e-06,0.0027766667376238896,1.9841270136927804e-06,0.0033202588079848843,1.9841270136927804e-06,0.005991585242475894,0.005839658964644778,0.0,1.9841270136927804e-06
2014-03-21,-0.005344182168029711,-0.005055738872631254,2.06349210606681e-06,-0.012033882461251033,2.06349210606681e-06,-0.006842599252938545,2.06349210606681e-06,-0.007306628927714498,-0.0038784814872098172,0.0,2.06349210606681e-06
2014-03-24,-0.005735825247031458,-0.004220988833169126,1.7857143566721963e-06,-0.008763685454249881,1.7857143566721963e-06,-0.008093784772710794,1.7857143566721963e-06,-0.005064124570402673,-0.0041355687176758416,0.0,1.7857143566721963e-06
2014-03-25,0.0018932465926634085,0.002057103173458525,1.7063492642981665e-06,0.0032872600987507994,1.7063492642981665e-06,0.0025976688573042432,1.7063492642981665e-06,0.004891957948248649,0.0047451661578590265,0.0,1.7063492642981665e-06
2014-03-26,-0.00940009809458216,-0.006629782420880565,1.7857143566721963e-06,-0.012880139959620007,1.7857143566721963e-06,-0.013076261457039884,1.7857143566721963e-06,-0.009094931235050674,-0.007191939281072424,0.0,1.7857143566721963e-06
2014-03-27,-0.002656619443474569,-0.0024232913578305262,1.4682539871760777e-06,-0.005608036297390484,1.4682539871760777e-06,-0.0034149071711428998,1.4682539871760777e-06,-0.003513998687479508,-0.0021083136214580245,0.0,1.4682539871760777e-06
2014-03-28,0.0018176512060285124,0.0012795980154894217,1.3095238024280185e-06,0.001956379636699479,1.3095238024280185e-06,0.0019748210234778645,1.3095238024280185e-06,0.0012411486574164807,0.004929859890872468,0.0,1.3095238024280185e-06
2014-03-31,0.006113380506376996,0.005154544148851039,1.3095238024280185e-06,0.007122290263389841,1.3095238024280185e-06,0.011084559457544755,1.3095238024280185e-06,0.01096254124916951,0.00819477258958834,0.0,1.3095238024280185e-06
2014-04-01,0.011574531957767099,0.007212313835606596,1.1111111454074344e-06,0.01756595772689762,1.1111111454074344e-06,0.012449294971324335,1.1111111454074344e-06,0.004557763577651419,0.006630569190615221,0.0,1.1111111454074344e-06
2014-04-02,0.0014837710475794,0.0018506726489862114,1.190476163866974e-06,0.0025783610596779027,1.190476163866974e-06,0.003473872966711126,1.190476163866974e-06,0.004336030843043515,0.0033468193333661134,0.0,1.190476163866974e-06
2014-04-03,-0.004837989063163127,-0.003161647424402759,7.142856835372864e-07,-0.007938191450234888,7.142856835372864e-07,-0.006465614151477135,7.142856835372864e-07,-0.0010823201088653034,-0.001323434281107816,0.0,7.142856835372864e-07
2014-04-04,-0.013847808160385625,-0.012111287840560706,5.95238081933487e-07,-0.026597818241215543,5.95238081933487e-07,-0.020514343678032877,5.95238081933487e-07,-0.014981910191483455,-0.011822455490402284,0.0,5.95238081933487e-07
2014-04-07,-0.006875841210005571,-0.0061248322665724796,7.936507759113159e-07,-0.009494241867773257,7.936507759113159e-07,-0.011710654836203704,7.936507759113159e-07,-0.011660804204709524,-0.011051347869731054,0.0,7.936507759113159e-07
2014-04-08,0.006198333060723626,0.003631355878797554,7.936507759113159e-07,0.009234456769036337,7.936507759113159e-07,0.004580172621922858,7.936507759113159e-07,0.0032623687356912183,0.004122946442383313,0.0,7.936507759113159e-07
2014-04-09,0.01068902214804542,0.008242619788046955,9.920635068463902e-07,0.017141776905298167,9.920635068463902e-07,0.013442545542851958,9.920635068463902e-07,0.011341784152933465,0.010750571924820651,0.0,9.920635068463902e-07
2014-04-10,-0.01644848472738931,-0.015345520622648186,1.1111111454074344e-06,-0.030972475977724012,1.1111111454074344e-06,-0.026841591353126915,1.1111111454074344e-06,-0.020011043987019944,-0.021005595168912095,0.0,1.1111111454074344e-06
2014-04-11,-0.005439481063316878,-0.00521397364993713,1.1111111454074344e-06,-0.011633427434309618,1.1111111454074344e-06,-0.004846456739454607,1.1111111454074344e-06,-0.009033647820549384,-0.009008594793451397,0.0,1.1111111454074344e-06
2014-04-14,0.004298063117155686,0.003950063771477274,1.190476163866974e-06,0.007846505808943194,1.190476163866974e-06,0.004368640971205817,1.190476163866974e-06,0.007418824320645279,0.007878291156570905,0.0,1.190476163866974e-06
2014-04-15,0.003155041393620977,0.00305493433757441,1.190476163866974e-06,0.003303504041419769,1.190476163866974e-06,0.005479659765748268,1.190476163866974e-06,0.008901664744714544,0.006887413108433549,0.0,1.190476163866974e-06
2014-04-16,0.006434927606928601,0.006242963777414533,1.190476163866974e-06,0.013286382402296182,1.190476163866974e-06,0.008341396095416323,1.190476163866974e-06,0.008839163787679682,0.010478073053424186,0.0,1.190476163866974e-06
2014-04-17,-2.503944843590621e-05,-0.0004563365132915421,9.920635068463902e-07,0.00023192306655439587,9.920635068463902e-07,-0.0031120992442940087,9.920635068463902e-07,-0.0015256328284749265,0.0013965129189563719,0.0,9.920635068463902e-07
2014-04-21,0.005013785804900407,0.0030602661015096174,9.920635068463902e-07,0.007424585072677292,9.920635068463902e-07,0.003364876315993877,9.920635068463902e-07,0.0043749418885228875,0.003487623685989316,0.0,9.920635068463902e-07
2014-04-22,0.004056448995700102,0.003547144271659874,9.920635068463902e-07,0.007945509442228493,9.920635068463902e-07,0.005284718222858216,9.920635068463902e-07,0.004269275725904631,0.004544122459251065,0.0,9.920635068463902e-07
2014-04-23,-0.0031150537507065564,-0.0029326886208382,9.920635068463902e-07,-0.008796931212145087,9.920635068463902e-07,-0.0018094688330397104,9.920635068463902e-07,-0.0028671766345545746,-0.002341870000403201,0.0,9.920635068463902e-07
2014-04-24,0.0015342651077266312,0.003143575760814046,5.95238081933487e-07,0.009566798799857779,5.95238081933487e-07,0.00449539400681694,5.95238081933487e-07,-0.000746869119850196,0.0020274722591393513,0.0,5.95238081933487e-07
2014-04-25,-0.01000955921950333,-0.006070542603889778,2.777777863518586e-07,-0.01598390434688346,2.777777863518586e-07,-0.007581004592681331,2.777777863518586e-07,-0.0032256897632832737,-0.008199161729586013,0.0,2.777777863518586e-07
2014-04-28,0.0021047128421849957,0.0013062230557607157,2.777777863518586e-07,0.003248688443246328,2.777777863518586e-07,0.0005217872642540771,2.777777863518586e-07,0.0017815214868627804,0.0031672057179223945,0.0,2.777777863518586e-07
2014-04-29,0.003527958132540946,0.003192433173292862,1.1904762008242191e-07,0.007980091431899261,1.1904762008242191e-07,0.003760590114833095,1.1904762008242191e-07,0.002841325950433127,0.0046553401676432404,0.0,1.1904762008242191e-07
2014-04-30,0.0023173257599959324,0.0016142171293503753,5.95238081933487e-07,0.002638618403237425,5.95238081933487e-07,0.003259849010534665,5.95238081933487e-07,0.0024166036661131263,0.0029830847729717114,0.0,5.95238081933487e-07
2014-05-01,0.0009949425204736156,0.0013891917436735846,7.936507759113159e-07,0.0029752701305336693,7.936507759113159e-07,0.004602871765947499,7.936507759113159e-07,-0.0005325786861624937,0.00010591171016161027,0.0,7.936507759113159e-07
2014-05-02,-0.001865417395953354,-0.0010002422353489787,7.142856835372864e-07,-0.0018256071497810833,7.142856835372864e-07,0.000966940177831906,7.142856835372864e-07,-0.005816011601439158,-0.0014334994304230353,0.0,7.142856835372864e-07
2014-05-05,0.006049930845679756,0.0021572524044792757,5.95238081933487e-07,0.005257812565908404,5.95238081933487e-07,0.00037960782160898843,5.95238081933487e-07,0.006420964128783124,0.0019142429934118077,0.0,5.95238081933487e-07
2014-05-06,-0.0060055255750535025,-0.0052055702898794525,5.95238081933487e-07,-0.012961676766969688,5.95238081933487e-07,-0.00588287806601051,5.95238081933487e-07,-0.004301028001756219,-0.008704133872486142,0.0,5.95238081933487e-07
2014-05-07,0.0005968383032801915,0.000580133623299975,7.936507759113159e-07,-0.002880076304775825,7.936507759113159e-07,-0.000182408210269565,7.936507759113159e-07,0.008855383309281095,0.005889568848054472,0.0,7.936507759113159e-07
2014-05-08,-0.0012562000749506386,-0.0014858760692784633,7.936507759113159e-07,-0.000924104267100101,7.936507759113159e-07,-0.0020905770183671972,7.936507759113159e-07,-0.00861643164332998,-0.0010650429589004196,0.0,7.936507759113159e-07
2014-05-09,-3.8506086433087386e-06,0.0005383846435777623,8.730158682853457e-07,0.003700127061845304,8.730158682853457e-07,-0.0017324511194540437,8.730158682853457e-07,-0.0023898187772198876,0.0014922492479911842,0.0,8.730158682853457e-07
2014-05-12,0.010037311081790628,0.005983439444300975,8.730158682853457e-07,0.0164746361876138,8.730158682853457e-07,0.004095794381470082,8.730158682853457e-07,0.005199183803692692,0.009736121728673997,0.0,8.730158682853457e-07
2014-05-13,0.0008493825252497697,0.0008611688359715738,7.936507759113159e-07,0.0006800786206628828,7.936507759113159e-07,0.0027469738120429192,7.936507759113159e-07,0.002116709640653913,0.0008956561124247031,0.0,7.936507759113159e-07
2014-05-14,-0.0027380300869269615,-0.0014556258266928991,7.936507759113159e-07,-0.00520979096047447,7.936507759113159e-07,0.00029326731972230836,7.936507759113159e-07,0.0015790825357432925,-0.004737791661455049,0.0,7.936507759113159e-07
2014-05-15,-0.005826681255458397,-0.00404471785888807,7.936507759113159e-07,-0.007856328757024245,7.936507759113159e-07,-0.002889682154651055,7.936507759113159e-07,-0.009889291856066573,-0.008780161297731515,0.0,7.936507759113159e-07
2014-05-16,0.004270771024199867,0.0024655991907830653,7.142856835372864e-07,0.006540887380002802,7.142856835372864e-07,0.0023995566458898296,7.142856835372864e-07,0.0021007981802596836,0.003468425173676959,0.0,7.142856835372864e-07
2014-05-19,0.004859479709258788,0.002135490034415879,5.95238081933487e-07,0.006955284750317814,5.95238081933487e-07,0.0010754842494452204,5.95238081933487e-07,-0.00040033709414613594,0.003669152886101701,0.0,5.95238081933487e-07
2014-05-20,-0.002575107509884703,-0.0021135353551774883,7.142856835372864e-07,-0.0036239901098811256,7.142856835372864e-07,-0.002570228441899136,7.142856835372864e-07,-0.0034938534099619445,-0.0063046715103105555,0.0,7.142856835372864e-07
2014-05-21,0.00593063415694942,0.0041853533766734,9.920635068463902e-07,0.00954608511577204,9.920635068463902e-07,0.003953944471962252,9.920635068463902e-07,0.005735892245570529,0.008424383756523657,0.0,9.920635068463902e-07
2014-05-22,0.002645159896534342,0.001835582481484629,9.920635068463902e-07,0.004390252284201868,9.920635068463902e-07,0.0017989415781591116,9.920635068463902e-07,0.0028545071997378157,0.002432067107957181,0.0,9.920635068463902e-07
2014-05-23,0.004705471492145303,0.0032663987739527975,1.1111111454074344e-06,0.007284320386396592,1.1111111454074344e-06,0.005548577462376469,1.1111111454074344e-06,0.0031201269924729935,0.004008776635034961,0.0,1.1111111454074344e-06
2014-05-27,0.006484840496212306,0.0052805979833641745,1.1111111454074344e-06,0.01246097110525013,1.1111111454074344e-06,0.00815456593447276,1.1111111454074344e-06,0.004808388535015418,0.006146271363425715,0.0,1.1111111454074344e-06
2014-05-28,-0.0013780945788091534,-0.00026184075080898654,1.1111111454074344e-06,-0.0030768785521941844,1.1111111454074344e-06,0.0028472170609654306,1.1111111454074344e-06,0.0013476151643969925,-0.0007310173262294883,0.0,1.1111111454074344e-06
2014-05-29,0.0035905648859846312,0.0029826324804979407,1.1111111454074344e-06,0.006393251486721541,1.1111111454074344e-06,0.002083560665019838,1.1111111454074344e-06,0.006834552476752465,0.005172922003561009,0.0,1.1111111454074344e-06
2014-05-30,0.00013194729299780466,0.00038058130019882506,1.190476163866974e-06,0.0001090451430356687,1.190476163866974e-06,0.0004276596341833786,1.190476163866974e-06,0.0016790482784621308,0.0016117244895057503,0.0,1.190476163866974e-06
2014-06-02,0.00011387612919774113,-0.00044917752788282793,1.190476163866974e-06,-0.0009853409521276557,1.190476163866974e-06,-0.002091656115561316,1.190476163866974e-06,0.00024882312109375526,0.0011418254749420154,0.0,1.190476163866974e-06
2014-06-03,0.0007318488254466411,-0.0008268209940510534,9.920635068463902e-07,-0.0004382182190649786,9.920635068463902e-07,-0.005089647075092628,9.920635068463902e-07,0.0008476159958980822,-0.0005187119766726367,0.0,9.920635068463902e-07
2014-06-04,0.0022075822461507335,0.0012198842810289478,1.190476163866974e-06,0.003728419605239397,1.190476163866974e-06,0.0004889386008057512,1.190476163866974e-06,0.0006232793219864141,0.0020229833686178367,0.0,1.190476163866974e-06
2014-06-05,0.004265447663756467,0.0037373978630585824,1.190476163866974e-06,0.008413869756899617,1.190476163866974e-06,0.0046302723611444385,1.190476163866974e-06,0.004498314430130712,0.006522282958609127,0.0,1.190476163866974e-06
2014-06-06,0.0024935776455791685,0.0024362488444070176,1.190476163866974e-06,0.005742388626824191,1.190476163866974e-06,0.002841753127884299,1.190476163866974e-06,0.002152865070029153,0.0047828707568287054,0.0,1.190476163866974e-06
2014-06-09,0.0004902501935497745,-0.0006054878958958619,1.1111111454074344e-06,-0.000753979014913364,1.1111111454074344e-06,-0.0011359347846210763,1.1111111454074344e-06,-0.0032373268749031625,0.0010235820252493255,0.0,1.1111111454074344e-06
2014-06-10,0.002221904730613311,0.00022238408299365592,1.190476163866974e-06,0.0017251331287866378,1.190476163866974e-06,-0.0007705350858304329,1.190476163866974e-06,-0.0010134674365009084,0.00010187870091193929,0.0,1.190476163866974e-06
2014-06-11,-0.0011488674297434071,-0.0009289906520348352,1.3888888948020482e-06,-0.0002154846726032389,1.3888888948020482e-06,-0.0012968256362047008,1.3888888948020482e-06,-0.004203313927669455,-0.00347620846102914,0.0,1.3888888948020482e-06
2014-06-12,-0.004801056513443699,-0.0033805924723201014,1.3095238024280185e-06,-0.009042826041829266,1.3095238024280185e-06,-0.002407224823763987,1.3095238024280185e-06,-0.0022823130123100772,-0.0070799537640395815,0.0,1.3095238024280185e-06
2014-06-13,0.0016480999092476673,0.0016084542954117455,1.3095238024280185e-06,0.0029332604877820856,1.3095238024280185e-06,0.0003721231448044301,1.3095238024280185e-06,0.005902529819882374,0.003048561660287108,0.0,1.3095238024280185e-06
2014-06-16,0.0018987032138662997,0.000652491021165923,1.190476163866974e-06,0.0008666295388120027,1.190476163866974e-06,0.0007290655014124964,1.190476163866974e-06,0.0026428523751865773,0.0008240222530551122,0.0,1.190476163866974e-06
2014-06-17,0.0022542641230093455,0.00017144014673519062,9.920635068463902e-07,0.0005407319479084904,9.920635068463902e-07,-0.001531959219431981,9.920635068463902e-07,0.0005728525555739328,0.0027792448863432906,0.0,9.920635068463902e-07
2014-06-18,0.003972631742492788,0.004319342884737123,1.3095238024280185e-06,0.005625308800013329,1.3095238024280185e-06,0.00803499577873897,1.3095238024280185e-06,0.011568361073257039,0.007340061538152698,0.0,1.3095238024280185e-06
2014-06-19,0.01431819859976358,-0.0005799153852459032,7.142856835372864e-07,-0.0006456757542123714,7.142856835372864e-07,-0.00579513775111995,7.142856835372864e-07,0.0036648883304001016,0.0011207098678402971,0.0,7.142856835372864e-07
2014-06-20,-0.004803840640613781,0.0011126211461527469,3.9682538795565797e-07,0.0011764542326624383,3.9682538795565797e-07,0.001378318363808344,3.9682538795565797e-07,0.004593620810907056,0.0020302504543212585,0.0,3.9682538795565797e-07
2014-06-23,0.0015528198770270935,-5.9044236869186414e-05,3.9682538795565797e-07,0.00021559213538635547,3.9682538795565797e-07,-0.0002234637922056506,3.9682538795565797e-07,-0.000566083265413464,-0.0003059112479288917,0.0,3.9682538795565797e-07
2014-06-24,-0.005495138654781674,-0.00110785242503657,1.9841269397782899e-07,-0.000970090717590355,1.9841269397782899e-07,0.001713173545797253,1.9841269397782899e-07,-0.006705260093203047,-0.006024590030850763,0.0,1.9841269397782899e-07
2014-06-25,0.004064715705540859,0.003041039586769264,8.730158682853457e-07,0.006364185000274247,8.730158682853457e-07,0.002391678721617903,8.730158682853457e-07,0.00751937518194723,0.004520270401414672,0.0,8.730158682853457e-07
2014-06-26,0.002256433445837795,0.0003716652695201247,7.936507759113159e-07,0.000536469526594141,7.936507759113159e-07,0.0010752812335177446,7.936507759113159e-07,0.001297096725216107,-0.0007161587490647214,0.0,7.936507759113159e-07
2014-06-27,0.0015564064330155923,0.001360824857391579,9.920635068463902e-07,0.004392425631089214,9.920635068463902e-07,0.001068498129513448,9.920635068463902e-07,-0.00043723404749773653,0.001944596190697423,0.0,9.920635068463902e-07
2014-06-30,0.0017731020359979214,0.0006660628753973513,7.142856835372864e-07,0.0017067081625405933,7.142856835372864e-07,0.0004702729756845825,7.142856835372864e-07,0.002069180673031884,-0.0005107376232109662,0.0,7.142856835372864e-07
2014-07-01,0.0063326622023048415,0.003991541473107568,7.936507759113159e-07,0.010967813424250128,7.936507759113159e-07,0.004026533840834586,7.936507759113159e-07,0.0014335562312619288,0.006693259750553127,0.0,7.936507759113159e-07
2014-07-02,-0.0005920802620174481,4.399483360556447e-05,9.920635068463902e-07,0.0016852279335317633,9.920635068463902e-07,-0.0010149673720653007,9.920635068463902e-07,-0.003014940239780328,0.0010147274582763544,0.0,9.920635068463902e-07
2014-07-03,0.0034116312372105134,0.002359604940065062,2.777777863518586e-07,0.006309126622063843,2.777777863518586e-07,0.0028768698994607136,2.777777863518586e-07,-0.0001818017753560104,0.004918435991800418,0.0,2.777777863518586e-07
2014-07-07,-0.0016441286382801864,-0.0017152024431043259,1.1904762008242191e-07,-0.003030246082938448,1.1904762008242191e-07,-0.0030638253480889475,1.1904762008242191e-07,-0.0023697571890169133,-0.003481734556416094,0.0,1.1904762008242191e-07
2014-07-08,-0.007014924966010609,-0.00485640197598124,2.777777863518586e-07,-0.012053406688960822,2.777777863518586e-07,-0.007671763262608617,2.777777863518586e-07,-0.002101404019201308,-0.006429809202802339,0.0,2.777777863518586e-07
2014-07-09,0.004167648290074322,0.0030939058373606523,9.920635068463902e-07,0.0074267165496473275,9.920635068463902e-07,0.003972099304833924,9.920635068463902e-07,0.0030475109165430114,0.004484510559062738,0.0,9.920635068463902e-07
2014-07-10,-0.0014145720147100654,-0.0017547053572691796,5.95238081933487e-07,-0.0031593892775264587,5.95238081933487e-07,-0.002775269624037661,5.95238081933487e-07,-0.0025196279771862173,-0.003957309985865631,0.0,5.95238081933487e-07
2014-07-11,0.0029997971009645347,0.00209053052393541,5.95238081933487e-07,0.006444228198404955,5.95238081933487e-07,0.0038953339818985633,5.95238081933487e-07,-0.0020819772000891523,0.0013757019290889794,0.0,5.95238081933487e-07
2014-07-14,0.003883408344194768,0.002438996770288745,5.95238081933487e-07,0.005983008718833505,5.95238081933487e-07,0.0031383458202055197,5.95238081933487e-07,0.0009468176228693281,0.005034900038479728,0.0,5.95238081933487e-07
2014-07-15,-0.0027399371226607613,-0.0016021953930805582,5.95238081933487e-07,-0.003443802016077857,5.95238081933487e-07,-0.002051838218522987,5.95238081933487e-07,-0.0029321811700314944,-0.0018725932220816643,0.0,5.95238081933487e-07
2014-07-16,0.004506712901082185,0.002675375799653382,7.936507759113159e-07,0.003979352489039689,7.936507759113159e-07,0.003928154835768508,7.936507759113159e-07,0.008134465493118581,0.00370146621618872,0.0,7.936507759113159e-07
2014-07-17,-0.007440064249203992,-0.007490660925299503,7.142856835372864e-07,-0.0132444426920032,7.142856835372864e-07,-0.015113948480539223,7.142856835372864e-07,-0.010602648475726534,-0.011365670339897549,0.0,7.142856835372864e-07
2014-07-18,0.006975891609633509,0.00760045568527847,2.777777863518586e-07,0.0158530026129049,2.777777863518586e-07,0.01390378279038451,2.777777863518586e-07,0.00785125076986981,0.010218963449693641,0.0,2.777777863518586e-07
2014-07-21,-0.0010087672677907972,-0.0005258434019546217,3.9682538795565797e-07,-0.0012488175394900214,3.9682538795565797e-07,9.230214717792506e-05,3.9682538795565797e-07,-0.0008728245380221211,-0.0018710780481023814,0.0,3.9682538795565797e-07
2014-07-22,0.0034373496860349065,0.0032846910180705205,5.158730265167025e-07,0.006354278126121882,5.158730265167025e-07,0.0066549976039814345,5.158730265167025e-07,0.0037087701377687965,0.004357695645764492,0.0,5.158730265167025e-07
2014-07-23,0.0021478390321866417,0.0025807202091571255,7.936507759113159e-07,0.006417537812422935,7.936507759113159e-07,0.003177157544580996,7.936507759113159e-07,0.0033302994931864727,0.002219656513912316,0.0,7.936507759113159e-07
2014-07-24,-0.0011429672095797758,-5.9478051878450255e-05,7.936507759113159e-07,-0.0011309784159144742,7.936507759113159e-07,0.0011293193560135324,7.936507759113159e-07,0.0004980347938601803,5.076310413265617e-05,0.0,7.936507759113159e-07
2014-07-25,-0.004173057920620858,-0.0023281707149348544,7.936507759113159e-07,-0.003913209670831863,7.936507759113159e-07,-0.004199461604993404,7.936507759113159e-07,-0.0036907645997661664,-0.004681740440045767,0.0,7.936507759113159e-07
2014-07-28,-3.5248340874823606e-05,0.0003604173082091019,7.936507759113159e-07,0.0003101603945150355,7.936507759113159e-07,0.0025456670577433576,7.936507759113159e-07,-0.0012955360259125355,0.0004043042267722896,0.0,7.936507759113159e-07
2014-07-29,-0.002551930782776822,-0.0019377085044695239,9.920635068463902e-07,-0.0017564831473135811,9.920635068463902e-07,-0.004013769903313332,9.920635068463902e-07,-0.005745581822895834,-0.00429715293992361,0.0,9.920635068463902e-07
2014-07-30,-0.00016962464337997186,0.0002782683003419664,1.1111111454074344e-06,0.003933669262990547,1.1111111454074344e-06,-0.0002741535077863675,1.1111111454074344e-06,-0.006758355645084951,0.00015264618864696544,0.0,1.1111111454074344e-06
2014-07-31,-0.011703581500601178,-0.011469820913336544,1.1111111454074344e-06,-0.020210066210222477,1.1111111454074344e-06,-0.019149145517932637,1.1111111454074344e-06,-0.02064151166422909,-0.019748566370538345,0.0,1.1111111454074344e-06
2014-08-01,-0.0012876150535455944,-0.0015082915879406531,7.142856835372864e-07,-0.0036838313818311486,7.142856835372864e-07,-0.00042061225787866797,7.142856835372864e-07,-0.0029533102247186194,-0.0030552403223513824,0.0,7.142856835372864e-07
2014-08-04,0.004591494453192491,0.003840719175863099,7.142856835372864e-07,0.006866078381285279,7.142856835372864e-07,0.003850792705781259,7.142856835372864e-07,0.010048192875280915,0.007220389923991322,0.0,7.142856835372864e-07
2014-08-05,-0.005605348921767945,-0.004910076621612947,5.95238081933487e-07,-0.007658643134013099,5.95238081933487e-07,-0.006570596357514446,5.95238081933487e-07,-0.0128283272024588,-0.00969582822151005,0.0,5.95238081933487e-07
2014-08-06,-0.0001563056176401184,-0.0003419743315904865,9.920635068463902e-07,-0.0007396560899854965,9.920635068463902e-07,-0.002326261853827449,9.920635068463902e-07,0.001681289978331807,0.0003123673400946547,0.0,9.920635068463902e-07
2014-08-07,-0.0029779456263402788,-0.0018221150457155165,7.936507759113159e-07,-0.0031741848423934016,7.936507759113159e-07,0.0007483099614510325,7.936507759113159e-07,-0.007349812970246228,-0.005414559584164924,0.0,7.936507759113159e-07
2014-08-08,0.004003272888661327,0.004471404711229384,7.936507759113159e-07,0.00721714935029949,7.936507759113159e-07,0.004686798318552417,7.936507759113159e-07,0.01096187167959839,0.011568700285461864,0.0,7.936507759113159e-07
2014-08-11,0.002578173783572877,0.0029008181458064445,7.936507759113159e-07,0.0059009156353109216,7.936507759113159e-07,0.006208790966475678,7.936507759113159e-07,0.0027667224057109363,0.0028978721991212986,0.0,7.936507759113159e-07
2014-08-12,0.00016648669841575815,-0.0006303059975680403,9.920635068463902e-07,-0.0004192091370767148,9.920635068463902e-07,-0.0019277751934659488,9.920635068463902e-07,-0.0013214442540246119,-0.0013935390602164421,0.0,9.920635068463902e-07
2014-08-13,0.005599761242057411,0.004816906568663848,9.920635068463902e-07,0.010584823717621372,9.920635068463902e-07,0.007511993058655205,9.920635068463902e-07,0.005358894059808883,0.0067691980511948024,0.0,9.920635068463902e-07
2014-08-14,0.0028040591259003494,0.0023945501947549813,1.190476163866974e-06,0.005185322179431351,1.190476163866974e-06,0.004935761157585761,1.190476163866974e-06,3.3243928130671785e-05,0.004721922382572741,0.0,1.190476163866974e-06
2014-08-15,0.0022044344518569433,0.0021456013638277375,1.1111111454074344e-06,0.004849020944622362,1.1111111454074344e-06,0.004355859265935587,1.1111111454074344e-06,0.0029491575383477353,-0.00020412836233629772,0.0,1.1111111454074344e-06
2014-08-18,0.004637613702353496,0.0036200604203392456,8.730158682853457e-07,0.007700348225579967,8.730158682853457e-07,0.002473765624674569,8.730158682853457e-07,0.006951997325340187,0.008379000767358091,0.0,8.730158682853457e-07
2014-08-19,0.003846462512912629,0.0026425985407857754,8.730158682853457e-07,0.005603333551795098,8.730158682853457e-07,0.002395615815031745,8.730158682853457e-07,0.0049071395538761164,0.00521900126716579,0.0,8.730158682853457e-07
2014-08-20,-7.138345416044024e-05,9.125114334782524e-05,9.920635068463902e-07,0.0,9.920635068463902e-07,-0.0012094092088978194,9.920635068463902e-07,0.0007197867550609582,0.0026714857138223636,0.0,9.920635068463902e-07
2014-08-21,0.0011293318934993517,0.0010456121738656003,9.920635068463902e-07,0.0020263917395764164,9.920635068463902e-07,0.0011375966237545665,9.920635068463902e-07,0.0014937054453069143,0.002915757069838598,0.0,9.920635068463902e-07
2014-08-22,0.00011359302292114127,-0.00036834645908456244,5.95238081933487e-07,0.001516593466003524,5.95238081933487e-07,-0.0015703986569288353,5.95238081933487e-07,-0.003956258128139739,-0.0015533688881169683,0.0,5.95238081933487e-07
2014-08-25,0.0015627156830501161,0.0023588718903953415,5.95238081933487e-07,0.003533697222876997,5.95238081933487e-07,0.004219944222414525,5.95238081933487e-07,0.004620060521243086,0.005070085957506354,0.0,5.95238081933487e-07
2014-08-26,-0.0001347864802895298,0.0002640213119092621,5.95238081933487e-07,0.0010059764459795506,5.95238081933487e-07,0.001255878084569691,5.95238081933487e-07,-0.002247568315864867,0.0006494515591837224,0.0,5.95238081933487e-07
2014-08-27,0.0010753171256820692,0.0009366696003672287,9.920635068463902e-07,0.0002010099087543793,9.920635068463902e-07,0.004598080944530292,9.920635068463902e-07,0.0022635234033950014,-0.00039959705973513504,0.0,9.920635068463902e-07
2014-08-28,1.9130381820156657e-05,-0.0005127889038228754,9.920635068463902e-07,-0.0011053743416483686,9.920635068463902e-07,-0.0019132252878846603,9.920635068463902e-07,0.0009141557490982559,-0.0005493269437018,0.0,9.920635068463902e-07
2014-08-29,0.004904231342388388,0.0017920180058234498,8.730158682853457e-07,0.003722092301561286,8.730158682853457e-07,0.0009478974381949371,8.730158682853457e-07,0.005054004249045618,0.002848348795228439,0.0,8.730158682853457e-07
2014-09-02,0.0005718504384000006,-0.0006527606849595006,7.142856835372864e-07,0.0029062548990184123,7.142856835372864e-07,-0.005299323754457444,7.142856835372864e-07,-0.0054729989980033256,-0.0004981078612307233,0.0,7.142856835372864e-07
2014-09-03,-0.0035079689125246906,-0.0007094642311797542,7.936507759113159e-07,-0.005896141937396182,7.936507759113159e-07,0.004262001517584713,7.936507759113159e-07,0.0016615264589535383,-0.0005485274248792082,0.0,7.936507759113159e-07
2014-09-04,-0.0001837868115840556,-0.0016451263368089995,7.936507759113159e-07,-0.0009042642779201193,7.936507759113159e-07,-0.00523993532023681,7.936507759113159e-07,-0.00524845174857988,-0.0014464364125017504,0.0,7.936507759113159e-07
2014-09-05,0.0043923329081718785,0.0029726574452020567,7.936507759113159e-07,0.005030640593035374,7.936507759113159e-07,0.005368307193466186,7.936507759113159e-07,0.005723536669686224,0.004495194859366558,0.0,7.936507759113159e-07
2014-09-08,0.00022395197460993243,-0.0007367349894494083,7.936507759113159e-07,0.0019021802846528324,7.936507759113159e-07,-0.0038145088537782455,7.936507759113159e-07,-0.004464217553049654,-0.0025858655165744704,0.0,7.936507759113159e-07
2014-09-09,-0.003424324068993675,-0.0041783183053999366,7.936507759113159e-07,-0.008293523844946749,7.936507759113159e-07,-0.007143260491234667,7.936507759113159e-07,-0.005588890965434495,-0.006330894805823606,0.0,7.936507759113159e-07
2014-09-10,0.00413761729493657,0.002337382826592565,5.95238081933487e-07,0.008261912782661085,5.95238081933487e-07,-0.0007648365341302124,5.95238081933487e-07,0.0010426185600835307,0.0037623307021579233,0.0,5.95238081933487e-07
2014-09-11,0.00041223149811236504,-0.0004424949154293149,5.95238081933487e-07,-0.0007993762808682359,5.95238081933487e-07,-0.0036123226732870752,5.95238081933487e-07,0.0021275089669804403,0.0011500427560817705,0.0,5.95238081933487e-07
2014-09-12,-0.004592334981689324,-0.00400035584162209,3.9682538795565797e-07,-0.005100843149554168,3.9682538795565797e-07,-0.0078535612534996,3.9682538795565797e-07,-0.011091560169117026,-0.005841117567306542,0.0,3.9682538795565797e-07
2014-09-15,-0.0051430546742837835,-0.003207581016713461,3.9682538795565797e-07,-0.00964974600465951,3.9682538795565797e-07,-0.005142608361288067,3.9682538795565797e-07,0.0003265589534392492,-0.0007538416660051173,0.0,3.9682538795565797e-07
2014-09-16,0.006276177135597134,0.005234937025021564,3.9682538795565797e-07,0.008728978743958615,3.9682538795565797e-07,0.009783440711989591,3.9682538795565797e-07,0.010196343658026852,0.007538838642396017,0.0,3.9682538795565797e-07
2014-09-17,0.0004447071418867728,3.494305675120155e-05,5.95238081933487e-07,0.0015098578025045661,5.95238081933487e-07,-0.0021439537582877977,5.95238081933487e-07,-0.0012213374512051178,0.001346826168161508,0.0,5.95238081933487e-07
2014-09-18,0.0035780924557332634,0.0033197641823008487,5.158730265167025e-07,0.0075352184350214735,5.158730265167025e-07,0.004745724762053483,5.158730265167025e-07,0.0032419601560564897,0.005329829131975883,0.0,5.158730265167025e-07
2014-09-19,-0.0004622534538599981,-0.000824310999935411,3.9682538795565797e-07,-0.0006197768886616606,3.9682538795565797e-07,-0.0030189400959609314,3.9682538795565797e-07,-0.0014908616820176186,-0.0009009141790023989,0.0,3.9682538795565797e-07
2014-09-22,-0.005364996235308228,-0.0049964466660228244,2.777777863518586e-07,-0.009302084885301487,2.777777863518586e-07,-0.010737107630195381,2.777777863518586e-07,-0.004812254914304648,-0.007722987820243277,0.0,2.777777863518586e-07
2014-09-23,-0.001747746844101066,-0.0019267164010322287,1.1904762008242191e-07,-0.002725853712292725,1.1904762008242191e-07,-0.0014208798296374923,1.1904762008242191e-07,-0.006028107388477727,-0.005724652668562369,0.0,1.1904762008242191e-07
2014-09-24,0.005449027960107409,0.005101557620533094,2.777777863518586e-07,0.01073088475879147,2.777777863518586e-07,0.004338598957828585,2.777777863518586e-07,0.011808208433964629,0.007828472879785497,0.0,2.777777863518586e-07
2014-09-25,-0.012099201766831862,-0.009400628409981454,2.777777863518586e-07,-0.021033726580528045,2.777777863518586e-07,-0.008441426901683775,2.777777863518586e-07,-0.01665868801776113,-0.01613605607468438,0.0,2.777777863518586e-07
2014-09-26,0.0065721646879125665,0.004803299465661218,1.9841269397782899e-07,0.010640582244573205,1.9841269397782899e-07,0.005707562767833388,1.9841269397782899e-07,0.006910343435141908,0.007945608822709005,0.0,1.9841269397782899e-07
2014-09-29,-0.0008604849748454166,-0.0005219364342993074,1.9841269397782899e-07,-0.001316132400604686,1.9841269397782899e-07,0.001627421554598422,1.9841269397782899e-07,-0.0030065636618867016,-0.0018189958036636256,0.0,1.9841269397782899e-07
2014-09-30,-7.23381996693837e-05,-0.000588112754571298,1.9841269397782899e-07,0.0014193779133664375,1.9841269397782899e-07,-0.0022859955476787945,1.9841269397782899e-07,-0.004026983357034719,-0.0026323206557754553,0.0,1.9841269397782899e-07
2014-10-01,-0.009155326974206707,-0.007064845246007504,5.158730265167025e-07,-0.015993624006443552,5.158730265167025e-07,-0.003384678652984234,5.158730265167025e-07,-0.015425128168544994,-0.013551897177707994,0.0,5.158730265167025e-07
2014-10-02,-0.00012301914234289955,-0.00042008136192946745,5.158730265167025e-07,0.0,5.158730265167025e-07,-0.0028523813094103088,5.158730265167025e-07,-3.961021271661714e-05,0.00015425596026830135,0.0,5.158730265167025e-07
2014-10-03,0.005242463043006698,0.005925446215885218,3.9682538795565797e-07,0.009875335012473396,3.9682538795565797e-07,0.008383649808186918,3.9682538795565797e-07,0.013732382999461501,0.011009302977887936,0.0,3.9682538795565797e-07
2014-10-06,-0.0011407687679423164,-0.0011278268202208326,3.9682538795565797e-07,-0.0021388395097662327,3.9682538795565797e-07,-0.0009049844774592734,3.9682538795565797e-07,-0.0036973307728682954,-0.0011702021616618596,0.0,3.9682538795565797e-07
2014-10-07,-0.008344318493597954,-0.0070922175304971285,3.9682538795565797e-07,-0.014189396691881018,3.9682538795565797e-07,-0.00537496364211365,3.9682538795565797e-07,-0.015810155871269244,-0.015436495897786506,0.0,3.9682538795565797e-07
2014-10-08,0.011486196191324644,0.009938030752817946,3.9682538795565797e-07,0.019467461910642303,3.9682538795565797e-07,0.012402863885242846,3.9682538795565797e-07,0.01898905598926426,0.017489348335912425,0.0,3.9682538795565797e-07
2014-10-09,-0.009446607149500725,-0.009252897971632028,1.9841269397782899e-07,-0.01615032452038201,1.9841269397782899e-07,-0.01344629671269981,1.9841269397782899e-07,-0.017109687121649342,-0.019832908087895507,0.0,1.9841269397782899e-07
2014-10-10,-0.015106690434764439,-0.008630216181597943,1.9841269397782899e-07,-0.02498415163836476,1.9841269397782899e-07,-0.004383433069431563,1.9841269397782899e-07,-0.008706510738377582,-0.01141435629173071,0.0,1.9841269397782899e-07
2014-10-13,-0.013535511900496055,-0.01174376174761848,1.9841269397782899e-07,-0.01567170839338372,1.9841269397782899e-07,-0.0014566802287262108,1.9841269397782899e-07,-0.014342540855235952,-0.016426828398284354,-0.09882261767388478,1.9841269397782899e-07
2014-10-14,-0.00016133923755755645,0.0007219958297905928,1.9841269397782899e-07,0.00010763465440888353,1.9841269397782899e-07,0.002877125030492496,1.9841269397782899e-07,0.00019021256592885493,-0.001,0.006388653417921386,1.9841269397782899e-07
2014-10-15,-0.005585858861163551,-0.0032527269356894895,1.9841269397782899e-07,-0.0064537040378129795,1.9841269397782899e-07,0.0023663404649760062,1.9841269397782899e-07,-0.010068372436718875,-0.0,-0.01974958472872601,1.9841269397782899e-07
2014-10-16,-0.003968460655040802,-0.004944208323759645,3.9682538795565797e-07,-0.006278980579257021,3.9682538795565797e-07,-0.00512105324471405,3.9682538795565797e-07,-0.005107318537263594,-0.0,-0.041914046135260175,3.9682538795565797e-07
2014-10-17,0.010456151295732442,0.0069601972329509515,7.936507759113159e-07,0.013181979927148424,7.936507759113159e-07,0.001560999048936917,7.936507759113159e-07,0.013180150066003149,0.0,0.04224558901441644,7.936507759113159e-07
2014-10-20,0.011071029406566065,0.009586722082857914,8.730158682853457e-07,0.014946528399606418,8.730158682853457e-07,0.0066654164487067735,8.730158682853457e-07,0.009858242257336447,0.0,0.07728339119518912,8.730158682853457e-07
2014-10-21,0.014471207046335107,0.010430297048166726,7.936507759113159e-07,0.026273780609423092,7.936507759113159e-07,0.005186921503263386,7.936507759113159e-07,0.01722756248511481,0.018810659804103902,-0.001,7.936507759113159e-07
2014-10-22,-0.0032425679443575605,-0.0024586003788566635,7.142856835372864e-07,-0.005161492740054396,7.142856835372864e-07,-0.001455340704205832,7.142856835372864e-07,-0.004168474266473127,-0.007110810725493688,0.0,7.142856835372864e-07
2014-10-23,0.007420029946671829,0.005420253268544847,5.95238081933487e-07,0.015046291786198651,5.95238081933487e-07,0.0006750533334515256,5.95238081933487e-07,0.006853543742249363,0.011624993271678541,0.0,5.95238081933487e-07
2014-10-24,0.004608020335883466,0.004368143714910066,5.95238081933487e-07,0.008178269119439419,5.95238081933487e-07,0.004958717109549389,5.95238081933487e-07,0.010024569701066577,0.007694912615126892,0.0,5.95238081933487e-07
2014-10-27,0.0003155938264220511,0.00016171879530333465,1.9841269397782899e-07,0.0007097777984246267,1.9841269397782899e-07,0.00039096546066863525,1.9841269397782899e-07,0.0002866348934228713,-0.001374645958279297,0.0,1.9841269397782899e-07
2014-10-28,0.007957348640300997,0.0066689597671827725,1.9841269397782899e-07,0.01509770152993739,1.9841269397782899e-07,0.006771825847533256,1.9841269397782899e-07,0.01018407105149799,0.0114705189105746,0.0,1.9841269397782899e-07
2014-10-29,-0.002384393455323884,-0.0012074735954541594,5.95238081933487e-07,-0.0036932976107145743,5.95238081933487e-07,-0.0009799945535237848,5.95238081933487e-07,-0.0002394846518685989,-0.0015119332924895534,0.0,5.95238081933487e-07
2014-10-30,0.0009185828983396,0.0026555297504493474,5.95238081933487e-07,0.0021039461783076696,5.95238081933487e-07,0.003117328950059968,5.95238081933487e-07,0.011809353587672766,0.006410867362927064,0.0,5.95238081933487e-07
2014-10-31,0.007804010614037804,0.006219914377423113,1.1904762008242191e-07,0.013797535798536043,1.1904762008242191e-07,0.0075465399299701925,1.1904762008242191e-07,0.007809018280193092,0.011434785597303154,0.0,1.1904762008242191e-07
2014-11-03,0.0009368003606571182,0.0013495627659359673,1.1904762008242191e-07,0.0029581306497279414,1.1904762008242191e-07,0.0011679496376135004,1.1904762008242191e-07,0.003938700976519882,0.0005457182631125601,0.0,1.1904762008242191e-07
2014-11-04,-0.0007763410715012213,-0.0014041011734584454,1.1904762008242191e-07,-0.0033430265595053577,1.1904762008242191e-07,-0.0012340804119512403,1.1904762008242191e-07,-0.0012306815135956495,-0.0034693734787517583,0.0,1.1904762008242191e-07
2014-11-05,0.0013826788139150914,0.0015843802095043202,8.730158682853457e-07,9.887931289997987e-05,8.730158682853457e-07,0.002076144771239112,8.730158682853457e-07,0.007742318729772907,0.006316307499453,0.0,8.730158682853457e-07
2014-11-06,0.0016879133631292642,0.001420469040957453,7.936507759113159e-07,0.003156580780239615,7.936507759113159e-07,0.0038229546521348907,7.936507759113159e-07,-0.0024260409086929724,0.0040030240325925615,0.0,7.936507759113159e-07
2014-11-07,-0.001438635631808959,0.0003817867867405223,7.142856835372864e-07,-0.0008849742709979846,7.142856835372864e-07,0.0031792310299409254,7.142856835372864e-07,0.0005576550746091424,0.0009353073292108771,0.0,7.142856835372864e-07
2014-11-10,0.0019132677556466448,0.0021849281604916547,7.142856835372864e-07,0.0035431968493162547,7.142856835372864e-07,0.0032199721536390062,7.142856835372864e-07,0.0057985674522058606,0.0031472564939867276,0.0,7.142856835372864e-07
2014-11-11,0.0011548731029701882,0.0010292196451418872,5.95238081933487e-07,0.003138724862025599,5.95238081933487e-07,0.001600628335273413,5.95238081933487e-07,-0.0006930221156664085,0.0009807058471265062,0.0,5.95238081933487e-07
2014-11-12,0.0011135808588644918,-0.00019505745607661156,5.95238081933487e-07,0.0017597382846206155,5.95238081933487e-07,-0.0007199437929766104,5.95238081933487e-07,-0.004463806794440861,-0.0010775097495708819,0.0,5.95238081933487e-07
2014-11-13,0.002612932316553299,0.0014491727626693754,5.158730265167025e-07,0.004294207104516667,5.158730265167025e-07,0.002594102090592039,5.158730265167025e-07,-0.0009824621500371666,0.001127789722953354,0.0,5.158730265167025e-07
2014-11-14,0.0014895029778590231,0.0009884706207745322,1.9841269397782899e-07,0.003109971404612555,1.9841269397782899e-07,0.0027442470149591594,1.9841269397782899e-07,-0.0021910163374999625,0.0002450382266929729,0.0,1.9841269397782899e-07
2014-11-17,-0.0006290702569019594,-0.0007547961703270393,1.1904762008242191e-07,-0.0030032319487545145,1.1904762008242191e-07,-0.001625861589703903,1.1904762008242191e-07,0.0019211717323477932,0.0006364692214115841,0.0,1.1904762008242191e-07
2014-11-18,0.003813948857112866,0.0037691602634610595,3.9682538795565797e-07,0.007482163478813142,3.9682538795565797e-07,0.005341538592159874,3.9682538795565797e-07,0.006642192398062241,0.005773871958353105,0.0,3.9682538795565797e-07
2014-11-19,-0.003285650522833341,-0.0021268712412466115,5.95238081933487e-07,-0.0045331946784201715,5.95238081933487e-07,-0.004165758759745342,5.95238081933487e-07,-0.00248486931917008,-0.0016055370418585069,0.0,5.95238081933487e-07
2014-11-20,0.0026303007235820093,0.0017298600807366222,5.95238081933487e-07,0.004457054600374155,5.95238081933487e-07,0.0038102880345822023,5.95238081933487e-07,-0.0008767152580786974,0.001753750651826591,0.0,5.95238081933487e-07
2014-11-21,0.0008384116273780534,0.001931082960084623,5.95238081933487e-07,0.0019288520673821363,5.95238081933487e-07,0.004436892197014671,5.95238081933487e-07,0.0038181448835375442,0.00535104230608674,0.0,5.95238081933487e-07
2014-11-24,0.0037038363833875043,0.0031417918019043967,1.1904762008242191e-07,0.007798250085663927,1.1904762008242191e-07,0.003812685348486481,1.1904762008242191e-07,0.004098093599814778,0.002806379036765838,0.0,1.1904762008242191e-07
2014-11-25,0.00040250968047025957,0.0008289042552086437,1.9841269397782899e-07,0.0015285445368562467,1.9841269397782899e-07,0.003041146656179161,1.9841269397782899e-07,0.0004483510445741079,-0.000724046213536611,0.0,1.9841269397782899e-07
2014-11-26,0.004841800537612975,0.0029256408981019047,7.142856835372864e-07,0.006485722948248673,7.142856835372864e-07,0.003922541572561148,7.142856835372864e-07,0.005236673272227321,0.0025590594011424272,0.0,7.142856835372864e-07
2014-11-28,0.0028342786148098267,0.0023291695317090313,3.9682538795565797e-07,0.004644111714284138,3.9682538795565797e-07,0.0034750656294251967,3.9682538795565797e-07,0.0080565911819942,-0.002118751036350508,0.0,3.9682538795565797e-07
2014-12-01,-0.005985330784659748,-0.0050130754398032325,1.9841269397782899e-07,-0.0113195454076358,1.9841269397782899e-07,-0.008034552228448028,1.9841269397782899e-07,-0.004568248954387316,-0.006949944564185184,0.0,1.9841269397782899e-07
2014-12-02,0.0022285363897131473,0.0020627539048750495,2.777777863518586e-07,0.0040072324299111894,2.777777863518586e-07,0.00025317856444588126,2.777777863518586e-07,0.005380710675117029,0.00646410223250804,0.0,2.777777863518586e-07
2014-12-03,0.0026137858254455023,0.0011002883101773964,5.95238081933487e-07,0.0018052525521674578,5.95238081933487e-07,0.0031914463555804407,5.95238081933487e-07,-0.001196475596687202,0.0038628310145407685,0.0,5.95238081933487e-07
2014-12-04,0.0019179806509442786,6.349439151155736e-05,1.9841269397782899e-07,-0.00047408956833550064,1.9841269397782899e-07,0.0022603243348860253,1.9841269397782899e-07,-0.0007411112736820102,-0.0011064696452641742,0.0,1.9841269397782899e-07
2014-12-05,0.0002247831325480237,-3.7023094112060336e-05,5.158730265167025e-07,9.472033148938408e-05,5.158730265167025e-07,-0.0013657764900801839,5.158730265167025e-07,0.00021172201175012617,0.001637645821586542,0.0,5.158730265167025e-07
2014-12-08,-0.004289760753213749,-0.002506471880781584,3.9682538795565797e-07,-0.007116893537066238,3.9682538795565797e-07,-0.0005259217205667204,3.9682538795565797e-07,-0.0014725588569903243,-0.006683110946427595,0.0,3.9682538795565797e-07
2014-12-09,0.000989235883174989,0.0008648719062814011,1.9841269397782899e-07,0.003154099108547914,1.9841269397782899e-07,0.0025389357707564786,1.9841269397782899e-07,-0.0025376053486457772,-0.0006772958097335247,0.0,1.9841269397782899e-07
2014-12-10,-0.009064715727153243,-0.007675675733256663,1.1111111454074344e-06,-0.01572027417814459,1.1111111454074344e-06,-0.008148701230474065,1.1111111454074344e-06,-0.01321304366056289,-0.016031449989538316,0.0,1.1111111454074344e-06
2014-12-11,0.003027104600018821,0.0022744209014666224,9.920635068463902e-07,0.004742647575557424,9.920635068463902e-07,0.0017196120599400535,9.920635068463902e-07,0.004502539381253057,0.0050698778642830344,0.0,9.920635068463902e-07
2014-12-12,-0.010357742981755114,-0.009162471911912804,8.730158682853457e-07,-0.010885952791601095,8.730158682853457e-07,-0.00516176858554836,8.730158682853457e-07,-0.015596414609095027,-0.016161214908100185,-0.05790539154640906,8.730158682853457e-07
2014-12-15,-0.003454128154116275,-0.003622655916251511,5.95238081933487e-07,-0.010324388109600346,5.95238081933487e-07,-0.006009114017782516,5.95238081933487e-07,-0.007776741776464341,-0.006870052680569061,0.02305085780256877,5.95238081933487e-07
2014-12-16,-0.010982648872479281,-0.007811998293345565,3.9682538795565797e-07,-0.016041698149158012,3.9682538795565797e-07,0.00046681032591178173,3.9682538795565797e-07,-0.00959144195442585,-0.008019281892491126,-0.04622267871628993,3.9682538795565797e-07
2014-12-17,0.016055351542409193,0.012576399149887361,1.190476163866974e-06,0.01820361070733867,1.190476163866974e-06,0.0007618695180485746,1.190476163866974e-06,0.01872096383824512,0.019605057402915627,0.09136706903097935,1.190476163866974e-06
2014-12-18,0.01431181681707253,0.010308802742994713,7.936507759113159e-07,0.02406661678217481,7.936507759113159e-07,0.00021135774335275404,7.936507759113159e-07,0.02455546489898558,0.024728539460631582,-0.001,7.936507759113159e-07
2014-12-19,0.0007538780732173884,0.0025033886345990513,1.3095238024280185e-06,0.004400183695201676,1.3095238024280185e-06,0.006700555462587631,1.3095238024280185e-06,0.0007871969278432089,0.004254854711871703,0.0,1.3095238024280185e-06
2014-12-22,0.003318512580308473,0.0015805043243354907,9.920635068463902e-07,0.002492229068615126,9.920635068463902e-07,0.0028143399041585435,9.920635068463902e-07,0.0018998097876755109,0.004599902295342018,0.0,9.920635068463902e-07
2014-12-23,-0.0013003332345962772,-0.0020799123356055695,5.95238081933487e-07,-0.0035378930670986186,5.95238081933487e-07,-0.007341182615658673,5.95238081933487e-07,-0.0019569562337846957,0.0013498732602630348,0.0,5.95238081933487e-07
2014-12-24,0.000927227631839548,0.0011234212889670832,7.936507759113159e-07,0.0008635593051986579,7.936507759113159e-07,0.0021342425947779757,7.936507759113159e-07,0.005799235394978619,9.618129934252373e-05,0.0,7.936507759113159e-07
2014-12-26,0.0024933756473236833,0.0032386289887427282,7.936507759113159e-07,0.007094941050195702,7.936507759113159e-07,0.004676967786024629,7.936507759113159e-07,0.005212477763645029,0.0032245712723124598,0.0,7.936507759113159e-07
2014-12-29,-8.533867677083768e-05,0.0008741656834010834,3.9682538795565797e-07,-0.00019043848421418375,3.9682538795565797e-07,0.0028760448464897337,3.9682538795565797e-07,0.0038949690694019268,0.0013432360305318802,0.0,3.9682538795565797e-07
2014-12-30,-0.0034213000869779066,-0.0033034825107026915,1.1904762008242191e-07,-0.006665270696218473,1.1904762008242191e-07,-0.0031062178681952783,1.1904762008242191e-07,-0.0076883394216836765,-0.005365825396359214,0.0,1.1904762008242191e-07
2014-12-31,-0.005786856139960024,-0.005509157890176764,7.936507759113159e-07,-0.01025686432936479,7.936507759113159e-07,-0.006090109982211563,7.936507759113159e-07,-0.012874566895627354,-0.009923020765910229,0.0,7.936507759113159e-07
2015-01-02,-0.0009527825887295732,-0.00027558251006579496,1.4682539871760777e-06,-0.003002567497979891,1.4682539871760777e-06,0.0025268542395847264,1.4682539871760777e-06,0.001356993519968902,-0.0005352707473500473,0.0,1.4682539871760777e-06
2015-01-05,-0.008693624574665847,-0.00700701424555377,5.95238081933487e-07,-0.014668514920384346,5.95238081933487e-07,-0.005673186239290991,5.95238081933487e-07,-0.011346325170104588,-0.01805958019906939,0.0,5.95238081933487e-07
2015-01-06,-0.006170022512025522,-0.004073623521385973,1.1904762008242191e-07,-0.01340817062574795,1.1904762008242191e-07,0.0031088153119681614,1.1904762008242191e-07,-0.004815449165629981,-0.009418625808769843,0.0,1.1904762008242191e-07
2015-01-07,0.00986721501247306,0.00779565915445116,7.936507759113159e-07,0.012890588683842186,7.936507759113159e-07,0.0035768198606693784,7.936507759113159e-07,0.0152276400485023,0.012460956408246293,0.03157790664838667,7.936507759113159e-07
2015-01-08,0.012888063764124172,0.0075112767272596005,7.936507759113159e-07,0.019139757551587477,7.936507759113159e-07,0.0006060519536651441,7.936507759113159e-07,0.013542946810628509,0.017745025716639162,-0.001,7.936507759113159e-07
2015-01-09,-0.003687020548339561,-0.00344771984707161,7.142856835372864e-07,-0.006582846112309859,7.142856835372864e-07,-0.0018812680076494641,7.142856835372864e-07,-0.00919024780361416,-0.008013673071099459,0.0,7.142856835372864e-07
2015-01-12,-0.00557860133800088,-0.003684238502791624,5.95238081933487e-07,-0.010426538210912217,5.95238081933487e-07,-0.0010616211831182918,5.95238081933487e-07,-0.0033102663846886204,-0.007833701153381223,0.0,5.95238081933487e-07
2015-01-13,-0.00011993047262820425,-0.0003835903307064049,5.158730265167025e-07,-0.00029547495941828483,5.158730265167025e-07,0.00020901319962851606,5.158730265167025e-07,-0.0013029808379523278,-0.00281257527645995,0.0,5.158730265167025e-07
2015-01-14,-0.0037460872038361363,-0.002723925625419576,9.126984144723604e-07,-0.005516425696180605,9.126984144723604e-07,0.002226753653768935,9.126984144723604e-07,-0.002510792457062316,-0.006037269416721669,-0.01950508848928223,9.126984144723604e-07
2015-01-15,-0.007903684828443933,-0.005214794058735201,9.920635068463902e-07,-0.012975175951443041,9.920635068463902e-07,0.0037653828470777246,9.920635068463902e-07,-0.0035185134224904047,-0.009160695526914231,-0.029944528236164336,9.920635068463902e-07
2015-01-16,0.008446402793279142,0.005619724254846332,9.126984144723604e-07,0.011741154295150213,9.126984144723604e-07,-0.00279314354269807,9.126984144723604e-07,0.0122395379216792,0.01311438434134704,0.01791155935419675,9.126984144723604e-07
2015-01-20,0.0033158951551950787,0.003807222779527074,7.142856835372864e-07,0.007934486901751026,7.142856835372864e-07,0.007838627880602337,7.142856835372864e-07,0.00019651037864959475,0.0021324554428128195,0.00935979066151793,7.142856835372864e-07
2015-01-21,0.00331512929404617,0.001614378213667546,3.1746033253887344e-07,0.005117467599285108,3.1746033253887344e-07,-0.003732789710918394,3.1746033253887344e-07,0.005661950766647494,0.005048420256149377,-0.001,3.1746033253887344e-07
2015-01-22,0.008960640835245774,0.00720573137252359,7.936507759113159e-07,0.01850389688532439,7.936507759113159e-07,0.0041412651374562,7.936507759113159e-07,0.00843002620024963,0.014870757653959066,0.0,7.936507759113159e-07
2015-01-23,-0.00031837945055744794,1.5023187365464366e-05,5.95238081933487e-07,0.002211305156754939,5.95238081933487e-07,0.0028824495808938613,5.95238081933487e-07,-0.005591722142440331,-0.005482557027865931,0.0,5.95238081933487e-07
2015-01-26,-0.0005543626870034653,-5.833598733537068e-05,5.158730265167025e-07,-0.0011514977964047768,5.158730265167025e-07,-0.0006174589232849451,5.158730265167025e-07,0.0014637290833634797,0.0023415564425146584,0.0,5.158730265167025e-07
2015-01-27,-0.012475967506235917,-0.009788180325100449,1.9841269397782899e-07,-0.025926673127491195,1.9841269397782899e-07,-0.010381039062060225,1.9841269397782899e-07,-0.007601669177047937,-0.01319005000452489,0.0,1.9841269397782899e-07
2015-01-28,-0.003906868126276504,-0.0036055352109460683,7.142856835372864e-07,-0.00512605608164185,7.142856835372864e-07,-0.001876245543969108,7.142856835372864e-07,-0.010809507020418163,-0.012824877329940976,0.0,7.142856835372864e-07
2015-01-29,0.008156194469655053,0.005136334953205639,5.95238081933487e-07,0.009611684518334496,5.95238081933487e-07,-0.0008385128665884617,5.95238081933487e-07,0.010328544853270671,0.009243524240390322,0.02265756995754631,5.95238081933487e-07
2015-01-30,-0.00798012842935279,-0.005428901524804351,3.9682538795565797e-07,-0.007753490253792572,3.9682538795565797e-07,-0.004664784661809825,3.9682538795565797e-07,-0.01797835956770738,-0.012574723647534425,-0.001,3.9682538795565797e-07
2015-02-02,0.007238511959842068,0.006951220215435148,1.9841269397782899e-07,0.008704282676483155,1.9841269397782899e-07,0.0005598271101979385,1.9841269397782899e-07,0.0072120240579413575,0.012384171138883238,0.06082191508897494,1.9841269397782899e-07
2015-02-03,0.005930974172630954,0.003450986972270784,1.9841269397782899e-07,0.009609528034149273,1.9841269397782899e-07,-0.006664528079378636,1.9841269397782899e-07,0.01013663059656189,0.014460755091447064,-0.001,1.9841269397782899e-07
2015-02-04,0.0011309644268292123,-0.0011924501113991658,5.95238081933487e-07,-0.0008739628907750152,5.95238081933487e-07,-0.001657569498983583,5.95238081933487e-07,-0.00439932707665297,-0.003807796114256079,0.0,5.95238081933487e-07
2015-02-05,0.005602239315186016,0.003454405532295355,1.9841269397782899e-07,0.008651743094115094,1.9841269397782899e-07,-0.0026606563921277204,1.9841269397782899e-07,0.009333798757345246,0.01009498476967563,0.0,1.9841269397782899e-07
2015-02-06,-0.004631545871503351,-0.004558242726466913,3.1746033253887344e-07,-0.006071852619773943,3.1746033253887344e-07,-0.00951261555893723,3.1746033253887344e-07,-0.0140611191742826,-0.0027650465981687855,0.0,3.1746033253887344e-07
2015-02-09,-0.0029462922951152865,-0.002670442822663927,5.95238081933487e-07,-0.003199704875797238,5.95238081933487e-07,-0.00491099561088204,5.95238081933487e-07,-0.007983593371927195,-0.004476018363549605,0.0,5.95238081933487e-07
2015-02-10,0.009765628120405762,0.007037289880324743,1.1904762008242191e-07,0.015564136878416956,1.1904762008242191e-07,0.0054213684240627105,1.1904762008242191e-07,0.015339874607466997,0.010653656611838258,0.0,1.1904762008242191e-07
2015-02-11,0.002123358452873311,0.0008640166635725679,1.9841269397782899e-07,0.003639795833773718,1.9841269397782899e-07,0.002023224724809314,1.9841269397782899e-07,-0.003929722308681161,0.0005798899086708609,0.0,1.9841269397782899e-07
2015-02-12,0.006244377731752447,0.0049166785364455345,1.9841269397782899e-07,0.01164343148562752,1.9841269397782899e-07,0.005983792758766778,1.9841269397782899e-07,0.00386915252039724,0.00961696020077829,0.0,1.9841269397782899e-07
2015-02-13,0.0023244584856045363,0.0023301159984764914,3.1746033253887344e-07,0.00858506477172738,3.1746033253887344e-07,0.0008109916503966641,3.1746033253887344e-07,-0.002466489280164408,0.004116624151913495,0.0,3.1746033253887344e-07
2015-02-17,0.0010038161022108672,-0.00016905547003374303,1.9841269397782899e-07,0.0009351483740238642,1.9841269397782899e-07,-0.004182399407266391,1.9841269397782899e-07,0.0010647103854027895,0.0015730909984590369,0.0,1.9841269397782899e-07
2015-02-18,0.000944397116736633,0.0014733336982223912,3.1746033253887344e-07,0.001402072434918633,3.1746033253887344e-07,0.0024789057793610514,3.1746033253887344e-07,0.007437505856450755,9.501283113899639e-05,0.0,3.1746033253887344e-07
2015-02-19,0.001147098868955278,0.0007409906553355349,5.158730265167025e-07,0.004945770394940929,5.158730265167025e-07,-0.0007938828797633042,5.158730265167025e-07,-0.003229917744779709,-0.0007139386092113176,0.0,5.158730265167025e-07
2015-02-20,0.004623688882213808,0.0034182264678128396,5.158730265167025e-07,0.006685844592406287,5.158730265167025e-07,0.005206365251348025,5.158730265167025e-07,0.005155825362719191,0.006000804493380363,0.0,5.158730265167025e-07
2015-02-23,0.002351246775743825,0.0008639110663856434,3.9682538795565797e-07,0.0010145452925183207,3.9682538795565797e-07,0.004110426784827351,3.9682538795565797e-07,4.226672114984774e-05,-0.0001419321977881305,0.0,3.9682538795565797e-07
2015-02-24,0.00146930206335401,0.0015058855097604483,5.95238081933487e-07,0.000737326172137065,5.95238081933487e-07,0.005568098526421334,5.95238081933487e-07,0.0027309885060466665,0.0028406251304224917,0.0,5.95238081933487e-07
2015-02-25,-0.002765712971184482,-0.000999987227114994,7.142856835372864e-07,-0.0024863361371506576,7.142856835372864e-07,0.00032755221951785707,7.142856835372864e-07,-0.0036403776771679604,-0.00084973867847149,0.0,7.142856835372864e-07
2015-02-26,0.006134475189261956,0.0005557810726995956,5.95238081933487e-07,0.005077087257856272,5.95238081933487e-07,-0.00325762878492782,5.95238081933487e-07,-0.0013641478599829555,-0.0011816678720484308,0.0,5.95238081933487e-07
2015-02-27,-0.00282021466874374,-0.0017189564662147164,5.158730265167025e-07,-0.004408413401845501,5.158730265167025e-07,-0.001145492599729439,5.158730265167025e-07,-0.001897632051199943,-0.0034057823921006536,0.0,5.158730265167025e-07
2015-03-02,0.005428164031831465,0.0033841198270621337,3.1746033253887344e-07,0.009040402707871653,3.1746033253887344e-07,-0.0007751590745676369,3.1746033253887344e-07,0.007666736876300484,0.0063135486538832275,0.0,3.1746033253887344e-07
2015-03-03,-0.0030850995566673784,-0.002749367923699888,1.9841269397782899e-07,-0.004662433264320476,1.9841269397782899e-07,-0.00479744124623919,1.9841269397782899e-07,-0.00556401019097133,-0.004104091809497334,0.0,1.9841269397782899e-07
2015-03-04,-0.0017093741186550173,-0.0019955536744313863,5.158730265167025e-07,-0.003858059162558325,5.158730265167025e-07,-0.0028793897388384995,5.158730265167025e-07,-0.0028310453543471947,-0.004215913950199046,0.0,5.158730265167025e-07
2015-03-05,0.0008855512242746658,0.0008542731427474263,3.9682538795565797e-07,0.0017520501723875537,3.9682538795565797e-07,0.0011431900217648097,3.9682538795565797e-07,0.0016259935794236124,0.0010940502692315945,0.0,3.9682538795565797e-07
2015-03-06,-0.007313763716509921,-0.007944360474710711,1.1904762008242191e-07,-0.011321802148786864,1.1904762008242191e-07,-0.016492677801887158,1.1904762008242191e-07,-0.01585250856928297,-0.014063948010388683,0.0,1.1904762008242191e-07
2015-03-09,0.002554032747994635,0.00230994562073256,1.9841269397782899e-07,0.0028862009222188068,1.9841269397782899e-07,0.004830336549547232,1.9841269397782899e-07,0.005529811027160492,0.004143990945389087,0.0,1.9841269397782899e-07
2015-03-10,-0.01067516357993081,-0.0082387783335358,1.9841269397782899e-07,-0.018566577335924817,1.9841269397782899e-07,-0.0056375699083689446,1.9841269397782899e-07,-0.0153493371299874,-0.01622172379234743,0.0,1.9841269397782899e-07
2015-03-11,-0.0028345078697648344,-0.0017391477435299105,3.9682538795565797e-07,-0.00576991238688962,3.9682538795565797e-07,0.002555745154397715,3.9682538795565797e-07,-0.005045318476408239,-0.0023417138743656585,0.0,3.9682538795565797e-07
2015-03-12,0.006316714809077626,0.005085043618794543,5.158730265167025e-07,0.006564406725230398,5.158730265167025e-07,0.007487732882907346,5.158730265167025e-07,0.01367066925423277,0.012713965611919287,0.0,5.158730265167025e-07
2015-03-13,-0.003462337747892324,-0.0028441702765592864,7.142856835372864e-07,-0.004347914236489947,7.142856835372864e-07,-0.0036638639380795293,7.142856835372864e-07,-0.007479440344445337,-0.006132003135033148,0.0,7.142856835372864e-07
2015-03-16,0.008937395379282771,0.007233461115260088,9.126984144723604e-07,0.012910649440891486,9.126984144723604e-07,0.00946986487689975,9.126984144723604e-07,0.01582986267668951,0.01336048171798132,0.0,9.126984144723604e-07
2015-03-17,-0.0007728306211016477,0.0002639279354171483,1.190476163866974e-06,0.0015932319239824189,1.190476163866974e-06,0.004184713707685583,1.190476163866974e-06,-0.005395292652085937,-0.002972596550346096,0.0,1.190476163866974e-06
2015-03-18,0.006315973391857348,0.006226264156179089,1.9047619213187506e-06,0.009825185082840138,1.9047619213187506e-06,0.01237793447567063,1.9047619213187506e-06,0.010110613359779752,0.012021297740214099,0.0,1.9047619213187506e-06
2015-03-19,-7.00147974999419e-05,-0.0003405732858772196,1.5079364594486024e-06,0.001482388489787212,1.5079364594486024e-06,-0.0005626263181297182,1.5079364594486024e-06,-0.002851819223843754,-0.004561128234260137,0.0,1.5079364594486024e-06
2015-03-20,0.0034817132762777862,0.004305514424503205,3.9682538795565797e-07,0.006472945991986778,3.9682538795565797e-07,0.006851582652749543,3.9682538795565797e-07,0.009974325233218728,0.008826387160281612,0.0,3.9682538795565797e-07
2015-03-23,-0.0018458266952692134,-0.0008859156010476446,1.1904762008242191e-07,-0.0019349132067303376,1.1904762008242191e-07,-0.0013413814405916675,1.1904762008242191e-07,-0.0005489270490421083,-0.0019483475846483467,0.0,1.1904762008242191e-07
2015-03-24,-0.002594814297721853,-0.0017985203910969375,1.1904762008242191e-07,-0.003600267259385226,1.1904762008242191e-07,0.0019432057586944809,1.1904762008242191e-07,-0.007685631886428512,-0.005618799225179716,0.0,1.1904762008242191e-07
2015-03-25,-0.013259235647903718,-0.010797099942892081,5.95238081933487e-07,-0.022885285518666976,5.95238081933487e-07,-0.018405708548949518,5.95238081933487e-07,-0.012160636950811404,-0.014654027175711959,0.0,5.95238081933487e-07
2015-03-26,-0.0014470200749494165,-0.0024837592498026433,7.142856835372864e-07,-0.003413564433299876,7.142856835372864e-07,-0.006742233840106489,7.142856835372864e-07,-0.004406850115942107,-0.0023810692895285257,0.0,7.142856835372864e-07
2015-03-27,0.003042402608408525,0.0028680698132825225,1.1111111454074344e-06,0.003996040817057844,1.1111111454074344e-06,0.0076031547896508265,1.1111111454074344e-06,0.0055652757769646954,0.0022893026900228097,0.0,1.1111111454074344e-06
2015-03-30,0.00721123569495123,0.005898628207146882,1.190476163866974e-06,0.0114670933443346,1.190476163866974e-06,0.00669113983424004,1.190476163866974e-06,0.011127919734522151,0.012200066902956719,0.0,1.190476163866974e-06
2015-03-31,-0.0067758508701646365,-0.004909416061362414,9.126984144723604e-07,-0.010587563615303108,9.126984144723604e-07,-0.003882143520910578,9.126984144723604e-07,-0.010250300212231334,-0.008739603135488272,0.0,9.126984144723604e-07
2015-04-01,-0.002714230584338199,-0.0016468125826380581,9.920635068463902e-07,-0.005208173776405589,9.920635068463902e-07,0.0027761307122768173,9.920635068463902e-07,-0.004962920521831032,-0.003536254851130738,0.0,9.920635068463902e-07
2015-04-02,0.001145604528242116,0.0005152902601882638,1.3095238024280185e-06,0.0006662053686030678,1.3095238024280185e-06,-0.002693481835247831,1.3095238024280185e-06,0.004825050238063844,0.003597740990433307,0.0,1.3095238024280185e-06
2015-04-06,0.004148938293171762,0.003445987972959198,3.9682538795565797e-07,0.008181681883103087,3.9682538795565797e-07,0.002336603627849191,3.9682538795565797e-07,0.005449879185957185,0.006732800948789919,0.0,3.9682538795565797e-07
2015-04-07,-0.0007961052202882214,-0.0015010537189085141,1.1904762008242191e-07,-0.0016987592107438054,1.1904762008242191e-07,-0.004244863248104432,1.1904762008242191e-07,-0.002411955437946644,-0.0026463676758501364,0.0,1.1904762008242191e-07
2015-04-08,0.004132078673223713,0.0038430688856594944,5.95238081933487e-07,0.007939203492365099,5.95238081933487e-07,0.006639096092465305,5.95238081933487e-07,0.0060893872659652515,0.0033769522630036075,0.0,5.95238081933487e-07
2015-04-09,0.0027625604563235357,0.0026568489135086236,7.142856835372864e-07,0.006283086840310981,7.142856835372864e-07,0.0023732923440465217,7.142856835372864e-07,0.0039809708731406435,0.004423388288835817,0.0,7.142856835372864e-07
2015-04-10,0.002275991949926891,0.0028990853596901484,7.936507759113159e-07,0.004100422077718768,7.936507759113159e-07,0.004785795965164855,7.936507759113159e-07,0.007465273439142217,0.005457668867591137,0.0,7.936507759113159e-07
2015-04-13,-0.002400794415541305,-0.0018654335094907023,5.95238081933487e-07,-0.0025060503413342206,5.95238081933487e-07,-0.002130919168638427,5.95238081933487e-07,-0.00580225920712002,-0.004523341073680132,0.0,5.95238081933487e-07
2015-04-14,-0.0017322032050938797,-0.0006820539773586812,1.9841269397782899e-07,-0.0028840313616897983,1.9841269397782899e-07,-0.0004030713877451648,1.9841269397782899e-07,-0.0004414062707083495,0.0019132095222778034,0.0,1.9841269397782899e-07
2015-04-15,0.002740377514014551,0.003001418160432957,3.9682538795565797e-07,0.0062517023235812985,3.9682538795565797e-07,0.005913757352626076,3.9682538795565797e-07,0.002147757209119361,0.00448699049974266,0.0,3.9682538795565797e-07
2015-04-16,3.8726135605595e-05,-0.0007770708962092591,5.95238081933487e-07,-0.0013913960358173938,5.95238081933487e-07,-0.0029736404027503873,5.95238081933487e-07,0.00038025808409319906,-0.0002852678350440119,0.0,5.95238081933487e-07
2015-04-17,-0.008884633696279039,-0.008191706265521416,3.9682538795565797e-07,-0.015600126416105753,3.9682538795565797e-07,-0.015103978125545274,3.9682538795565797e-07,-0.011634351795236031,-0.011503623085208914,0.0,3.9682538795565797e-07
2015-04-20,0.006865258239908806,0.006078086544562317,5.158730265167025e-07,0.01499883333278551,5.158730265167025e-07,0.004659791890897343,5.158730265167025e-07,0.009439608530272758,0.009137078879605909,0.0,5.158730265167025e-07
2015-04-21,0.001652227418583138,0.0011415082983923706,5.158730265167025e-07,0.004275159753799107,5.158730265167025e-07,-0.00042931087712316796,5.158730265167025e-07,0.0022626963244493925,-0.0011909639955665074,0.0,5.158730265167025e-07
2015-04-22,0.004783314806669424,0.0016527019488702754,7.936507759113159e-07,0.005459757652008568,7.936507759113159e-07,-0.0027641480862256778,7.936507759113159e-07,0.003335859259105567,0.004913878485190093,0.0,7.936507759113159e-07
2015-04-23,0.0008233279015398261,0.0019955273515570443,7.936507759113159e-07,0.00377355465535123,7.936507759113159e-07,0.0042045027661447385,7.936507759113159e-07,0.00232488973437206,0.0025162181714419862,0.0,7.936507759113159e-07
2015-04-24,0.007800554330229668,0.0048714731472523365,7.936507759113159e-07,0.0135704477905505,7.936507759113159e-07,0.005493831370007141,7.936507759113159e-07,0.0048049556907144575,0.0023204398472003174,0.0,7.936507759113159e-07
2015-04-27,-0.0013443401098563897,-0.0023640702768530702,5.95238081933487e-07,-0.002532847740153943,5.95238081933487e-07,-0.004525553434966152,5.95238081933487e-07,-0.0074037451122838105,-0.0041579235695721195,0.0,5.95238081933487e-07
2015-04-28,-0.0018232247165564856,-0.0006303617802145867,5.158730265167025e-07,-0.0019952824006944647,5.158730265167025e-07,-0.0034141791891169424,5.158730265167025e-07,0.0014198782674644528,0.0031790695046201023,0.0,5.158730265167025e-07
2015-04-29,-0.004580900334461359,-0.00392917899289465,5.158730265167025e-07,-0.006270394499191645,5.158730265167025e-07,-0.009797448931778991,5.158730265167025e-07,-0.005835146547945841,-0.004114880430252321,0.0,5.158730265167025e-07
2015-04-30,-0.008552818660133233,-0.008291306226647546,1.1904762008242191e-07,-0.01572946258908492,1.1904762008242191e-07,-0.01648507428280902,1.1904762008242191e-07,-0.011346833806380047,-0.010020463290579817,0.0,1.1904762008242191e-07
2015-05-01,0.009327948804225326,0.005954679425109203,1.9841269397782899e-07,0.013193304136307038,1.9841269397782899e-07,0.0029528452832627843,1.9841269397782899e-07,0.014002537512648183,0.01084144484203553,0.0,1.9841269397782899e-07
2015-05-04,0.0007011929107442253,0.0010120751082548522,1.1904762008242191e-07,0.0016507078966607747,1.1904762008242191e-07,0.0014682999345443006,1.1904762008242191e-07,0.0016554987651498931,0.0028475276922199644,0.0,1.1904762008242191e-07
2015-05-05,-0.009516983772995617,-0.008281345255920516,1.1904762008242191e-07,-0.016295871366297954,1.1904762008242191e-07,-0.014004458927322494,1.1904762008242191e-07,-0.012478412702312036,-0.011452079939906379,0.0,1.1904762008242191e-07
2015-05-06,-0.0030622887634138268,-0.0032699123865623,3.1746033253887344e-07,-0.006886736847956154,3.1746033253887344e-07,-0.005555429235170346,3.1746033253887344e-07,-0.004062624094131606,-0.004116727393234987,0.0,3.1746033253887344e-07
2015-05-07,0.005603847550093147,0.0024023635853689844,3.9682538795565797e-07,0.005997487482302777,3.9682538795565797e-07,0.00042214440826008714,3.9682538795565797e-07,0.005403173654804472,0.003989649597636591,0.0,3.9682538795565797e-07
2015-05-08,0.004907655422537353,0.0073543747057176504,1.9841269397782899e-07,0.012482207489818986,1.9841269397782899e-07,0.012106496951485765,1.9841269397782899e-07,0.014303238588223466,0.013166132634562011,0.0,1.9841269397782899e-07
2015-05-11,-0.002629229113848413,-0.002872819714045126,1.1904762008242191e-07,-0.0038639770191435385,1.1904762008242191e-07,-0.008049231505776076,1.1904762008242191e-07,-0.0034153260192643364,-0.004772624292572303,0.0,1.1904762008242191e-07
2015-05-12,-0.0022046819112971636,-0.0024046248952600815,1.9841269397782899e-07,-0.004525893606181164,1.9841269397782899e-07,-0.0029717565008610105,1.9841269397782899e-07,-0.006031011402377634,-0.002991351499645578,0.0,1.9841269397782899e-07
2015-05-13,0.0004753908163117293,0.0009457355520638499,5.158730265167025e-07,0.002041270875252188,5.158730265167025e-07,0.0031670344437329705,5.158730265167025e-07,-0.000541011458352253,0.00019061538389952837,0.0,5.158730265167025e-07
2015-05-14,0.008620382966126758,0.007423841165223411,3.9682538795565797e-07,0.014629606573753007,3.9682538795565797e-07,0.012412441854537343,3.9682538795565797e-07,0.011223942065220482,0.010427334251085663,0.0,3.9682538795565797e-07
2015-05-15,0.00031362372004336495,0.00037606703899130276,3.9682538795565797e-07,0.0,3.9682538795565797e-07,1.3069587554315198e-05,3.9682538795565797e-07,0.0029268580406480726,0.0010838910472301677,0.0,3.9682538795565797e-07
2015-05-18,0.002889293084244713,0.0013500963442643552,3.9682538795565797e-07,0.004380572088226176,3.9682538795565797e-07,-0.001411916965582293,3.9682538795565797e-07,0.0023359679091024825,0.0031068681051176217,0.0,3.9682538795565797e-07
2015-05-19,-0.0012547846698832135,-0.0007283092350282058,3.1746033253887344e-07,-0.0010901970147669804,3.1746033253887344e-07,-0.002754254271409924,3.1746033253887344e-07,-0.00018081150867474416,-0.0003285848582076367,0.0,3.1746033253887344e-07
2015-05-20,5.665858568729072e-05,0.00029174151497723825,3.9682538795565797e-07,0.0006364977113320069,3.9682538795565797e-07,0.0014640440196211912,3.9682538795565797e-07,-0.000343095361268142,-0.0007041193056428474,0.0,3.9682538795565797e-07
2015-05-21,0.0024107236081332742,0.002247617262069439,5.158730265167025e-07,0.0051812611995809554,5.158730265167025e-07,0.0031171206953638877,5.158730265167025e-07,0.0026610813258829413,0.002912774220636072,0.0,5.158730265167025e-07
2015-05-22,-0.00035491440330443494,-0.0012404165177794112,5.158730265167025e-07,-0.0009947543044633855,5.158730265167025e-07,-0.003915464177697095,5.158730265167025e-07,-0.00225391083328616,-0.0023891318721867005,0.0,5.158730265167025e-07
2015-05-26,-0.0069572189719941885,-0.006786973676628107,3.9682538795565797e-07,-0.011496381236085651,3.9682538795565797e-07,-0.013002078457306313,3.9682538795565797e-07,-0.011563444057574562,-0.010751348820058348,0.0,3.9682538795565797e-07
2015-05-27,0.010501764685949067,0.00775762552569231,3.9682538795565797e-07,0.01611743465260229,3.9682538795565797e-07,0.012702106839513817,3.9682538795565797e-07,0.011109360476470376,0.009491810942887202,0.0,3.9682538795565797e-07
2015-05-28,-0.0008872452131582698,-0.00090653037555126,5.158730265167025e-07,-0.002253239073218394,5.158730265167025e-07,-0.0016384697074847132,5.158730265167025e-07,-0.00012996297778136712,-0.0011282868277258107,0.0,5.158730265167025e-07
2015-05-29,-0.0016338549314921132,-0.003618962732829182,1.1904762008242191e-07,-0.0059615173959634005,1.1904762008242191e-07,-0.00721284411003827,1.1904762008242191e-07,-0.005807546769496547,-0.006212543744792853,0.0,1.1904762008242191e-07
2015-06-01,0.0011634421157396943,0.0014349167426635488,1.1904762008242191e-07,0.0033620169569148484,1.1904762008242191e-07,0.0012695697595633455,1.1904762008242191e-07,0.0025121205267414903,0.0020363506179954527,0.0,1.1904762008242191e-07
2015-06-02,-0.0020496403852745424,-0.0007754528367918222,3.1746033253887344e-07,-0.003169631991249755,3.1746033253887344e-07,0.001142052671202709,3.1746033253887344e-07,-0.000800027515726276,-0.0009927088359364955,0.0,3.1746033253887344e-07
2015-06-03,0.001996781078431909,0.0021920883956057305,3.9682538795565797e-07,0.002998014913507596,3.9682538795565797e-07,0.0061659234907725695,3.9682538795565797e-07,0.0031885864776933226,0.002649447034567043,0.0,3.9682538795565797e-07
2015-06-04,-0.005314454385813473,-0.0048296018259034994,3.9682538795565797e-07,-0.0076087803433241286,3.9682538795565797e-07,-0.009450553240756793,3.9682538795565797e-07,-0.00876469049410164,-0.008446448970664933,0.0,3.9682538795565797e-07
2015-06-05,-0.00131531674656065,-0.0013509643785476774,1.9841269397782899e-07,-0.002372886899583704,1.9841269397782899e-07,-0.0023461686969194666,1.9841269397782899e-07,-0.00277413592131015,-0.0017129098814447907,0.0,1.9841269397782899e-07
2015-06-08,-0.005766375571052323,-0.004477798593565997,3.9682538795565797e-07,-0.010155410859885805,3.9682538795565797e-07,-0.005383780341634003,3.9682538795565797e-07,-0.006702442969015898,-0.006150179982652548,0.0,3.9682538795565797e-07
2015-06-09,0.0013080684960669403,-0.0013296024979923004,3.9682538795565797e-07,-0.0016637522889052514,3.9682538795565797e-07,-0.005507600248938112,3.9682538795565797e-07,-0.0007687564972316263,-0.0001437027593759188,0.0,3.9682538795565797e-07
2015-06-10,0.007509134893369507,0.007809281844896859,5.158730265167025e-07,0.013701984017180813,5.158730265167025e-07,0.016008602338238566,5.158730265167025e-07,0.010828337463899218,0.011993254463231073,0.0,5.158730265167025e-07
2015-06-11,0.002132278469528068,0.0011189358854993387,5.158730265167025e-07,0.0014617953589530774,5.158730265167025e-07,0.0015687154136131056,5.158730265167025e-07,0.002762195275026969,0.003223900633103849,0.0,5.158730265167025e-07
2015-06-12,-0.005613548828523978,-0.004375393177206339,3.1746033253887344e-07,-0.008208223171559115,3.1746033253887344e-07,-0.006386394474214,3.1746033253887344e-07,-0.007913641879982697,-0.007654895997256883,0.0,3.1746033253887344e-07
2015-06-15,-0.0017286182110534726,-0.0026659436053236723,1.9841269397782899e-07,-0.004965556126268256,1.9841269397782899e-07,-0.004727958371915604,1.9841269397782899e-07,-0.003939889614142517,-0.004285817875740783,0.0,1.9841269397782899e-07
2015-06-16,0.003504459977927765,0.002954231156751646,1.1904762008242191e-07,0.005452421094816806,1.1904762008242191e-07,0.004079417269149399,1.1904762008242191e-07,0.005703068813836143,0.005451569610865237,0.0,1.1904762008242191e-07
2015-06-17,-0.00013321934198436608,0.0010132686869967836,3.1746033253887344e-07,0.002757247409376884,3.1746033253887344e-07,-0.00034197809036414417,3.1746033253887344e-07,0.002538647379695169,0.0016171418083945621,0.0,3.1746033253887344e-07
2015-06-18,0.006950339353033694,0.007357213996863687,1.1904762008242191e-07,0.014573799504535634,1.1904762008242191e-07,0.012317305576148888,1.1904762008242191e-07,0.010861698774357553,0.010399462885268829,0.0,1.1904762008242191e-07
2015-06-19,-0.003258729492748947,-0.00244331873848775,1.1904762008242191e-07,-0.004943874820717897,1.1904762008242191e-07,-0.0026097560992569915,1.1904762008242191e-07,-0.00482992739162566,-0.004439100929782502,0.0,1.1904762008242191e-07
2015-06-22,0.003594904115938992,0.004519794740393283,1.1904762008242191e-07,0.007371245702642248,1.1904762008242191e-07,0.01105865827227544,1.1904762008242191e-07,0.00633905337579993,0.005123207277798469,0.0,1.1904762008242191e-07
2015-06-23,0.0010703776178383091,0.0006322029631055867,1.1904762008242191e-07,0.0008126438106670353,1.1904762008242191e-07,0.0018613037857521477,1.1904762008242191e-07,0.0009671194256415938,0.0007079441271375941,0.0,1.1904762008242191e-07
2015-06-24,-0.003961358193041385,-0.0037994500506611166,3.1746033253887344e-07,-0.005144781146793287,3.1746033253887344e-07,-0.0073956947838244025,3.1746033253887344e-07,-0.008592935815246255,-0.00726280185963446,0.0,3.1746033253887344e-07
2015-06-25,0.0007363394259651925,-0.00083542644995366,1.9841269397782899e-07,-0.001995856613383973,1.9841269397782899e-07,-0.0009947513785187507,1.9841269397782899e-07,0.00040748380955724084,-0.0030408327321482798,0.0,1.9841269397782899e-07
2015-06-26,-0.0031306742500028066,-0.002408170102919912,1.9841269397782899e-07,-0.006636792960318272,1.9841269397782899e-07,-0.0032768345964536327,1.9841269397782899e-07,-0.0024321705659023085,-0.00019058801210147802,0.0,1.9841269397782899e-07
2015-06-29,-0.012802681182878667,-0.013746346374146172,1.9841269397782899e-07,-0.023610920817732084,1.9841269397782899e-07,-0.02653095420530312,1.9841269397782899e-07,-0.0229127520580322,-0.02097016422986675,0.0,1.9841269397782899e-07
2015-06-30,0.0020820682563295083,0.0015797356750525385,1.9841269397782899e-07,0.0035617890937129637,1.9841269397782899e-07,0.0015397900039847423,1.9841269397782899e-07,0.0030123909149034067,0.0020935510054760353,0.0,1.9841269397782899e-07
2015-07-01,0.005269805878616509,0.00431575941437098,3.9682538795565797e-07,0.007938645200546102,3.9682538795565797e-07,0.005786518534978802,3.9682538795565797e-07,0.008618270594360766,0.008015524084006298,0.0,3.9682538795565797e-07
2015-07-02,0.0001552801181897021,-0.0005818448461654093,1.1904762008242191e-07,0.000278217061147501,1.1904762008242191e-07,-0.0019518594466692385,1.1904762008242191e-07,-0.002899698173525644,-0.0009158542343448151,0.0,1.1904762008242191e-07
2015-07-06,-0.0019357060914589718,-0.0021944416603893197,1.1904762008242191e-07,-0.0023161184703298643,1.1904762008242191e-07,-0.00760060302396796,1.1904762008242191e-07,-0.002618957665704691,-0.0028461935082362277,0.0,1.1904762008242191e-07
2015-07-07,0.0012370695806860656,0.0017210921149091764,1.9841269397782899e-07,0.0025070704905139074,1.9841269397782899e-07,0.00131912739812412,1.9841269397782899e-07,0.004247162714548225,0.006288995026422883,0.0,1.9841269397782899e-07
2015-07-08,-0.010545559729453766,-0.01015944903349136,3.9682538795565797e-07,-0.017412475229417024,3.9682538795565797e-07,-0.018650309540932608,3.9682538795565797e-07,-0.017506287853230912,-0.01677711970566942,0.0,3.9682538795565797e-07
2015-07-09,0.00019324075018106106,0.0013102352046566884,3.9682538795565797e-07,-0.0005653303278073674,3.9682538795565797e-07,0.006510458218124607,3.9682538795565797e-07,0.003392175405853931,0.001808700600711477,0.0,3.9682538795565797e-07
2015-07-10,0.008453746957246785,0.009255752359512232,3.1746033253887344e-07,0.015278562969298637,3.1746033253887344e-07,0.020643318080829493,3.1746033253887344e-07,0.01395149435695825,0.012591483930123326,0.0,3.1746033253887344e-07
2015-07-13,0.008539883081749904,0.008103043095559955,3.1746033253887344e-07,0.017556876377901265,3.1746033253887344e-07,0.010855975867092305,3.1746033253887344e-07,0.012574940212288277,0.011037739002451863,0.0,3.1746033253887344e-07
2015-07-14,0.003947266227019004,0.003431624782630307,3.1746033253887344e-07,0.006572793363516238,3.1746033253887344e-07,0.0068386173165443,3.1746033253887344e-07,0.004372202432760652,0.004337472351806149,0.0,3.1746033253887344e-07
2015-07-15,-0.000613025624570683,7.518646553646857e-05,3.9682538795565797e-07,0.0010884999551901142,3.9682538795565797e-07,-0.0026356016142675314,3.9682538795565797e-07,0.0022317047098435183,-0.00033196960475156967,0.0,3.9682538795565797e-07
2015-07-16,0.007736675420781978,0.006409454200555757,5.158730265167025e-07,0.014133313899295619,5.158730265167025e-07,0.00958095974192304,5.158730265167025e-07,0.008369999671054729,0.008024188514724084,0.0,5.158730265167025e-07
2015-07-17,0.00658168919588,0.0044015575307447775,3.9682538795565797e-07,0.014739767170099949,3.9682538795565797e-07,0.002901224169840437,3.9682538795565797e-07,0.0021772546534604142,0.0008477023886213075,0.0,3.9682538795565797e-07
2015-07-20,0.0018900820765902077,0.0011846029111413242,5.158730265167025e-07,0.0034334416855885674,5.158730265167025e-07,0.00020995971136879754,5.158730265167025e-07,0.002557373702369359,0.0005179133875774511,0.0,5.158730265167025e-07
2015-07-21,-0.0009444543290255544,-0.0012457623637470373,9.126984144723604e-07,-0.0006140533036315121,9.126984144723604e-07,-0.0027444921181859114,9.126984144723604e-07,-0.003845311367274923,-0.003951209471579786,0.0,9.126984144723604e-07
2015-07-22,-0.005159423180581709,-0.003770690449951459,1.190476163866974e-06,-0.011324935994088348,1.190476163866974e-06,-0.005096795824390007,1.190476163866974e-06,-0.00040703122589952345,-0.0017949447991223444,0.0,1.190476163866974e-06
2015-07-23,-0.002982169812537008,-0.002730763626572598,1.190476163866974e-06,-0.0037292530537172963,1.190476163866974e-06,-0.005799420780383201,1.190476163866974e-06,-0.005066995348342707,-0.005629661546730391,0.0,1.190476163866974e-06
2015-07-24,-0.002433889478365393,-0.0060702020619255725,1.190476163866974e-06,-0.009803767538747787,1.190476163866974e-06,-0.012299575659513524,1.190476163866974e-06,-0.009968357501632857,-0.010371666438687588,0.0,1.190476163866974e-06
2015-07-27,-0.0052297887422031565,-0.00431731886206551,1.190476163866974e-06,-0.008280949963894169,1.190476163866974e-06,-0.007981573906455486,1.190476163866974e-06,-0.006138899013140742,-0.0058178971808376945,0.0,1.190476163866974e-06
2015-07-28,0.004848954986290478,0.005538809635438943,1.1111111454074344e-06,0.008622081189887387,1.1111111454074344e-06,0.009926382155394986,1.1111111454074344e-06,0.009727336918241125,0.012283162822819715,0.0,1.1111111454074344e-06
2015-07-29,0.0027113127331256427,0.0027876558313076403,1.7063492642981665e-06,0.003779477387888308,1.7063492642981665e-06,0.004079972256050797,1.7063492642981665e-06,0.0071430623509816105,0.006879064630918474,0.0,1.7063492642981665e-06
2015-07-30,0.001228866799662336,0.001518625431848749,1.7857143566721963e-06,0.004751165497101528,1.7857143566721963e-06,0.0014042851439861246,1.7857143566721963e-06,0.0010181392072640405,0.00023729344110834383,0.0,1.7857143566721963e-06
2015-07-31,-0.001864765332265462,-0.0001802390517936647,2.380952327733948e-06,-0.0011598012174405259,2.380952327733948e-06,0.0010743323867068073,2.380952327733948e-06,0.0006161311497348831,-0.0015176737322607492,0.0,2.380952327733948e-06
2015-08-03,-0.0011193984784440571,-0.0019379638939472374,2.3015872353599184e-06,-0.003126383562042867,2.3015872353599184e-06,-0.004237205217664537,2.3015872353599184e-06,-0.002685341705862432,-0.003373347547361183,0.0,2.3015872353599184e-06
2015-08-04,-0.0013877886316706889,-0.000786526863716951,2.5000000402094826e-06,-0.0018817427570516632,2.5000000402094826e-06,-0.001159293417133648,2.5000000402094826e-06,3.54063732975478e-05,-0.0019540039896908112,0.0,2.5000000402094826e-06
2015-08-05,0.004870764947328443,0.003197941547659672,2.9761905944536602e-06,0.0077205148941654755,2.9761905944536602e-06,0.005090922071555,2.9761905944536602e-06,0.0025606883456304463,0.0032951788917174873,0.0,2.9761905944536602e-06
2015-08-06,-0.007810063042901934,-0.007466346743788613,2.9761905944536602e-06,-0.016035458420796123,2.9761905944536602e-06,-0.011225435750415977,2.9761905944536602e-06,-0.011605890978792083,-0.00818726586788232,0.0,2.9761905944536602e-06
2015-08-07,-0.0015623304372307189,-0.0009639597747495786,1.1111111454074344e-06,-0.0012676567546967554,1.1111111454074344e-06,-0.0023473647254268846,1.1111111454074344e-06,-0.0015127887811317298,-0.0019203081369392194,0.0,1.1111111454074344e-06
2015-08-10,0.005565531623514632,0.005413442623848023,2.182539670713364e-06,0.011422416412495862,2.182539670713364e-06,0.005838269729385467,2.182539670713364e-06,0.007364463435161395,0.012599231898761554,0.0,2.182539670713364e-06
2015-08-11,-0.004095212768914696,-0.006587681262230713,2.579364984754532e-06,-0.012817019830927756,2.579364984754532e-06,-0.013043383323037595,2.579364984754532e-06,-0.007510440953332115,-0.009022840057732906,0.0,2.579364984754532e-06
2015-08-12,0.0007295698678710807,0.00034501541567538404,3.88888878718255e-06,0.0034499947627164573,3.88888878718255e-06,-0.002022516970822674,3.88888878718255e-06,-0.00305223778326838,0.0011980554678756583,0.0,3.88888878718255e-06
2015-08-13,-0.0007710194074625112,-0.0008398428051321418,3.5714287133443927e-06,-0.0016286091263214564,3.5714287133443927e-06,-0.002793789752905636,3.5714287133443927e-06,0.0007856005220614748,-0.0012445710287188883,0.0,3.5714287133443927e-06
2015-08-14,0.0021218629137420915,0.0010083077084732735,3.2936506682918186e-06,0.0015408107846404118,3.2936506682918186e-06,2.3941150808319588e-05,3.2936506682918186e-06,0.003452805010092541,0.0036421720295396476,0.0,3.2936506682918186e-06
2015-08-17,0.0032539684221031327,0.004115724656089604,3.1746031036452638e-06,0.008324787274657686,3.1746031036452638e-06,0.006991453941324353,3.1746031036452638e-06,0.005657709226083996,0.005586761034792609,0.0,3.1746031036452638e-06
2015-08-18,-0.0016377463646953833,-0.002404391798944191,2.380952327733948e-06,-0.005115157896112832,2.380952327733948e-06,-0.005005905431373524,2.380952327733948e-06,-0.0015824134721890148,-0.0028966529666342167,0.0,2.380952327733948e-06
2015-08-19,-0.0024335091077344584,-0.0030764705320345392,3.3730159084948284e-06,-0.006585009925777596,3.3730159084948284e-06,-0.0034584134871169132,3.3730159084948284e-06,-0.0031962062141736576,-0.007905755150339977,0.0,3.3730159084948284e-06
2015-08-20,-0.013265906258198422,-0.012422141510478909,1.5873015518226319e-06,-0.027694449965676493,1.5873015518226319e-06,-0.013157470478869188,1.5873015518226319e-06,-0.019593633217456802,-0.020880813313174262,0.0,1.5873015518226319e-06
2015-08-21,-0.02008637271418169,-0.013387703597046963,5.95238081933487e-07,-0.04370577552777988,5.95238081933487e-07,0.002512158038231572,5.95238081933487e-07,-0.027632768732133578,-0.001,0.0,5.95238081933487e-07
2015-08-24,-0.021018537211350413,-0.013509817344317974,7.936507759113159e-07,-0.0003281346744063978,7.936507759113159e-07,0.0006780186630740981,7.936507759113159e-07,-0.04067896056166995,-0.0,-0.18923696711025328,7.936507759113159e-07
2015-08-25,-0.004203529892646071,-0.004483960770861112,5.95238081933487e-07,-0.005471231394584941,5.95238081933487e-07,-0.010768413186680148,5.95238081933487e-07,-0.014510843965894832,-0.0,-0.001,5.95238081933487e-07
2015-08-26,0.010456090041216188,0.0005287549176738516,2.1031745783393345e-06,-0.006154220281729295,2.1031745783393345e-06,-0.007154220281729295,2.1031745783393345e-06,0.03139759498627609,0.0,0.0,2.1031745783393345e-06
2015-08-27,0.004397303979468628,0.0003684156631579545,2.182539670713364e-06,-0.0005633751875764315,2.182539670713364e-06,-0.0005633751875764315,2.182539670713364e-06,0.017319543159854456,0.0,-0.02277795806379801,2.182539670713364e-06
2015-08-28,-0.003340569494758479,-0.0031758425176571328,1.9841270136927804e-06,-0.002,1.9841270136927804e-06,0.00018832840263716122,1.9841270136927804e-06,-0.0025948083239107633,0.0,-0.048905115738821614,1.9841270136927804e-06
2015-08-31,-0.006259289428864775,-0.005325895502720982,1.9841270136927804e-06,-0.003689652250626783,1.9841270136927804e-06,-0.008046311519951388,1.9841270136927804e-06,-0.012209741059123563,-0.0,-0.03952412894877344,1.9841270136927804e-06
2015-09-01,-0.012981259894606308,-0.008004047870005101,1.1904762008242191e-07,0.004491545576151168,1.1904762008242191e-07,0.003491545576151168,1.1904762008242191e-07,-0.024793103560564078,-0.0,-0.14342788869771372,1.1904762008242191e-07
2015-09-02,0.010854097903309845,0.006153112150162651,1.5079364594486024e-06,-0.002719142127318608,1.5079364594486024e-06,-0.002719142127318608,1.5079364594486024e-06,0.013983966960678051,0.0,0.11683764451345935,1.5079364594486024e-06
2015-09-03,-0.0005093192008345243,0.0011264780683558624,9.920635068463902e-07,0.002444966337526999,9.920635068463902e-07,0.002444966337526999,9.920635068463902e-07,0.0011684860771556393,0.0,0.0006264100997954714,9.920635068463902e-07
2015-09-04,-0.006117143693127705,-0.0038850649597571407,5.95238081933487e-07,0.003094351053109623,5.95238081933487e-07,0.003094351053109623,5.95238081933487e-07,-0.014502142157150566,-0.0,-0.07345569235325122,5.95238081933487e-07
2015-09-08,0.009294274977111192,0.004886837268924166,9.920635068463902e-07,-0.004393661173817676,9.920635068463902e-07,-0.004393661173817676,9.920635068463902e-07,0.0233091863680559,0.0,0.0862612136201184,9.920635068463902e-07
2015-09-09,-0.0033387549461839634,-0.0026906226454468394,9.920635068463902e-07,0.0003753061289399895,9.920635068463902e-07,-0.001,9.920635068463902e-07,-0.014425699374294054,-0.0,-0.02384403321784312,9.920635068463902e-07
2015-09-10,0.0025035244705942598,0.0011454940046202854,1.3888888948020482e-06,-0.002253111540678976,1.3888888948020482e-06,0.0,1.3888888948020482e-06,0.004338972834274535,0.0,0.025488464349435302,1.3888888948020482e-06
2015-09-11,0.0035905278549243397,0.00237697058530118,5.95238081933487e-07,0.002634489132351314,5.95238081933487e-07,0.0,5.95238081933487e-07,0.0057896438108089865,0.0,0.02278380937511648,5.95238081933487e-07
2015-09-14,-0.0009909449171434704,-0.0002044385013346631,9.126984144723604e-07,0.000938160104428265,9.126984144723604e-07,0.0,9.126984144723604e-07,-0.0032789341285880402,-0.0,-0.0022276348313525762,9.126984144723604e-07
2015-09-15,0.005780959720898704,0.004346687141489525,9.920635068463902e-07,-0.007874115754176958,9.920635068463902e-07,0.0,9.920635068463902e-07,0.012408121153049456,0.0,0.10148163088178186,9.920635068463902e-07
2015-09-16,0.004369837629533453,0.0038907410173674214,2.3015872353599184e-06,-0.002,2.3015872353599184e-06,0.004634400024993491,2.3015872353599184e-06,0.006913335560538525,0.0,0.06006998883426107,2.3015872353599184e-06
2015-09-17,0.0031427008491680553,-0.0002544417007374037,2.1031745783393345e-06,-0.0016264263842820075,2.1031745783393345e-06,0.0003735736157179925,2.1031745783393345e-06,0.0012151761389640192,-0.0,-0.0005214458531792587,2.1031745783393345e-06
2015-09-18,-0.01182032616023512,-0.013047553588148905,1.1904762008242191e-07,-0.014222710108832026,1.1904762008242191e-07,-0.014222710108832026,1.1904762008242191e-07,-0.013932903130477847,-0.0,-0.11930435844089671,1.1904762008242191e-07
2015-09-21,0.004522297175509177,0.0022726574182392626,3.9682538795565797e-07,-0.002,3.9682538795565797e-07,-0.007690904994037016,3.9682538795565797e-07,0.003222921909267762,0.0,0.07207744016333906,3.9682538795565797e-07
2015-09-22,-0.007254734832988385,-0.007073829835161464,5.158730265167025e-07,0.0,5.158730265167025e-07,-0.016950959655509412,5.158730265167025e-07,-0.011789872458221468,-0.0,-0.06704732599493046,5.158730265167025e-07
2015-09-23,0.0009561534289669541,0.0008409984229880445,1.1904762008242191e-07,0.0,1.1904762008242191e-07,-0.001,1.1904762008242191e-07,0.00013666707886725304,-0.0,0.019545860492495848,1.1904762008242191e-07
2015-09-24,-0.0019110986171408033,-0.0014997487831671888,1.1904762008242191e-07,0.0,1.1904762008242191e-07,0.0,1.1904762008242191e-07,-0.002798045762525736,-0.0,-0.02439965794782284,1.1904762008242191e-07
2015-09-25,-0.005032211759858074,-0.003005157954235273,1.9841269397782899e-07,-0.004612581920368617,1.9841269397782899e-07,0.0,1.9841269397782899e-07,-0.005718061283978726,-0.0,-0.025605416597415775,1.9841269397782899e-07
2015-09-28,-0.0109150145223899,-0.0059276196704360655,7.936507759113159e-07,-0.002,7.936507759113159e-07,0.0,7.936507759113159e-07,-0.018324419089096378,-0.0,-0.07190871396057197,7.936507759113159e-07
2015-09-29,-0.0005902213893626971,8.724064974028589e-05,5.158730265167025e-07,0.0014426921968080392,5.158730265167025e-07,0.0,5.158730265167025e-07,-0.0019677862194177054,0.0,-0.001536428725071426,5.158730265167025e-07
2015-09-30,0.00894352852115615,0.004135311828844423,1.1904762008242191e-07,0.00018562278264311338,1.1904762008242191e-07,-0.0008143772173568866,1.1904762008242191e-07,0.01847869890498466,0.0,0.047263082696243686,1.1904762008242191e-07
2015-10-01,0.0009509922130094524,0.00013947866590045382,1.9841269397782899e-07,-0.002,1.9841269397782899e-07,0.0007793071648019012,1.9841269397782899e-07,-0.0009670960090802927,0.0,0.012384554159253103,1.9841269397782899e-07
2015-10-02,0.00786874242298532,0.005431805096185738,7.142856835372864e-07,0.0028245405013294107,7.142856835372864e-07,0.004824540501329411,7.142856835372864e-07,0.013892743956829767,0.0,0.05224964714247693,7.142856835372864e-07
2015-10-05,0.005446101425546589,0.0022545932350100622,3.1746033253887344e-07,-0.005539770811612388,3.1746033253887344e-07,-0.005539770811612388,3.1746033253887344e-07,0.016132540245751115,0.0,0.05714288720943661,3.1746033253887344e-07
2015-10-06,-0.001266387105982548,0.0002722798075075651,3.1746033253887344e-07,0.0020425798068750556,3.1746033253887344e-07,0.0020425798068750556,3.1746033253887344e-07,-0.004948552898505321,-0.0,-0.001,3.1746033253887344e-07
2015-10-07,1.41703917233368e-05,-0.0006578565891996783,1.9841269397782899e-07,-0.0025016512969493476,1.9841269397782899e-07,-0.0025016512969493476,1.9841269397782899e-07,0.0034273944545451795,0.0,0.0,1.9841269397782899e-07
2015-10-08,-0.00012343813645785393,0.0006762315029411028,1.9841269397782899e-07,-0.0026006225103546443,1.9841269397782899e-07,0.001975996302794771,1.9841269397782899e-07,0.010299232009850057,0.0,0.0,1.9841269397782899e-07
2015-10-09,0.0014849211997344108,6.401317232962045e-05,1.1904762008242191e-07,0.0005584554092938898,1.1904762008242191e-07,-0.001,1.1904762008242191e-07,0.0007436062952962119,0.0,0.0,1.1904762008242191e-07
2015-10-12,-0.00022909160348665643,0.0005477700099358986,1.1904762008242191e-07,0.00044095844101055444,1.1904762008242191e-07,0.0,1.1904762008242191e-07,0.004374917092067332,0.0,0.0,1.1904762008242191e-07
2015-10-13,-0.001925275658570956,-0.00202259832065277,3.9682538795565797e-07,-0.006461675596548422,3.9682538795565797e-07,-7.241231454491095e-05,3.9682538795565797e-07,-0.003964465425850133,-0.0,0.0,3.9682538795565797e-07
2015-10-14,0.0007867940684416465,0.0010901939965706916,1.9841269397782899e-07,0.0034686041340248348,1.9841269397782899e-07,0.005468604134024835,1.9841269397782899e-07,-0.005973121411647853,-0.0,0.0,1.9841269397782899e-07
2015-10-15,0.0028235334643850534,-0.0003610023585848092,3.9682538795565797e-07,-0.0034107867282390236,3.9682538795565797e-07,-0.004989887934988334,3.9682538795565797e-07,0.01240048545472111,0.0,0.0,3.9682538795565797e-07
2015-10-16,0.003192492120444209,0.0007219731359379463,1.9841269397782899e-07,0.0021795414711451872,1.9841269397782899e-07,-0.0018325392838040013,1.9841269397782899e-07,0.004519041765967069,0.0,0.0,1.9841269397782899e-07
2015-10-19,0.0021543866171161875,0.0017052010242555073,1.9841269397782899e-07,0.005734213084323425,1.9841269397782899e-07,-0.0004628971298472617,1.9841269397782899e-07,0.003410178385261975,0.0,0.0,1.9841269397782899e-07
2015-10-20,-0.003836586146140923,-0.0018298926511945055,1.9841269397782899e-07,-0.005149862283131412,1.9841269397782899e-07,-0.00342717038236251,1.9841269397782899e-07,-0.0002841600718281878,-0.0,0.0,1.9841269397782899e-07
2015-10-21,-0.0033831102954346793,-0.0022215266701911163,3.9682538795565797e-07,-0.006100937497424352,3.9682538795565797e-07,-0.002330990612991023,3.9682538795565797e-07,-0.0034677267213746032,-0.0,0.0,3.9682538795565797e-07
2015-10-22,0.011514537085150317,0.006824688711956843,1.9841269397782899e-07,0.020368407671913058,1.9841269397782899e-07,0.000355535627175497,1.9841269397782899e-07,0.016791919657767107,0.0,0.0,1.9841269397782899e-07
2015-10-23,0.014194406119944913,0.008674185354313,1.9841269397782899e-07,0.027982830551023685,1.9841269397782899e-07,0.003936629522201419,1.9841269397782899e-07,0.003407598631987113,0.009962119212034826,0.0,1.9841269397782899e-07
2015-10-26,0.0015351838955018255,0.0004048427826686587,1.1904762008242191e-07,0.0006206912505006823,1.1904762008242191e-07,0.0032938724900645573,1.1904762008242191e-07,-0.0006012605953284456,-0.0024576471254650345,0.0,1.1904762008242191e-07
2015-10-27,-0.0003434188653058988,0.0003997324425567062,3.1746033253887344e-07,0.0020380340850190137,3.1746033253887344e-07,0.0023476097584732196,3.1746033253887344e-07,-0.0031708059991172044,-0.0019325348955384625,0.0,3.1746033253887344e-07
2015-10-28,0.0047819308308482186,0.0030908254175639653,3.9682538795565797e-07,0.008312822020553057,3.9682538795565797e-07,-0.00029749456658116147,3.9682538795565797e-07,0.0020401190034929906,0.011374709717499876,0.0,3.9682538795565797e-07
2015-10-29,-0.001232390672797103,-0.0017483435079514655,1.3888888948020482e-06,-0.0015789123461807941,1.3888888948020482e-06,-0.007876490044817941,1.3888888948020482e-06,-0.0012950460729145297,-0.000574515950439114,0.0,1.3888888948020482e-06
2015-10-30,-0.0027208905132281467,-0.0014657918472770401,2.1031745783393345e-06,-0.00447974094071002,2.1031745783393345e-06,0.0016788078661115569,2.1031745783393345e-06,-0.002751447126653539,-0.004309554814518335,0.0,2.1031745783393345e-06
2015-11-02,0.005405619639053664,0.0044195869289514605,2.6984128450590464e-06,0.011294222068367166,2.6984128450590464e-06,0.001275291193387244,2.6984128450590464e-06,0.0051653520641549155,0.011831007230152624,0.0,2.6984128450590464e-06
2015-11-03,0.0007872970149627816,0.000904328246172356,2.1031745783393345e-06,0.003490360413172633,2.1031745783393345e-06,-0.002445828019572345,2.1031745783393345e-06,0.0018048541937051577,0.002899245262754313,0.0,2.1031745783393345e-06
2015-11-04,0.0007853116701750351,-0.0003029186178022705,2.3015872353599184e-06,8.671502800150499e-05,2.3015872353599184e-06,6.954531826667643e-05,2.3015872353599184e-06,-0.00108296498593638,-0.0030330758640066957,0.0,2.3015872353599184e-06
2015-11-05,0.0007815363091383979,-0.001251821851650499,2.182539670713364e-06,-0.0026950387800770415,2.182539670713364e-06,-0.001998812293192801,2.182539670713364e-06,-0.002040872653332415,-0.0009981649694941197,0.0,2.182539670713364e-06
2015-11-06,0.0035763617150891243,-0.0019589670912685702,1.5873015518226319e-06,0.0006972618868290592,1.5873015518226319e-06,-0.006915281195116122,1.5873015518226319e-06,-0.010572723737851536,-0.0005231184390347421,0.0,1.5873015518226319e-06
2015-11-09,-0.005625167687742518,-0.005331328294278237,2.896825354250651e-06,-0.010627992431263,2.896825354250651e-06,-0.005988721263249193,2.896825354250651e-06,-0.010770577853102176,-0.009332075732066958,0.0,2.896825354250651e-06
2015-11-10,-0.001084940307979693,-9.871936144273036e-05,2.9761905944536602e-06,-0.0025537455115904883,2.9761905944536602e-06,0.0007684103257608043,2.9761905944536602e-06,0.002504719898372282,0.0023068828774712724,0.0,2.9761905944536602e-06
2015-11-11,0.00011580179889936505,-0.001264195970964771,4.96031746031746e-06,-0.0012357578290717042,4.96031746031746e-06,-0.0025690911624050377,4.96031746031746e-06,-0.0027663198412988255,-0.003931639445077462,0.0,4.96031746031746e-06
2015-11-12,-0.005556197331196255,-0.005478142594953065,4.88095251577241e-06,-0.009722362791671046,4.88095251577241e-06,-0.005576608005496474,4.88095251577241e-06,-0.011656418643247818,-0.013960068552715699,0.0,4.88095251577241e-06
2015-11-13,-0.011649755399687912,-0.00965198273632407,4.88095251577241e-06,-0.01963585136536583,4.88095251577241e-06,-0.02063585136536583,4.88095251577241e-06,-0.015742284997453643,-0.001,0.0,4.88095251577241e-06
2015-11-16,0.012765783439058691,0.009965737543293756,4.484126906073283e-06,0.014384794879012341,4.484126906073283e-06,-0.0006767160872762617,4.484126906073283e-06,0.014175472388328558,0.0,0.10104083313109558,4.484126906073283e-06
2015-11-17,-0.000261942582615611,-0.00015395367031440524,3.88888878718255e-06,0.0006281191539885267,3.88888878718255e-06,-0.0008273981807718203,3.88888878718255e-06,-8.432758287746367e-05,-0.0017293981635180247,-0.001,3.88888878718255e-06
2015-11-18,0.011088338556146382,0.010314744543090481,5.357143070016589e-06,0.019194518733407273,5.357143070016589e-06,0.018194518733407272,5.357143070016589e-06,0.015952345889543806,0.015866151857005795,0.0,5.357143070016589e-06
2015-11-19,0.00021890250956564704,0.0006423215957561078,4.88095251577241e-06,0.0007041070050837206,4.88095251577241e-06,0.0018477920989592449,4.88095251577241e-06,0.002522179370902655,-0.0008623762268880064,0.0,4.88095251577241e-06
2015-11-20,0.0042237072295600205,0.0024317152561556038,3.492063473141383e-06,0.006771544556307241,3.492063473141383e-06,0.0007961879176252205,3.492063473141383e-06,0.0034491532437492256,0.003644675792417562,0.0,3.492063473141383e-06
2015-11-23,-0.0013679627466460546,-0.0008461073700431952,3.6904762779909467e-06,-0.002882704996001184,3.6904762779909467e-06,0.0005038101383518788,3.6904762779909467e-06,-0.0011615982651362595,-0.0011472296009653604,0.0,3.6904762779909467e-06
2015-11-24,-0.0007435402332734699,-0.00013373002265441815,4.166666536577164e-06,-0.0008759255855975701,4.166666536577164e-06,-5.5961123985870726e-06,4.166666536577164e-06,-0.00015697966183986223,0.0013391278688581476,0.0,4.166666536577164e-06
2015-11-25,0.00021915017229858354,0.00035879194934783435,6.071428457895915e-06,0.0008766935038684309,6.071428457895915e-06,0.0012531029822672548,6.071428457895915e-06,-0.00039602821687001466,-0.0001428968869490177,0.0,6.071428457895915e-06
2015-11-27,0.0009268384292553001,0.0006186755065378158,6.94444432618126e-06,0.001401726841257167,6.94444432618126e-06,0.0004822223859018241,6.94444432618126e-06,0.001076611342096384,0.0011465647963013748,0.0,6.94444432618126e-06
2015-11-30,-0.0019110014923434371,-0.0012657290775532027,6.3492062072905275e-06,-0.002536852430951031,6.3492062072905275e-06,0.0006023008059961033,6.3492062072905275e-06,-0.0041253396637534745,-0.004151874884758433,0.0,6.3492062072905275e-06
2015-12-01,0.007583306730571724,0.005547722618442801,6.746031816989657e-06,0.009998136961631321,6.746031816989657e-06,0.009607900199409675,6.746031816989657e-06,0.008896193260332474,0.009535887489996675,0.0,6.746031816989657e-06
2015-12-02,-0.0040925544225408235,-0.003793331038882594,8.055555323759714e-06,-0.006165452289811579,8.055555323759714e-06,-0.0028829408581771223,8.055555323759714e-06,-0.010567897070394072,-0.010204735815252608,0.0,8.055555323759714e-06
2015-12-03,-0.008219690920584147,-0.009038698865273927,7.936508054771122e-06,-0.01695026146852585,7.936508054771122e-06,-0.018216342498793964,7.936508054771122e-06,-0.010210150528080941,-0.014003285808441013,0.0,7.936508054771122e-06
2015-12-04,0.013046723392033171,0.01111502625258285,7.85714281456811e-06,0.023375397851829405,7.85714281456811e-06,0.011953433765254335,7.85714281456811e-06,0.020128526785424095,0.019503406331736084,0.0,7.85714281456811e-06
2015-12-07,-0.002691755336464628,-0.0012075177315369603,8.134920563962726e-06,-0.0045159937681551465,8.134920563962726e-06,0.002800429401978629,8.134920563962726e-06,-0.0004681064593724804,-0.0060588920405467706,0.0,8.134920563962726e-06
2015-12-08,0.0006694743831906216,-0.000657506547699197,9.325396801744187e-06,8.693804493842272e-05,9.325396801744187e-06,0.00038173150983585497,9.325396801744187e-06,-0.002355838472755417,-0.00671930256125608,0.0,9.325396801744187e-06
2015-12-09,-0.008582406453652956,-0.006030388657501917,1.0634920899830168e-05,-0.01517905699795108,1.0634920899830168e-05,-0.004913001505296758,1.0634920899830168e-05,-0.00918631543169618,-0.007779986511232795,0.0,1.0634920899830168e-05
2015-12-10,0.0015427506307165073,0.001282520871031079,9.722222411443317e-06,0.004517657397109964,9.722222411443317e-06,0.0012229142152364592,9.722222411443317e-06,-0.002271017558495514,0.0025814856404526854,0.0,9.722222411443317e-06
2015-12-11,-0.012174484510843575,-0.008603429609664865,9.126984292552585e-06,-0.02301612407107767,9.126984292552585e-06,0.00025152553068123317,9.126984292552585e-06,-0.014364938510500885,-0.01938133120456831,0.0,9.126984292552585e-06
2015-12-14,0.008601781851742107,0.005020705728865213,8.452380933458844e-06,0.007581932992750229,8.452380933458844e-06,-0.004244464182416492,8.452380933458844e-06,0.0069406853676600155,-0.001,0.0628015309494151,8.452380933458844e-06
2015-12-15,0.004757993500258566,0.004135946803549959,7.85714281456811e-06,0.006091583495910324,7.85714281456811e-06,-0.0007819532963685796,7.85714281456811e-06,0.0060367446748123554,0.0,0.04248231770263389,7.85714281456811e-06
2015-12-16,0.012632715460195,0.009413823354254103,9.92063492063492e-06,0.01486969117468151,9.92063492063492e-06,0.0033614457244974436,9.92063492063492e-06,0.01872939116268052,0.0,0.06632040758583702,9.92063492063492e-06
2015-12-17,-0.007271450733752559,-0.0059347539811742895,9.325396801744187e-06,-0.014564107140360827,9.325396801744187e-06,0.0003026424551764162,9.325396801744187e-06,-0.010743107874811725,-0.01623791374453254,-0.001,9.325396801744187e-06
2015-12-18,-0.01062391880321783,-0.007001868744132022,8.452380933458844e-06,-0.01918234195202062,8.452380933458844e-06,-0.0033500452934039915,8.452380933458844e-06,-0.01631523485919642,-0.001,0.0,8.452380933458844e-06
2015-12-21,0.007794865667927831,0.006115722559775799,6.94444432618126e-06,0.011108385767471196,6.94444432618126e-06,0.003778190278625064,6.94444432618126e-06,0.00647110720940447,0.0,0.042450598215355684,6.94444432618126e-06
2015-12-22,0.0037558500384837347,0.0023246663246672384,6.071428457895915e-06,0.00657339636670673,6.071428457895915e-06,-0.0011562194756818598,6.071428457895915e-06,0.009027769400940189,0.0,-0.001,6.071428457895915e-06
2015-12-23,0.0035954358778249947,0.002646597851527402,7.658730305376506e-06,0.007425261588031473,7.658730305376506e-06,-0.0007854140519113115,7.658730305376506e-06,0.00905605474956983,0.0,0.0,7.658730305376506e-06
2015-12-24,-0.00043014877950808974,8.49117617294804e-06,7.5396824450719925e-06,-0.00017775644180717531,7.5396824450719925e-06,0.0024618360069298406,7.5396824450719925e-06,-0.001200322847865476,-0.0026501763523044666,0.0,7.5396824450719925e-06
2015-12-28,0.0014029423511868735,-0.00011371843882147857,7.261904695677379e-06,-0.0005328524088744624,7.261904695677379e-06,0.0008702055438847647,7.261904695677379e-06,0.0005796998604968573,-0.002284883643484781,0.0,7.261904695677379e-06
2015-12-29,0.008414000806509473,0.006109258013261441,7.5396824450719925e-06,0.015729245363544697,7.5396824450719925e-06,0.0025958907096033106,7.5396824450719925e-06,0.009847346642300858,0.010671706732133801,0.0,7.5396824450719925e-06
2015-12-30,-0.004432939987035671,-0.004159324761394374,8.531746173661852e-06,-0.009011252994713725,8.531746173661852e-06,-0.005699213740185412,8.531746173661852e-06,-0.005228357777709358,-0.007087553218981801,0.0,8.531746173661852e-06
2015-12-31,-0.007621056326350813,-0.005449298203841829,7.738094954263596e-06,-0.01244827087325806,7.738094954263596e-06,-0.0029373622007000653,7.738094954263596e-06,-0.011488758504214935,-0.01000353581147928,0.0,7.738094954263596e-06
2016-01-04,-0.011052560379422085,-0.0069528975388118,5.873015948704311e-06,-0.02109764747780074,5.873015948704311e-06,-0.003206976359957111,5.873015948704311e-06,-0.011243479455513766,-0.001,0.0,5.873015948704311e-06
2016-01-05,0.0016622548102429256,0.0010294902688288048,6.150793698098924e-06,-0.0017351443859013882,6.150793698098924e-06,-0.0028252278822346226,6.150793698098924e-06,0.0024229562174058195,0.0,0.032855318358937624,6.150793698098924e-06
2016-01-06,-0.0059733035753329455,-0.001668823261208282,8.134920563962726e-06,-0.009605963778437143,8.134920563962726e-06,0.009756154199953238,8.134920563962726e-06,-0.006833992957752694,-0.0,-0.001,8.134920563962726e-06
2016-01-07,-0.012174174148421433,-0.0067588193509519464,8.134920563962726e-06,0.0001566617938730825,8.134920563962726e-06,0.001975430127624578,8.134920563962726e-06,-0.017188156069736477,-0.0,-0.10756255121547087,8.134920563962726e-06
2016-01-08,-0.0043166822736170635,-0.0024280493678331266,7.5396824450719925e-06,0.002526531179419811,7.5396824450719925e-06,0.0035025841463118823,7.5396824450719925e-06,-0.006706552643279962,-0.0,-0.058337298342030275,7.5396824450719925e-06
2016-01-11,0.0025090730972575697,0.00034472783468621226,7.5396824450719925e-06,-0.003173222677923415,7.5396824450719925e-06,-0.00705849953060167,7.5396824450719925e-06,0.007270868869916736,0.0,0.02934542299941989,7.5396824450719925e-06
2016-01-12,0.005835935793945821,0.005556898580649913,6.94444432618126e-06,0.0044940562084549995,6.94444432618126e-06,0.009459672364712013,6.94444432618126e-06,0.006120824774023731,0.0,0.04800188504041958,6.94444432618126e-06
2016-01-13,-0.011915499036824716,-0.00509805757445366,8.333333073154328e-06,0.0039146949035477885,8.333333073154328e-06,0.006885930360997938,8.333333073154328e-06,-0.01985614447547815,-0.0,-0.10253429480382514,8.333333073154328e-06
2016-01-14,0.003369141488712656,0.0010083026641171434,8.531746173661852e-06,-0.002042303948605273,8.531746173661852e-06,-0.009878938157664087,8.531746173661852e-06,0.01145614482664914,0.0,0.03704664149493442,8.531746173661852e-06
2016-01-15,-0.010577923922000522,-0.004220659153769771,9.523809310935791e-06,0.004651362931859193,9.523809310935791e-06,0.009452226749450825,9.523809310935791e-06,-0.018081761744267733,-0.0,-0.09992505925502948,9.523809310935791e-06
2016-01-19,0.00105864762082997,1.6062482322439214e-05,8.849206543157971e-06,-0.0012963192881575436,8.849206543157971e-06,-0.0021986846728592746,8.849206543157971e-06,0.00694824298261737,0.0,-0.000555105701950942,8.849206543157971e-06
2016-01-20,-0.00210135454569189,-0.00025432671422422927,9.126984292552585e-06,0.004913696354049701,9.126984292552585e-06,0.007721783333319077,9.126984292552585e-06,-0.01394334818211998,-0.0,-0.024992995088351955,9.126984292552585e-06
2016-01-21,0.0017096165801335295,-0.0004413876790606931,1.0039682189623515e-05,-0.0024908433483272763,1.0039682189623515e-05,-0.0033804105046113895,1.0039682189623515e-05,0.004857493117737921,0.0,0.0039874505045482955,1.0039682189623515e-05
2016-01-22,0.009926118059595347,0.005091080407238317,1.0833333409021772e-05,-0.002219962695239608,1.0833333409021772e-05,-0.00355985378141177,1.0833333409021772e-05,0.020063174968751207,0.0,0.08340421636053863,1.0833333409021772e-05
2016-01-25,-0.003810134288751946,-0.0018137215909145765,1.1428570936596582e-05,0.003337036226233492,1.1428570936596582e-05,0.006349319045198124,1.1428570936596582e-05,-0.01011791646266863,-0.0,-0.051846022870803976,1.1428570936596582e-05
2016-01-26,0.004457184295539698,0.004207512816220817,1.0912698649224782e-05,0.0007394979258084078,1.0912698649224782e-05,0.004207362449866414,1.0912698649224782e-05,0.010129510737387493,0.0,0.047500725329780114,1.0912698649224782e-05
2016-01-27,-0.005250176620312131,-0.0025173701435661274,1.1904762377814641e-05,0.0007385010024314465,1.1904762377814641e-05,0.0014096223850871281,1.1904762377814641e-05,-0.008740712790275135,-0.0,-0.04086473041364669,1.1904762377814641e-05
2016-01-28,0.007839339186482159,0.0029304882156811797,1.1904762377814641e-05,0.0012918956818093186,1.1904762377814641e-05,-0.0026528101473190695,1.1904762377814641e-05,0.01297336660478543,0.0,0.03408460218150755,1.1904762377814641e-05
2016-01-29,0.007506443559848855,0.006285076137949867,1.2619047174378047e-05,0.005344154831776526,1.2619047174378047e-05,0.00588951546548618,1.2619047174378047e-05,0.020678884485747784,0.0,0.03987240942552717,1.2619047174378047e-05
2016-02-01,0.0008748366960240528,0.0007993420449066012,1.1904762377814641e-05,-0.002304163950870297,1.1904762377814641e-05,0.0016398814816747098,1.1904762377814641e-05,0.005631564386995136,-0.0,0.011247506478013314,1.1904762377814641e-05
2016-02-02,-0.002541351245812577,0.0018819401515450932,1.1706348685991197e-05,0.007083981580052301,1.1706348685991197e-05,0.008668632265194837,1.1706348685991197e-05,-0.011431546465701548,-0.0,-0.001,1.1706348685991197e-05
2016-02-03,-0.002032556098768704,0.0005575330127156905,1.3095238615596106e-05,-0.001095884655825774,1.3095238615596106e-05,0.0004475485026816197,1.3095238615596106e-05,0.0015900426357577657,0.0,0.012022233702880913,1.3095238615596106e-05
2016-02-04,-0.00205585535622912,0.0005590699383330712,1.3214285884584698e-05,0.002377378124396534,1.3214285884584698e-05,0.006435165676443125,1.3214285884584698e-05,-0.004558351881939399,0.0,-0.010980177979021621,1.3214285884584698e-05
2016-02-05,-0.008884008076637442,-0.001688431518468552,1.1230158427404978e-05,0.00127725467051798,1.1230158427404978e-05,0.0060903724009510425,1.1230158427404978e-05,-0.009482394039064729,-0.0,-0.03953422887646274,1.1230158427404978e-05
2016-02-08,-0.005322868193547677,0.0008607490712618303,1.1031745918213376e-05,0.0074715707691084265,1.1031745918213376e-05,0.014144966833478914,1.1031745918213376e-05,-0.007219822235112444,-0.0,-0.04820983479898577,1.1031745918213376e-05
2016-02-09,-3.746894967365604e-05,-8.080751349763527e-05,1.0317459939018129e-05,0.00018083037626026588,1.0317459939018129e-05,-0.0003168288639891677,1.0317459939018129e-05,0.002884167294710832,0.0,-0.007405213638311814,1.0317459939018129e-05
2016-02-10,0.00020083007747534736,0.001190587406513133,1.1904762377814641e-05,0.0029836904102247264,1.1904762377814641e-05,0.006514605839346377,1.1904762377814641e-05,-0.0014845370736903674,-0.0,-0.007758828246975158,1.1904762377814641e-05
2016-02-11,-0.0034985106152916113,-0.00047618540352226514,1.1825397137611633e-05,0.004598031530890001,1.1825397137611633e-05,0.017263380381334605,1.1825397137611633e-05,-0.011814489241858489,-0.0,-0.06075189346657661,1.1825397137611633e-05
2016-02-12,0.0033642269009408537,-0.00011772236339619878,1.0833333409021772e-05,-0.007627290493479766,1.0833333409021772e-05,-0.01003615000673493,1.0833333409021772e-05,0.011296149461876098,0.0,0.0432277396287688,1.0833333409021772e-05
2016-02-16,0.005019750990036521,0.0006573786426216444,1.0714286140033178e-05,-0.0029851038234918192,1.0714286140033178e-05,-0.01462891076515249,1.0714286140033178e-05,0.013078335330881485,0.0,0.045733510743676264,1.0714286140033178e-05
2016-02-17,0.005684038674534181,0.0023288770391784656,1.0833333409021772e-05,-0.002448738188817523,1.0833333409021772e-05,-0.0008036793009987093,1.0833333409021772e-05,0.011062261336928614,0.0,0.039037330289637184,1.0833333409021772e-05
2016-02-18,0.0034104767131563755,0.002621219147178436,1.1626984628420029e-05,0.004637595130724481,1.1626984628420029e-05,0.007738108482634935,1.1626984628420029e-05,0.0018433377844079002,-0.0,0.0022598308731409666,1.1626984628420029e-05
2016-02-19,0.001639487355956192,0.0008270393063573892,1.1428570936596582e-05,0.0,1.1428570936596582e-05,-0.002387170445594333,1.1428570936596582e-05,-0.0015738291742604105,-0.0,0.026775670101363724,1.1428570936596582e-05
2016-02-22,0.006139299519086946,0.002801344642787527,1.1230158427404978e-05,-0.0009961686837406392,1.1230158427404978e-05,-0.006435330166787211,1.1230158427404978e-05,0.011709719236315808,0.0,0.05682129227240562,1.1230158427404978e-05
2016-02-23,-0.0019515161024158557,0.0008761899272332088,1.1626984628420029e-05,0.001993441293895337,1.1626984628420029e-05,0.007007052690392554,1.1626984628420029e-05,-0.00627007069803745,-0.0,-0.001,1.1626984628420029e-05
2016-02-24,0.0013603605025935368,0.0007101994233286496,1.2619047174378047e-05,0.0,1.2619047174378047e-05,0.0004496898546833735,1.2619047174378047e-05,0.004015254134968338,0.0,0.004742386825952739,1.2619047174378047e-05
2016-02-25,0.004908777061483164,0.004129347190371905,1.2499999905389453e-05,0.0029838606870342677,1.2499999905389453e-05,0.0030672097239209752,1.2499999905389453e-05,0.011791583476082002,0.0,0.03480159424895479,1.2499999905389453e-05
2016-02-26,-0.0035847400918050253,-0.003407029409377083,1.2301587396197849e-05,-0.004867803875410637,1.2301587396197849e-05,-0.007127066703568625,1.2301587396197849e-05,-0.010750164508928933,-0.0,-0.001,1.2301587396197849e-05
2016-02-29,-0.0013286062708767704,0.0010189465494472687,1.2023809646803235e-05,0.0016302147851450233,1.2023809646803235e-05,0.006355298037007628,1.2023809646803235e-05,-0.003458095905253422,-0.0,0.0,1.2023809646803235e-05
2016-03-01,0.008242562447467862,0.0020640015328130786,1.2222222155994839e-05,-0.007816419451038836,1.2222222155994839e-05,-0.010919439437407214,1.2222222155994839e-05,0.013500991785914157,0.0,0.0860390182078351,1.2222222155994839e-05
2016-03-02,0.0007513567565392613,0.0003196360521286165,1.2698412414581055e-05,-0.0017342642783925166,1.2698412414581055e-05,0.003373206067922463,1.2698412414581055e-05,0.0029309422750363745,0.0,-0.001,1.2698412414581055e-05
2016-03-03,-1.1390513710807682e-05,0.0018623872104685463,1.2023809646803235e-05,0.0011891175591067782,1.2023809646803235e-05,0.007368853990541435,1.2023809646803235e-05,0.004558719839754255,0.0,0.0,1.2023809646803235e-05
2016-03-04,-0.0004993202970174489,-0.0008568930670665571,1.0436508390638564e-05,-0.003379427967743487,1.0436508390638564e-05,-0.0037884976068478142,1.0436508390638564e-05,0.005528467006695292,0.0,0.0,1.0436508390638564e-05
2016-03-07,-0.0019102477326205247,-0.0004625933934596897,1.0515872448209733e-05,-0.0020157356855659003,1.0515872448209733e-05,0.0008835351194430203,1.0515872448209733e-05,-0.0009460739853033584,0.0,0.0,1.0515872448209733e-05
2016-03-08,1.065753977543991e-05,0.0009388987575881305,1.0515872448209733e-05,0.005784407260869706,1.0515872448209733e-05,-0.002164995220305442,1.0515872448209733e-05,-0.0018587143312914778,-0.0,0.0,1.0515872448209733e-05
2016-03-09,0.0012647089565199416,-0.0013946011225440618,1.2103174887006245e-05,-0.00392559300084272,1.2103174887006245e-05,-0.0067652984311676505,1.2103174887006245e-05,0.005976583605034891,0.0,0.0,1.2103174887006245e-05
2016-03-10,-0.0018663605817141253,-0.000501631136134733,1.1428570936596582e-05,-0.003574158891857304,1.1428570936596582e-05,0.002793045647923375,1.1428570936596582e-05,-0.0003076254591330707,0.0,0.0,1.1428570936596582e-05
2016-03-11,0.002792945988698638,-0.0013634514059423118,1.2023809646803235e-05,-0.002852058494363763,1.2023809646803235e-05,-0.010052516603304935,1.2023809646803235e-05,0.008535329700091576,0.0,0.0,1.2023809646803235e-05
2016-03-14,0.00019764393229157202,-0.0005656235760418712,1.2222222155994839e-05,0.0007373819055724873,1.2222222155994839e-05,-0.004346104386610723,1.2222222155994839e-05,0.0006913654142588488,-0.0022821621075995715,0.0,1.2222222155994839e-05
2016-03-15,0.0008454265690351953,2.7349190912570148e-05,1.2222222155994839e-05,-0.00018405267853149887,1.2222222155994839e-05,2.416986544865696e-05,1.2222222155994839e-05,0.0018800330169060353,-0.001629848575508741,0.0,1.2222222155994839e-05
2016-03-16,0.0048803475297639915,0.004122957268965624,1.2896824923772659e-05,0.005255438044376337,1.2896824923772659e-05,0.010351559256406295,1.2896824923772659e-05,0.008181326883448248,0.005787196172873932,0.0,1.2896824923772659e-05
2016-03-17,0.0011476664797725536,0.0009646230405070712,1.1904762377814641e-05,-0.0025575906696903,1.1904762377814641e-05,0.0022205496219301155,1.1904762377814641e-05,0.007912704657654479,0.006343983348025217,0.0,1.1904762377814641e-05
2016-03-18,0.001161068689605606,0.0009296324540859174,1.0912698649224782e-05,0.0015669169773606662,1.0912698649224782e-05,0.0010931779171767797,1.0912698649224782e-05,0.0007563843756303039,0.003929886100602742,0.0,1.0912698649224782e-05
2016-03-21,0.002122760795739138,0.0006771928048919314,1.1111111158416386e-05,0.003911660775494541,1.1111111158416386e-05,-0.004421293834330653,1.1111111158416386e-05,0.002524374381683403,0.0014189751583075783,0.0,1.1111111158416386e-05
2016-03-22,0.0005839646831119621,-2.5599889239529556e-05,1.1428570936596582e-05,0.0030615430061027293,1.1428570936596582e-05,-0.0006471582190200603,1.1428570936596582e-05,-0.006573093811552161,-0.000537557497485075,0.0,1.1428570936596582e-05
2016-03-23,-0.0028671220396693014,-0.00500122288296056,1.1706348685991197e-05,-0.00823159274852936,1.1706348685991197e-05,-0.013153729336740673,1.1706348685991197e-05,-0.004791075709979331,-0.006599497168561785,0.0,1.1706348685991197e-05
2016-03-24,0.00040342803447636995,-0.0002667965248755429,1.1626984628420029e-05,0.0002797964679674969,1.1626984628420029e-05,-0.001486163283526242,1.1626984628420029e-05,-0.0008436856301304026,-0.00044308475106236145,0.0,1.1626984628420029e-05
2016-03-28,-0.0003165028744535651,6.698143149240396e-05,1.0912698649224782e-05,-0.0013983614909439668,1.0912698649224782e-05,0.0014080625755380123,1.0912698649224782e-05,0.0015749211809408248,0.0005909823032348438,0.0,1.0912698649224782e-05
2016-03-29,0.005216536970338829,0.004659453543599862,1.0119047429826525e-05,0.004767064077781937,1.0119047429826525e-05,0.012753343500331896,1.0119047429826525e-05,0.008576585895629207,0.009249849588359726,0.0,1.0119047429826525e-05
2016-03-30,0.002037853296818937,0.0002901599837629158,8.928571192045061e-06,0.0028699972982162442,8.928571192045061e-06,-0.006706167633453959,8.928571192045061e-06,0.0024659014251696147,0.004387918347634301,0.0,8.928571192045061e-06
2016-03-31,-0.0013751742546401528,-0.000174752421742824,7.3412699358803885e-06,-0.0014627583436619407,7.3412699358803885e-06,0.003092678412150218,7.3412699358803885e-06,-0.000933295394042577,-0.0024269462796636665,0.0,7.3412699358803885e-06
2016-04-01,0.005886112966019011,0.004006620380570622,7.658730305376506e-06,0.010622468380590222,7.658730305376506e-06,0.0011283966435936912,7.658730305376506e-06,0.006683573767219342,0.00681196433083775,0.0,7.658730305376506e-06
2016-04-04,-0.0033023589610182516,-0.0020622258713697433,8.650793442650448e-06,-0.0038056075044337057,8.650793442650448e-06,-0.003954612536088086,8.650793442650448e-06,-0.002775941717110014,-0.0032379926800795156,0.0,8.650793442650448e-06
2016-04-05,-0.005280001463618336,-0.0035441060864703612,7.261904695677379e-06,-0.009641728307921427,7.261904695677379e-06,0.004764961152617227,7.261904695677379e-06,-0.011017004867097474,-0.009987704195985825,0.0,7.261904695677379e-06
2016-04-06,0.006731592758327374,0.004533528025687279,8.650793442650448e-06,0.01644037404213816,8.650793442650448e-06,-0.005849677543024086,8.650793442650448e-06,0.004789891247697298,0.0109211401862368,0.0,8.650793442650448e-06
2016-04-07,-0.006890916754312514,-0.0048164073925009996,8.730158682853456e-06,-0.014367303634059136,8.730158682853456e-06,0.003419313463547144,8.730158682853456e-06,-0.008428488633447306,-0.011966225889939786,0.0,8.730158682853456e-06
2016-04-08,-8.172317919097544e-05,9.973435561209557e-05,8.730158682853456e-06,-0.0007334446076662227,8.730158682853456e-06,-0.00285799333015535,8.730158682853456e-06,0.0050669460813355105,0.002696834631286338,0.0,8.730158682853456e-06
2016-04-11,-0.0020824685125778093,-0.0009578091650685814,8.650793442650448e-06,-0.003669538277372375,8.650793442650448e-06,0.003347336581060715,8.650793442650448e-06,-0.0036932437209252766,-0.0023468295821457152,0.0,8.650793442650448e-06
2016-04-12,0.0038245398314471456,0.0028717949926017903,8.333333073154328e-06,0.008379362054953265,8.333333073154328e-06,-0.0035684588899868395,8.333333073154328e-06,0.0061107614614453465,0.009312517772909201,0.0,8.333333073154328e-06
2016-04-13,0.005537375858717585,0.003449776205782326,9.126984292552585e-06,0.012784093250884254,9.126984292552585e-06,-0.0021412233454330223,9.126984292552585e-06,-0.0018561253922762533,0.01010110218945015,0.0,9.126984292552585e-06
2016-04-14,-1.8724424045848425e-05,-0.0011822413773202904,8.849206543157971e-06,9.004762165143454e-05,8.849206543157971e-06,-0.007041530548968796,8.849206543157971e-06,-0.0015500558816675942,4.80786086987095e-05,0.0,8.849206543157971e-06
2016-04-15,-0.0010613001760579766,0.00014317031086630462,8.531746173661852e-06,-0.0025243617182468814,8.531746173661852e-06,0.004125447993469293,8.531746173661852e-06,0.0023559582814605406,-0.0011056680565981747,0.0,8.531746173661852e-06
2016-04-18,0.0027602852688344203,0.001788747457870128,8.333333073154328e-06,0.005332896014943689,8.333333073154328e-06,-0.002947899199765124,8.333333073154328e-06,0.0036800790164849273,0.0070265613226894175,0.0,8.333333073154328e-06
2016-04-19,-0.0035045452794592417,-0.0006759517352351418,7.85714281456811e-06,-0.006113736932243263,7.85714281456811e-06,0.003625018001316241,7.85714281456811e-06,0.0006959747433788193,0.003154383358341617,0.0,7.85714281456811e-06
2016-04-20,-0.00032672751123325806,-0.002061243625282989,8.531746173661852e-06,0.0008141070718192811,8.531746173661852e-06,-0.0070599557096035674,8.531746173661852e-06,-0.012800278566829582,0.0009530400317232512,0.0,8.531746173661852e-06
2016-04-21,-0.00224865139671261,-0.0020461341148168073,8.650793442650448e-06,9.048989747051372e-05,8.650793442650448e-06,-0.003181334436341128,8.650793442650448e-06,-0.011909745522831333,-0.00537857839091993,0.0,8.650793442650448e-06
2016-04-22,-0.005161770030433332,-0.004140196931258085,8.928571192045061e-06,-0.01509257168895528,8.928571192045061e-06,-0.006157528058531536,8.928571192045061e-06,0.005536734141230515,0.0,0.0,8.928571192045061e-06
2016-04-25,-0.00026907894454777156,-0.0002270065590610144,8.928571192045061e-06,0.0,8.928571192045061e-06,-0.000780344803419338,8.928571192045061e-06,0.00016346566441582944,-0.0017227092083614837,0.0,8.928571192045061e-06
2016-04-26,-0.0015662818172303434,-0.000873566474666116,9.444444662048703e-06,-0.004863293661566015,9.444444662048703e-06,-0.0008889252610712051,9.444444662048703e-06,0.0036109635664625384,0.0014857323829953195,0.0,9.444444662048703e-06
2016-04-27,-0.0007457231104712444,-6.025983692985426e-05,9.722222411443317e-06,-0.008021986628382827,9.722222411443317e-06,0.006115232443051788,9.722222411443317e-06,0.008704214824197254,0.002058276653395197,0.0,9.722222411443317e-06
2016-04-28,-0.004773322749908435,-0.0028627680692407394,9.722222411443317e-06,-0.012084329191843435,9.722222411443317e-06,0.008830153636509703,9.722222411443317e-06,-0.004887051041964852,-0.009075512464580937,0.0,9.722222411443317e-06
2016-04-29,-0.0020538449896960005,-0.00010590866144494384,8.333333073154328e-06,-0.0023627757314071945,8.333333073154328e-06,0.007217387146445116,8.333333073154328e-06,-0.0019561970072045354,-0.0053988191078431225,0.0,8.333333073154328e-06
2016-05-02,0.0018326714134683226,-0.00023453393634919315,7.658730305376506e-06,-0.0029048488454086474,7.658730305376506e-06,-0.005429574929707082,7.658730305376506e-06,0.007075115776101648,0.007948184659994917,0.0,7.658730305376506e-06
2016-05-03,-0.001096581360179382,0.0012422416603558892,7.3412699358803885e-06,0.005935219075893006,7.3412699358803885e-06,0.005419475980865488,7.3412699358803885e-06,-0.004041416460543956,-0.008703050298959347,0.0,7.3412699358803885e-06
2016-05-04,-3.065401398623816e-05,0.0005743076983232315,8.055555323759714e-06,0.0018157780821734804,8.055555323759714e-06,0.0004006274523636517,8.055555323759714e-06,0.004760366011915401,-0.005578474623285978,0.0,8.055555323759714e-06
2016-05-05,0.0007032322886051418,0.0008869312895564946,7.85714281456811e-06,0.002717719717135747,7.85714281456811e-06,0.0027525329653150053,7.85714281456811e-06,-0.001932849992092145,-0.0001952954230695081,0.0,7.85714281456811e-06
2016-05-06,0.000845590517919062,0.00011098171134729602,7.261904695677379e-06,-0.002349206989241459,7.261904695677379e-06,0.0008231049179002008,7.261904695677379e-06,0.0029798443235111716,0.0036596422612722446,0.0,7.261904695677379e-06
2016-05-09,0.0008712941339148348,-6.6350008769724245e-06,7.142857426688785e-06,0.0019018030006225928,7.142857426688785e-06,-0.005164730734852832,7.142857426688785e-06,0.0022832940199390417,0.0008263070471696832,0.0,7.142857426688785e-06
2016-05-10,0.0034022599678673843,0.0017660050477891294,8.055555323759714e-06,-0.0001809180957559331,8.055555323759714e-06,0.0008767605821381105,8.055555323759714e-06,0.00744572468793353,0.01243373280178428,0.0,8.055555323759714e-06
2016-05-11,-0.005735567231390809,-0.0033978163579576532,9.642857171240307e-06,-0.011037735717777218,9.642857171240307e-06,0.005538316012224135,9.642857171240307e-06,-0.007706775157498569,-0.009354483242370204,0.0,9.642857171240307e-06
2016-05-12,-0.003474938416493894,-0.0015950326212423316,9.84126968043191e-06,-0.004707819853392857,9.84126968043191e-06,-0.005042579485225869,9.84126968043191e-06,0.003133445509885674,0.000290217350067401,0.0,9.84126968043191e-06
2016-05-13,0.00302948441478118,9.098183328237655e-05,1.0238094698815117e-05,0.003801627259101492,1.0238094698815117e-05,0.006011614938772854,1.0238094698815117e-05,-0.011109347305279016,-0.008714131634108502,0.0,1.0238094698815117e-05
2016-05-16,0.007170994234366785,0.00017816048904908044,1.0238094698815117e-05,-0.0036072769468198373,1.0238094698815117e-05,-0.003828544547160713,1.0238094698815117e-05,0.009110306867021134,0.009865377871318914,0.0,1.0238094698815117e-05
2016-05-17,-0.002524349852237015,-0.0023052226152573334,1.0238094698815117e-05,-0.0013580871376031034,1.0238094698815117e-05,0.0012557017637812398,1.0238094698815117e-05,-0.014573462355107702,-0.009333829875867838,0.0,1.0238094698815117e-05
2016-05-18,-0.004943089408255946,-0.005729661961724848,1.0634920899830168e-05,-0.00806535490647553,1.0634920899830168e-05,-0.013215485313046208,1.0634920899830168e-05,-0.017564314618660204,0.0002929956589938776,0.0,1.0634920899830168e-05
2016-05-19,0.001393501635210378,0.00032702038884663737,1.0714286140033178e-05,0.0010052874646184762,1.0714286140033178e-05,0.001138194321546604,1.0714286140033178e-05,0.0016134670874070616,-0.003464793030349189,0.0,1.0714286140033178e-05
2016-05-20,0.004823927808539277,0.0008693549433415815,1.1507936176799594e-05,0.0006387639395353251,1.1507936176799594e-05,2.4311656778149422e-05,1.1507936176799594e-05,0.002284736506616342,0.006317379733625783,0.0,1.1507936176799594e-05
2016-05-23,-0.002208604864792904,0.00023399610353044793,1.1825397137611633e-05,0.0006385331576659325,1.1825397137611633e-05,9.040575780994153e-06,1.1825397137611633e-05,0.0017135520330851528,-0.0013625563950856456,0.0,1.1825397137611633e-05
2016-05-24,0.0031133312552469247,0.00018868248336715231,1.2420634665186443e-05,-0.0016412104685510354,1.2420634665186443e-05,-0.007809791830294399,1.2420634665186443e-05,0.007942546401658812,0.012962167048226725,0.0,1.2420634665186443e-05
2016-05-25,0.0060879857140975005,0.0019057012555496952,1.3611110902967906e-05,0.005191375947913636,1.3611110902967906e-05,-0.002319282931992202,1.3611110902967906e-05,0.004425899008904249,0.006783149285816359,0.0,1.3611110902967906e-05
2016-05-26,-0.00016856897577866437,0.0010999742393223407,1.2499999905389453e-05,0.002929556769036168,1.2499999905389453e-05,0.001621941270569027,1.2499999905389453e-05,0.0009873478082328413,0.00028662100913878774,0.0,1.2499999905389453e-05
2016-05-27,0.0017904440656195035,0.0012033344373374546,1.0912698649224782e-05,0.005202625476506073,1.0912698649224782e-05,-0.003869396764765868,1.0912698649224782e-05,0.001571071085780612,0.004299117963823429,0.0,1.0912698649224782e-05
2016-05-31,0.000539413589407651,0.0005752036343154461,1.1825397137611633e-05,0.001906777371875279,1.1825397137611633e-05,0.0024597938936326003,1.1825397137611633e-05,-0.0013160397189931334,-0.0019026543315823208,0.0,1.1825397137611633e-05
2016-06-01,0.0014713865273302054,0.0005502400364603956,1.1230158427404978e-05,9.066153468340055e-05,1.1230158427404978e-05,0.0008950762451890673,1.1230158427404978e-05,0.0023596303084875148,0.0020493384489803645,0.0,1.1230158427404978e-05
2016-06-02,0.0010483620894983269,0.001226467121591472,1.1706348685991197e-05,0.002084133862598092,1.1706348685991197e-05,0.0026609227213076157,1.1706348685991197e-05,0.000742240761325536,0.0030435547772040827,0.0,1.1706348685991197e-05
2016-06-03,-0.0013044485014859625,0.0016881474883989266,1.0714286140033178e-05,-0.004702461428536031,1.0714286140033178e-05,0.01709016290847224,1.0714286140033178e-05,0.005207869345230071,-0.0029870755767522628,0.0,1.0714286140033178e-05
2016-06-06,0.004267215164939267,0.0019281801266149358,1.0714286140033178e-05,0.0036344946830304536,1.0714286140033178e-05,0.0005105056881418165,1.0714286140033178e-05,0.005578703307083738,0.005088375052428873,0.0,1.0714286140033178e-05
2016-06-07,-0.00030088706892340275,0.0004966889952777362,9.92063492063492e-06,-0.0025349479359092486,9.92063492063492e-06,0.0035441514010181585,9.92063492063492e-06,0.004784641970462883,0.0015615315427577325,0.0,9.92063492063492e-06
2016-06-08,-0.0007729268964675757,0.002436552945029005,1.0515872448209733e-05,0.0017245493782416244,1.0515872448209733e-05,0.009134818192341113,1.0515872448209733e-05,0.0038728104337638347,0.003259922262605075,0.0,1.0515872448209733e-05
2016-06-09,-0.00017811544726127759,-0.0006934402821860923,9.325396801744187e-06,-0.0016309435381994808,9.325396801744187e-06,0.00017173945746029595,9.325396801744187e-06,-0.0021208328056581956,-0.0013655038620001836,0.0,9.325396801744187e-06
2016-06-10,-0.01108398056121298,-0.004109124916302054,9.523809310935791e-06,-0.011344097693250399,9.523809310935791e-06,0.0034662664444632028,9.523809310935791e-06,-0.010853006634011314,-0.009477800457118102,0.0,9.523809310935791e-06
2016-06-13,-0.0041468608466936245,-0.002624077366228037,9.523809310935791e-06,-0.008352985541107527,9.523809310935791e-06,0.004606249441429844,9.523809310935791e-06,-0.006514840561251012,-0.0077117277208877955,0.0,9.523809310935791e-06
2016-06-14,0.0012031370097604825,0.0008593971496864032,9.722222411443317e-06,0.0,9.722222411443317e-06,1.7704709017000552e-05,9.722222411443317e-06,-0.0001878209731829279,-0.001967140713863502,0.02039798743816379,9.722222411443317e-06
2016-06-15,-0.0004787450128074501,0.00020601001872593927,1.0436508390638564e-05,-0.0028696165822756914,1.0436508390638564e-05,0.004766995382253558,1.0436508390638564e-05,-0.0017932413704564998,-0.0013937516231007363,0.009776570010161523,1.0436508390638564e-05
2016-06-16,0.0032667738892130484,0.0023387199898727345,1.0119047429826525e-05,0.002970436873855009,1.0119047429826525e-05,-0.0015265082988931513,1.0119047429826525e-05,0.0025434215126627358,0.0029846347354482994,0.0268721713880673,1.0119047429826525e-05
2016-06-17,-0.004878311317575806,-0.002742333622730316,9.722222411443317e-06,-0.011721153030346376,9.722222411443317e-06,0.001070289889242256,9.722222411443317e-06,0.0035357589595896577,-0.0037243262236366093,-0.001,9.722222411443317e-06
2016-06-20,0.00021226991229574444,-0.0017905708526370552,9.84126968043191e-06,-0.006296364156746169,9.84126968043191e-06,-0.006986477788022008,9.84126968043191e-06,0.0034529973020074323,0.006439916158745396,0.0,9.84126968043191e-06
2016-06-21,0.0010785870465179407,-0.00046789907474495667,9.84126968043191e-06,0.0011728673480695413,9.84126968043191e-06,-0.008701201516778074,9.84126968043191e-06,0.00327964392995278,0.0028386868015060074,0.0,9.84126968043191e-06
2016-06-22,-0.0015360855776333786,-0.0007350492035742062,1.0515872448209733e-05,-0.002418604962788229,1.0515872448209733e-05,0.001375224261575066,1.0515872448209733e-05,-0.002177767100953021,-0.0016309673408503311,0.0,1.0515872448209733e-05
2016-06-23,0.012105918811095837,0.009159381755385786,1.0634920899830168e-05,0.014267022339884416,1.0634920899830168e-05,-0.007579549113657287,1.0634920899830168e-05,0.010205977977527314,0.013021937402158734,0.09457718170512386,1.0634920899830168e-05
2016-06-24,-0.021184548120831048,-0.014716729471402937,1.0912698649224782e-05,-0.04118762039489521,1.0912698649224782e-05,0.00439449153700707,1.0912698649224782e-05,-0.02339386861602949,-0.035908771582509935,-0.001,1.0912698649224782e-05
2016-06-27,-0.004329026753996745,-0.0005567987678160666,9.444444662048703e-06,0.006644551219520569,9.444444662048703e-06,0.012336037966026447,9.444444662048703e-06,-0.013874843033813145,-0.017909720328057377,-0.026813967682594475,9.444444662048703e-06
2016-06-28,0.00849431301891198,0.004826287447455413,9.325396801744187e-06,-0.00017690557992033895,9.325396801744187e-06,-0.0029428790175175155,9.325396801744187e-06,0.011585616740861282,-0.001,0.08450706534032859,9.325396801744187e-06
2016-06-29,0.003977722056652134,0.0023856742482111196,1.0317459939018129e-05,-0.004064840219233923,1.0317459939018129e-05,0.0065977952003065665,1.0317459939018129e-05,0.012568021072163538,0.01602746321702775,-0.001,1.0317459939018129e-05
2016-06-30,0.0035420679186474804,0.0038078008108353217,1.0119047429826525e-05,0.0022176867263516975,1.0119047429826525e-05,0.006228435949641989,1.0119047429826525e-05,0.012924110142339185,0.01364552042869982,0.0,1.0119047429826525e-05
2016-07-01,0.000994375341153808,0.002990080731644784,9.84126968043191e-06,0.0030214170156002158,9.84126968043191e-06,0.012942937435262387,9.84126968043191e-06,0.0013255388375388033,0.0021004475474046824,0.0,9.84126968043191e-06
2016-07-05,-0.0033650437265185518,-0.003137857235994793,9.642857171240307e-06,-0.006106564661135572,9.642857171240307e-06,-0.0001856776610987083,9.642857171240307e-06,-0.010470075961382747,-0.007193210053179633,0.0,9.642857171240307e-06
2016-07-06,0.0038229987928749746,0.002918233061823974,9.444444662048703e-06,0.008192442043061243,9.444444662048703e-06,0.0016117233936081554,9.444444662048703e-06,0.0017546452052789045,0.0059977343596584465,0.0,9.444444662048703e-06
2016-07-07,-0.00010438158293131516,-0.0005922669166728254,1.0436508390638564e-05,0.002954463818171771,1.0436508390638564e-05,-0.002163610815838527,1.0436508390638564e-05,-0.009632497951288566,-0.0006197775858411969,0.0,1.0436508390638564e-05
2016-07-08,0.00938273511107781,0.008384566228784848,1.0714286140033178e-05,0.015466712881769151,1.0714286140033178e-05,0.011664929630616678,1.0714286140033178e-05,0.016478992505991108,0.014890228935405814,0.0,1.0714286140033178e-05
2016-07-11,0.0034715817217607983,0.002439686338036055,1.0833333409021772e-05,0.00571170429675627,1.0833333409021772e-05,0.003233596029409203,1.0833333409021772e-05,0.0025867203514938213,0.003527039879043903,0.0,1.0833333409021772e-05
2016-07-12,0.0034787724622657923,0.003316825002083419,1.0912698649224782e-05,0.005048285639913885,1.0912698649224782e-05,0.003630059451492528,1.0912698649224782e-05,0.009619371265618848,0.007263478943442481,0.0,1.0912698649224782e-05
2016-07-13,-0.0013077839777777957,-0.00032322360081109405,1.1706348685991197e-05,-0.002421829381936469,1.1706348685991197e-05,0.001192481861073717,1.1706348685991197e-05,0.0011004585269997202,-0.00013985267347937924,0.0,1.1706348685991197e-05
2016-07-14,0.0032939266664650827,0.002894778002073758,1.1825397137611633e-05,0.006833496407079087,1.1825397137611633e-05,0.002585119835675368,1.1825397137611633e-05,0.0037601570067098133,0.005583692936159679,0.0,1.1825397137611633e-05
2016-07-15,-0.0006783224029622885,-0.0005235716687164414,1.2023809646803235e-05,-0.001607463460227887,1.2023809646803235e-05,-0.0011068368141218254,1.2023809646803235e-05,0.0014105684698670073,-0.0013419315555081024,0.0,1.2023809646803235e-05
2016-07-18,0.0025707015553641755,0.0027035886832635215,1.1825397137611633e-05,0.006618612805111335,1.1825397137611633e-05,0.004071188271258297,1.1825397137611633e-05,0.0023286625439895847,0.0026873031043768147,0.0,1.1825397137611633e-05
2016-07-19,-0.0008794107768408294,-0.0019990434456787407,1.1428570936596582e-05,-0.003642996257514408,1.1428570936596582e-05,-0.004646962064330425,1.1428570936596582e-05,-0.0031873856455754968,-0.0010163439019655884,0.0,1.1428570936596582e-05
2016-07-20,0.004817444392502293,0.0029778419496688806,1.2301587396197849e-05,0.011683102522837663,1.2301587396197849e-05,-0.0009061507525710928,1.2301587396197849e-05,-0.001232310505335149,0.004162959552998391,0.0,1.2301587396197849e-05
2016-07-21,-0.0027338331148295337,-0.0011143989083690796,1.2499999905389453e-05,-0.002291960253352987,1.2499999905389453e-05,0.0024716541046586236,1.2499999905389453e-05,-0.006329060299076095,-0.0037775124105502433,0.0,1.2499999905389453e-05
2016-07-22,0.002786772048778335,0.0021223356987817295,1.2023809646803235e-05,0.004152534841107336,1.2023809646803235e-05,0.0024217957833617687,1.2023809646803235e-05,0.0038061837372111995,0.004485420121923989,0.0,1.2023809646803235e-05
2016-07-25,-0.0014035443815443196,-0.0018090919092494833,1.2023809646803235e-05,8.785926156162915e-05,1.2023809646803235e-05,-0.006156097214934042,1.2023809646803235e-05,-0.007078570776765658,-0.0027159040381123933,0.0,1.2023809646803235e-05
2016-07-26,0.0016671057669559097,0.0015717925011689414,1.1825397137611633e-05,0.0011435822575600607,1.1825397137611633e-05,0.005637045886523509,1.1825397137611633e-05,0.004018825800169129,0.00046152292951684437,0.0,1.1825397137611633e-05
2016-07-27,0.0018049628942258826,0.0022754012714703586,1.2222222155994839e-05,0.006943205198610691,1.2222222155994839e-05,0.007423187771718205,1.2222222155994839e-05,-0.004982644949117487,-0.001061145616386594,0.0,1.2222222155994839e-05
2016-07-28,0.0014871711404504792,0.0008177775125576834,1.1230158427404978e-05,0.003490702080563679,1.1230158427404978e-05,-0.001723662819174169,1.1230158427404978e-05,0.001134141022776397,0.0011545001536845678,0.0,1.1230158427404978e-05
2016-07-29,0.0013645308188064056,0.0014764666961504292,8.730158682853456e-06,0.0021744199885764814,8.730158682853456e-06,0.00247853476448919,8.730158682853456e-06,0.004371303906796686,0.0016148505610844577,0.0,8.730158682853456e-06
2016-08-01,0.0012006870812694866,0.000640506225828227,9.523809310935791e-06,0.005293598764277707,9.523809310935791e-06,0.0013953698171270679,9.523809310935791e-06,-0.008331135308895316,-0.0008290752659571021,0.0,9.523809310935791e-06
2016-08-02,-0.00405367343631222,-0.004223190736282804,9.444444662048703e-06,-0.007596609695508905,9.444444662048703e-06,-0.009579366193509038,9.444444662048703e-06,-0.004096350890777478,-0.006407569850888528,0.0,9.444444662048703e-06
2016-08-03,0.001400189313729702,0.0022294902322137974,1.1111111158416386e-05,0.0033053771345818994,1.1111111158416386e-05,0.004922763485779358,1.1111111158416386e-05,0.004418778291869291,0.002923233138506731,0.0,1.1111111158416386e-05
2016-08-04,0.00221498927464222,0.0011733966563307755,1.0634920899830168e-05,0.0028611312481514606,1.0634920899830168e-05,0.0031099736960734274,1.0634920899830168e-05,-0.0009160315282772942,0.0010635279122290786,0.0,1.0634920899830168e-05
2016-08-05,0.005093831835138573,0.005298857602023284,9.84126968043191e-06,0.009596361559419009,9.84126968043191e-06,0.011876985316234746,9.84126968043191e-06,0.0050159879011026365,0.008178962826358882,0.0,9.84126968043191e-06
2016-08-08,-8.443535837073877e-05,0.00032680525173332006,9.92063492063492e-06,-0.0011132393766027926,9.92063492063492e-06,0.0018320605347423857,9.92063492063492e-06,0.0037176227792144467,-0.0005957395813065425,0.0,9.92063492063492e-06
2016-08-09,0.0012900177142717763,0.0011488159394089149,9.92063492063492e-06,0.002314629985463501,9.92063492063492e-06,0.0033857320534436868,9.92063492063492e-06,0.00014367326288833304,0.0005960946985126281,0.0,9.92063492063492e-06
2016-08-10,-0.0013033133502555326,-0.0016951459846128757,1.1626984628420029e-05,-0.0025658409387222525,1.1626984628420029e-05,-0.0031626173225809033,1.1626984628420029e-05,-0.003974362415716942,-0.002475142399702923,0.0,1.1626984628420029e-05
2016-08-11,0.0025321610026784094,0.0028538736761768773,1.0833333409021772e-05,0.004287542720500914,1.0833333409021772e-05,0.007328633605926763,1.0833333409021772e-05,0.003311141274861068,0.004640773257581277,0.0,1.0833333409021772e-05
2016-08-12,0.001866864059953923,-6.533084125454991e-05,1.0912698649224782e-05,0.0006828880293543449,1.0912698649224782e-05,-0.0006851633428766417,1.0912698649224782e-05,-0.000716545900105725,-0.0008689384561608726,0.0,1.0912698649224782e-05
2016-08-15,0.0018292033157064798,0.0030606386145832503,1.0436508390638564e-05,0.004266394591742717,1.0436508390638564e-05,0.008191357715826278,1.0436508390638564e-05,0.0054566556124034105,0.0028837184374177482,0.0,1.0436508390638564e-05
2016-08-16,-0.003582799960024615,-0.0032506001770868298,1.0912698649224782e-05,-0.005522688151420985,1.0912698649224782e-05,-0.006038442381112175,1.0912698649224782e-05,-0.005808954703703462,-0.0051575058500721305,0.0,1.0912698649224782e-05
2016-08-17,0.00022357984517707222,0.00036688826680759756,1.1428570936596582e-05,0.0017942477507921772,1.1428570936596582e-05,-0.002504216771938498,1.1428570936596582e-05,0.001491779809137589,0.0018808877124290024,0.0,1.1428570936596582e-05
2016-08-18,0.0014715752938145401,0.001716499200778713,1.1428570936596582e-05,0.00025588196986947587,1.1428570936596582e-05,0.005657828307586469,1.1428570936596582e-05,0.006318121177402658,0.0022443741183828525,0.0,1.1428570936596582e-05
2016-08-19,-0.0018626786901042832,-0.0008105276412372113,1.130952366760799e-05,-0.00025581651103678826,1.130952366760799e-05,-0.0019367682345608668,1.130952366760799e-05,-0.003500413407832248,-0.0014625671027017617,0.0,1.130952366760799e-05
2016-08-22,-0.0014694456838464408,-0.0005233998025925088,1.1626984628420029e-05,0.0007675063122438708,1.1626984628420029e-05,-0.003417553313450505,1.1626984628420029e-05,-0.002029894337180399,-4.5769598961298286e-05,0.0,1.1626984628420029e-05
2016-08-23,0.0026568526487150555,0.0013043921829941562,1.1111111158416386e-05,0.001789521125597382,1.1111111158416386e-05,0.0015752694024709169,1.1111111158416386e-05,0.004660637901833881,0.002013954532190665,0.0,1.1111111158416386e-05
2016-08-24,-0.00609817580297479,-0.0031846631036162422,1.2103174887006245e-05,-0.006464896057888692,1.2103174887006245e-05,-0.003966108528643578,1.2103174887006245e-05,-0.005938268461823909,-0.005115059940045574,0.0,1.2103174887006245e-05
2016-08-25,0.0012076209562484142,-0.0001843948970949662,1.2103174887006245e-05,-0.001626828316146467,1.2103174887006245e-05,0.00037770256608885916,1.2103174887006245e-05,0.0021338950183711347,-0.0006888831552942509,0.0,1.2103174887006245e-05
2016-08-26,0.0013502254393697151,-0.0006979605477381574,1.2103174887006245e-05,0.0014580104842274455,1.2103174887006245e-05,-0.0030664953448445256,1.2103174887006245e-05,-0.004651625671819065,-0.0018834644229961395,0.0,1.2103174887006245e-05
2016-08-29,0.0026724049257401848,0.0020450128494954624,1.2103174887006245e-05,0.0013703833751392835,1.2103174887006245e-05,0.004729513692127263,1.2103174887006245e-05,0.006197105335933983,0.004924611819465019,0.0,1.2103174887006245e-05
2016-08-30,-0.0024094919644739197,-0.0014359716633001143,1.2103174887006245e-05,-0.00324976030288171,1.2103174887006245e-05,-0.001363603102888374,1.2103174887006245e-05,-0.002992880591809882,-0.001648487930716258,0.0,1.2103174887006245e-05
2016-08-31,-0.0013297551304791802,-0.0020723026362489652,1.2896824923772659e-05,-0.0010296746996132367,1.2896824923772659e-05,-0.0059256580007081006,1.2896824923772659e-05,-0.007169080346200896,-0.0028442492629277005,0.0,1.2896824923772659e-05
2016-09-01,0.0014035308927248255,0.001034544853572131,1.2698412414581055e-05,0.0025764886048631475,1.2698412414581055e-05,0.002499293343740217,1.2698412414581055e-05,7.975462191711635e-05,4.568339425148338e-05,0.0,1.2698412414581055e-05
2016-09-02,0.0024966106346085014,0.0028025184775173715,1.2499999905389453e-05,0.0032552588158965,1.2499999905389453e-05,0.005931248753386426,1.2499999905389453e-05,0.007568358751299187,0.004508241139148161,0.0,1.2499999905389453e-05
2016-09-06,0.00626589338802228,0.0035243709603711613,1.2023809646803235e-05,0.0062326460869894795,1.2023809646803235e-05,0.008860347068912663,1.2023809646803235e-05,0.004065630845299456,0.003022487408289809,0.0,1.2023809646803235e-05
2016-09-07,0.0010085702667987455,0.0005026156256329846,1.2023809646803235e-05,0.0005939995420516375,1.2023809646803235e-05,0.0012373544292933654,1.2023809646803235e-05,0.0017145491806598583,-9.133440633501966e-05,0.0,1.2023809646803235e-05
2016-09-08,0.0010734314952972244,-0.001989550547439473,1.3095238615596106e-05,-0.005851374910689211,1.3095238615596106e-05,-0.0034900849652298818,1.3095238615596106e-05,0.0016376842980300186,-0.0022829127644767855,0.0,1.3095238615596106e-05
2016-09-09,-0.01733381484905865,-0.014913843162365343,1.3214285884584698e-05,-0.025163981638245514,1.3214285884584698e-05,-0.030032319041177202,1.3214285884584698e-05,-0.023271733933119126,-0.023934948616372798,0.0,1.3214285884584698e-05
2016-09-12,0.0086178133210564,0.007844039253761703,1.3214285884584698e-05,0.017938138570861684,1.3214285884584698e-05,0.006421678631676715,1.3214285884584698e-05,0.013158990928651693,0.014347454406894888,0.0,1.3214285884584698e-05
2016-09-13,-0.007973942367074051,-0.007744911060753745,1.388888865236252e-05,-0.008939944715110615,1.388888865236252e-05,-0.018432899327910476,1.388888865236252e-05,-0.0167135189165476,-0.014375359732623716,0.0,1.388888865236252e-05
2016-09-14,0.0028279168219230754,0.0011599151769552416,1.3690476143170916e-05,0.004770477475825485,1.3690476143170916e-05,0.001546075106588182,1.3690476143170916e-05,-0.0024091923987712427,-0.0003752749714501791,0.0,1.3690476143170916e-05
2016-09-15,0.008954679869075607,0.006899363606006002,1.2499999905389453e-05,0.015538577639791384,1.2499999905389453e-05,0.007558952714219875,1.2499999905389453e-05,0.011273511323866225,0.009992835420923996,0.0,1.2499999905389453e-05
2016-09-16,-0.0007482225851761101,-0.0014568923650929893,1.1031745918213376e-05,-0.0004771332598130229,1.1031745918213376e-05,-0.0035844518426045107,1.1031745918213376e-05,-0.00513608176983224,-0.0038655788558566995,0.0,1.1031745918213376e-05
2016-09-19,0.0013916816937702898,-0.0005506043412167642,1.0833333409021772e-05,-0.004348314845280532,1.0833333409021772e-05,0.0034138960115871844,1.0833333409021772e-05,6.794591805106553e-05,0.0001876605760300354,0.0,1.0833333409021772e-05
2016-09-20,-0.0007024840480491206,0.0002789092359784773,9.444444662048703e-06,0.0018842262120111197,9.444444662048703e-06,-0.0006037017998661668,9.444444662048703e-06,-0.0010815278016654273,4.6550514759990946e-05,0.0,9.444444662048703e-06
2016-09-21,0.009842108959083705,0.0071845261426501305,1.1428570936596582e-05,0.009829064570450852,1.1428570936596582e-05,0.017431065858716083,1.1428570936596582e-05,0.01265483770971737,0.011245360862718323,0.0,1.1428570936596582e-05
2016-09-22,0.0035366024205110216,0.003979083321312392,8.849206543157971e-06,0.00795607907695417,8.849206543157971e-06,0.007285051282148662,8.849206543157971e-06,0.0042179334826244474,0.006301820258167723,0.0,8.849206543157971e-06
2016-09-23,-0.006649132161273111,-0.003825303547414647,6.3492062072905275e-06,-0.006381930279401482,6.3492062072905275e-06,-0.006435850664929909,6.3492062072905275e-06,-0.008555405275684796,-0.005479551230315738,0.0,6.3492062072905275e-06
2016-09-26,-0.005820950649954718,-0.005263008165031299,6.547619307798053e-06,-0.008366569791249057,6.547619307798053e-06,-0.011942571071673068,6.547619307798053e-06,-0.007744472708527517,-0.008102143491871439,0.0,6.547619307798053e-06
2016-09-27,0.006388649026701591,0.003771519185132045,6.865079085978251e-06,0.009885748648696957,6.865079085978251e-06,0.0030198861476902206,6.865079085978251e-06,0.00379266702309744,0.006208016637221148,0.0,6.865079085978251e-06
2016-09-28,0.006544347417668595,0.0031480430879443303,1.0119047429826525e-05,0.001687944760526472,1.0119047429826525e-05,0.005468786942631976,1.0119047429826525e-05,0.01530182295757132,0.004963571603281203,0.0,1.0119047429826525e-05
2016-09-29,-0.0036855928213512723,-0.005185929924490989,1.0436508390638564e-05,-0.007245175162060247,1.0436508390638564e-05,-0.013077936881368157,1.0436508390638564e-05,-0.0073779353228409505,-0.009047252462847544,0.0,1.0436508390638564e-05
2016-09-30,0.004041511995611274,0.004571702306569156,9.325396801744187e-06,0.007467859935399002,9.325396801744187e-06,0.0075821191869217906,9.325396801744187e-06,0.009984253895717665,0.007546177348650707,0.0,9.325396801744187e-06
2016-10-03,-0.0012991048118338752,-0.0006525394752246614,1.0317459939018129e-05,-0.0014319563867744023,1.0317459939018129e-05,0.0007902712588430854,1.0317459939018129e-05,-0.002361271563648209,-0.002404227806305115,0.0,1.0317459939018129e-05
2016-10-04,-0.003406736445290026,-0.002581991922703949,1.1428570936596582e-05,-0.0015182337141956825,1.1428570936596582e-05,-0.005860713380780647,1.1428570936596582e-05,-0.00944714228971344,-0.0050976872482797475,0.0,1.1428570936596582e-05
2016-10-05,0.003645684431598078,0.0034087158236427747,1.2499999905389453e-05,0.0035481618274646465,1.2499999905389453e-05,0.008011579194066401,1.2499999905389453e-05,0.009839746036877983,0.004425351786794707,0.0,1.2499999905389453e-05
2016-10-06,-0.00017226540799394828,2.6607084954227177e-05,1.2420634665186443e-05,-0.000505215763419109,1.2420634665186443e-05,-0.0002535820965909503,1.2420634665186443e-05,0.0013475830390377586,0.000695377735035807,0.0,1.2420634665186443e-05
2016-10-07,-0.0015785375753066542,-0.002081068395125254,1.2301587396197849e-05,-0.002189733139295491,1.2301587396197849e-05,-0.004891786316104281,1.2301587396197849e-05,-0.005466643632986573,-0.0034293442065446156,0.0,1.2301587396197849e-05
2016-10-10,0.005068467349954479,0.0041557758708172104,1.2301587396197849e-05,0.006330497856698258,1.2301587396197849e-05,0.00972536846434598,1.2301587396197849e-05,0.007197201999773195,0.0052083722814622035,0.0,1.2301587396197849e-05
2016-10-11,-0.008378921737860284,-0.008344896333007829,1.2222222155994839e-05,-0.014259305609816142,1.2222222155994839e-05,-0.01853947999514871,1.2222222155994839e-05,-0.010558934314054552,-0.012629689627689733,0.0,1.2222222155994839e-05
2016-10-12,-0.0014917382826646068,-0.0003286389845066181,1.2698412414581055e-05,-0.0008508017349213581,1.2698412414581055e-05,-0.001183583984599538,1.2698412414581055e-05,-0.00040934157765501467,0.0013120829419255298,0.0,1.2698412414581055e-05
2016-10-13,-0.003158250348556364,-0.0027207926450639273,1.3492063633979314e-05,-0.003576868996442939,1.3492063633979314e-05,-0.006914419418554159,1.3492063633979314e-05,-0.005481575211743528,-0.00327519843569013,0.0,1.3492063633979314e-05
2016-10-14,0.0010055747290857106,9.132912427927862e-05,1.0912698649224782e-05,0.001196220743512999,1.0912698649224782e-05,-0.00040885265662145753,1.0912698649224782e-05,-0.001886601401172749,0.0005162046660069919,0.0,1.0912698649224782e-05
2016-10-17,-0.004006810956547174,-0.0012925007450519206,1.1507936176799594e-05,-0.002731718672354777,1.1507936176799594e-05,-0.0016596105101592817,1.1507936176799594e-05,-0.0010395863321906729,-0.003472145953036354,0.0,1.1507936176799594e-05
2016-10-18,0.004094609328724204,0.004817653324243644,1.1706348685991197e-05,0.008902841340520995,1.1706348685991197e-05,0.010760856083589971,1.1706348685991197e-05,0.005043437981670618,0.006262216201131876,0.0,1.1706348685991197e-05
2016-10-19,0.0004431785185875902,0.0013453683262551152,1.3214285884584698e-05,-8.492477818944355e-05,1.3214285884584698e-05,0.00342202777338559,1.3214285884584698e-05,0.006489785896197808,0.002666961630164888,0.0,1.3214285884584698e-05
2016-10-20,-0.000512449077288143,-0.0010650417384475519,1.2817460866201492e-05,-0.0011879394633032003,1.2817460866201492e-05,-0.002355934171972736,1.2817460866201492e-05,-0.0027885352944619912,-0.001866385228815437,0.0,1.2817460866201492e-05
2016-10-21,0.0010652581051267822,0.0009805925949619878,1.2698412414581055e-05,0.003738123035822438,1.2698412414581055e-05,0.0009923197232865055,1.2698412414581055e-05,-0.0014197483169856862,0.00046748966902976363,0.0,1.2698412414581055e-05
2016-10-24,0.00764772024124178,0.004751033884230116,1.2499999905389453e-05,0.012018454891701058,1.2499999905389453e-05,0.007544522927791064,1.2499999905389453e-05,0.0029173905609694295,0.004252535547599967,0.0,1.2499999905389453e-05
2016-10-25,-0.0013068045337064074,-0.0018150562318074528,1.2420634665186443e-05,-0.0031781220443656277,1.2420634665186443e-05,-0.003195738868413178,1.2420634665186443e-05,-0.00293919921946445,-0.0033504223303174596,0.0,1.2420634665186443e-05
2016-10-26,-0.003257235364053342,-0.00305398030314927,1.2896824923772659e-05,-0.0067959156694095135,1.2896824923772659e-05,-0.009100311088580448,1.2896824923772659e-05,0.0015642886657697697,-0.0020076674291603647,0.0,1.2896824923772659e-05
2016-10-27,-0.0029147714344457706,-0.0027964766798657947,1.2420634665186443e-05,-0.004561449848775823,1.2420634665186443e-05,-0.008186772174185397,1.2420634665186443e-05,-0.002321347968693238,-0.002666670679211891,0.0,1.2420634665186443e-05
2016-10-28,-0.004112937397070956,-0.002501883632817834,1.0912698649224782e-05,-0.006279681088640632,1.0912698649224782e-05,-0.004371120689951416,1.0912698649224782e-05,-0.0005816577487941232,-0.002955681457953996,0.0,1.0912698649224782e-05
2016-10-31,-0.00013104223984047444,-6.198226200781112e-05,1.0833333409021772e-05,-0.0009396080962049691,1.0833333409021772e-05,0.002909766188155564,1.0833333409021772e-05,-0.002705968001830261,4.7077341935874983e-05,0.0,1.0833333409021772e-05
2016-11-01,-0.004930730820793266,-0.004339826513315474,1.1706348685991197e-05,-0.007521910555650768,1.1706348685991197e-05,-0.00927875360817465,1.1706348685991197e-05,-0.005279442338452234,-0.00724528216872411,0.0,1.1706348685991197e-05
2016-11-02,-0.0029133812863756754,-0.0047777104330282635,1.3690476143170916e-05,-0.008009450180882394,1.3690476143170916e-05,-0.010894079606760327,1.3690476143170916e-05,-0.006942636800144758,-0.00601895562034227,0.0,1.3690476143170916e-05
2016-11-03,-0.004164354155083007,-0.0038173083254959173,1.3690476143170916e-05,-0.009810646978602233,1.3690476143170916e-05,-0.005801328957879622,1.3690476143170916e-05,-0.0015562553174083282,-0.004576948135588177,0.0,1.3690476143170916e-05
2016-11-04,-0.002511860578265972,-0.0017179341274580792,1.420634961317456e-05,-0.0035072508357594234,1.420634961317456e-05,-0.0024217529275940564,1.420634961317456e-05,-0.0023353443730817214,-0.0011014232836431548,-0.0033266871884397578,1.420634961317456e-05
2016-11-07,0.020957551001516604,0.020484738757506917,1.420634961317456e-05,0.023756960529677018,1.420634961317456e-05,0.02812993332650874,1.420634961317456e-05,0.0232384004156152,0.022056867492671106,0.12686572917950434,1.420634961317456e-05
2016-11-08,0.0024814694403956098,0.0030235503514685065,1.5476189908527193e-05,0.006531873335771543,1.5476189908527193e-05,0.005197596185707512,1.5476189908527193e-05,0.0031811460927057555,0.004503976249048636,-0.001,1.5476189908527193e-05
2016-11-09,0.0015230425680796964,0.004161290888354778,1.6666666146308656e-05,0.004611195588310357,1.6666666146308656e-05,0.0009463394840746684,1.6666666146308656e-05,0.0206596670249434,0.010602102662321311,0.0,1.6666666146308656e-05
2016-11-10,-0.006198413782346581,-0.004112270158976277,1.6587302088737487e-05,-0.016149730534806284,1.6587302088737487e-05,-0.009522784883149504,1.6587302088737487e-05,0.011610026433548748,0.002495822542186721,0.0,1.6587302088737487e-05
2016-11-11,0.009122346633578849,-0.0001061580777604865,1.817460334490216e-05,0.0004319412514757204,1.817460334490216e-05,0.0014601038413285528,1.817460334490216e-05,-0.002661830686735367,-0.0023051019232300796,0.0,1.817460334490216e-05
2016-11-14,-0.003623877076538765,-0.0021467659313024485,1.817460334490216e-05,-0.010103160058482885,1.817460334490216e-05,-0.0010948078597441402,1.817460334490216e-05,0.00478421990785452,0.0007855536720979828,0.0,1.817460334490216e-05
2016-11-15,0.007532623444159274,0.0070430118974787,1.9960318292890277e-05,0.01387062943911177,1.9960318292890277e-05,0.01236151116244651,1.9960318292890277e-05,0.011294646118449214,0.007802348640582268,0.0,1.9960318292890277e-05
2016-11-16,0.003073131652028512,0.0007817061736783756,1.9365079582683625e-05,0.005936948295478084,1.9365079582683625e-05,-0.0008095004879694985,1.9365079582683625e-05,-0.004465600393629865,-0.0018778591799614164,0.0,1.9365079582683625e-05
2016-11-17,0.003744903371588069,0.0033251896831374924,1.7976190835710555e-05,0.007270629499014136,1.7976190835710555e-05,0.004859581052807001,1.7976190835710555e-05,0.0038719911979324118,0.005140716915307486,0.0,1.7976190835710555e-05
2016-11-18,-0.0003950255045875116,-0.0011757436030213851,1.6666666146308656e-05,-0.0037364658406116025,1.6666666146308656e-05,-0.0010150710689963796,1.6666666146308656e-05,0.0007308746852798254,-0.0022382749005941394,0.0,1.6666666146308656e-05
2016-11-21,0.009093744535979711,0.005487919341889874,1.6587302088737487e-05,0.010398907792486423,1.6587302088737487e-05,0.008294953142169065,1.6587302088737487e-05,0.01072173938930543,0.00755179480444701,0.0,1.6587302088737487e-05
2016-11-22,0.0008471748271882222,0.00246703571291897,1.6666666146308656e-05,0.0030367922746066256,1.6666666146308656e-05,0.009109584873856786,1.6666666146308656e-05,0.0018948002797877228,0.00195337624949965,0.0,1.6666666146308656e-05
2016-11-23,-0.001223145825256637,-0.0005885926144287826,1.884920611267998e-05,-0.004036889002718369,1.884920611267998e-05,0.00025221191288830457,1.884920611267998e-05,0.003358952021847189,0.0005436887352829878,0.0,1.884920611267998e-05
2016-11-25,0.001771650486334864,0.0017492036846891025,1.924603231369503e-05,0.0032087092236015025,1.924603231369503e-05,0.0034056662437175565,1.924603231369503e-05,0.0015125228365281684,0.0037155893076843416,0.0,1.924603231369503e-05
2016-11-28,-0.005077824149764953,-0.002699170870733159,1.9047618621871583e-05,-0.0022726273138603537,1.9047618621871583e-05,-0.006648398541149254,1.9047618621871583e-05,-0.007878631033622185,-0.004694421783807634,0.0,1.9047618621871583e-05
2016-11-29,0.00047442462161974074,0.0010574429649750003,1.7857142384090123e-05,0.0034591348753338913,1.7857142384090123e-05,0.0016266629550217475,1.7857142384090123e-05,-0.002033972647221771,0.0019500466178081766,0.0,1.7857142384090123e-05
2016-11-30,0.002893178260157038,-0.004357382767019887,1.8571428363285367e-05,-0.012107210642401833,1.8571428363285367e-05,-0.006473629846319865,1.8571428363285367e-05,-0.0018563833297627892,-0.0023991068095098322,0.0,1.8571428363285367e-05
2016-12-01,-0.008970788154611765,-0.006295254655801812,1.8571428363285367e-05,-0.017276573167449127,1.8571428363285367e-05,-0.011989994170151229,1.8571428363285367e-05,0.000920205879143599,-0.0036755805406569753,0.0,1.8571428363285367e-05
2016-12-02,0.0020699729860390423,0.0005594289526778078,1.817460334490216e-05,0.0019916487774858105,1.817460334490216e-05,0.0008656901324696948,1.817460334490216e-05,-0.0011182049561850593,0.0005010265062308505,0.0,1.817460334490216e-05
2016-12-05,0.005908387206249348,0.004802067072474202,1.8055556075913566e-05,0.007779009573074536,1.8055556075913566e-05,0.011074980588867613,1.8055556075913566e-05,0.007395502918204899,0.0060086565777368595,0.0,1.8055556075913566e-05
2016-12-06,0.002200564115357288,0.0018567931009675865,1.7976190835710555e-05,0.002401419580171371,1.7976190835710555e-05,0.004794619643589959,1.7976190835710555e-05,0.002938295019806081,0.0031676466051204777,0.0,1.7976190835710555e-05
2016-12-07,0.00848510781780075,0.007544875154495763,1.924603231369503e-05,0.012662589532773438,1.924603231369503e-05,0.012416680563634246,1.924603231369503e-05,0.01529424973778526,0.013080610033023854,0.0,1.924603231369503e-05
2016-12-08,0.001432091427081099,0.002021461819208162,1.9365079582683625e-05,0.0017741622082687591,1.9365079582683625e-05,0.007313593409681666,1.9365079582683625e-05,0.0029095319408435905,0.0024484721431998757,0.0,1.9365079582683625e-05
2016-12-09,0.0027322971099821214,0.0035386157667121835,1.9444444822886633e-05,0.00784375803021753,1.9444444822886633e-05,0.004613412260547604,1.9444444822886633e-05,0.00426294019343082,0.006040679415535211,0.0,1.9444444822886633e-05
2016-12-12,-0.0029891814920922416,-0.002311867507798495,2.0634919878036257e-05,-0.004519311602606657,2.0634919878036257e-05,-0.005407507435939022,2.0634919878036257e-05,-0.002915400051692524,-0.0011477311406278279,0.0,2.0634919878036257e-05
2016-12-13,0.007084568004348588,0.005252738441351127,1.984126984126984e-05,0.012609605288848691,1.984126984126984e-05,0.00645218768224128,1.984126984126984e-05,0.006255071542788065,0.006674045331007239,0.0,1.984126984126984e-05
2016-12-14,-0.0014953621947047721,-0.003227972989851162,2.0753968329656692e-05,-0.0020753966344443375,2.0753968329656692e-05,-0.007608057190600536,2.0753968329656692e-05,-0.009555923064722971,-0.008254239811797848,0.0,2.0753968329656692e-05
2016-12-15,0.004087335888038306,0.0017781107671717017,2.0753968329656692e-05,0.0015806007926570942,2.0753968329656692e-05,0.0043901272263749585,2.0753968329656692e-05,0.004089262957276296,0.004116935328218885,0.0,2.0753968329656692e-05
2016-12-16,-0.0007053727459694129,-0.001733300759144521,1.9365079582683625e-05,-0.0037068854276283147,1.9365079582683625e-05,-0.002499555341301233,1.9365079582683625e-05,-0.002912599178373332,-0.0019557311209239536,0.0,1.9365079582683625e-05
2016-12-19,0.003516009166055292,0.0020512006280693222,1.924603231369503e-05,0.004096985493665883,1.924603231369503e-05,0.004274300116291707,1.924603231369503e-05,0.002162362698451159,0.0021775734248270506,0.0,1.924603231369503e-05
2016-12-20,0.005188194731887321,0.0025508029713691436,1.8968253381668574e-05,0.0038303525735530197,1.8968253381668574e-05,0.005389101777001729,1.8968253381668574e-05,0.0048938217955314944,0.0038573693270458342,0.0,1.8968253381668574e-05
2016-12-21,0.0013172723389284645,-0.0010609573742758407,2.0357143311273484e-05,-0.0007466174152613858,2.0357143311273484e-05,-0.0033508596530585164,2.0357143311273484e-05,-0.001696140811007829,-0.0027823475063613046,0.0,2.0357143311273484e-05
2016-12-22,-0.0013465723272592155,-0.0015476929878627409,1.9960318292890277e-05,-0.00282246691230581,1.9960318292890277e-05,-0.004391029692343396,1.9960318292890277e-05,-0.0006031664096728395,-0.0017278969121691246,0.0,1.9960318292890277e-05
2016-12-23,0.0023038962037026864,0.0007242001279051361,1.956349209187523e-05,0.0006658700080248714,1.956349209187523e-05,0.00248365810271145,1.956349209187523e-05,0.0006898234279636428,0.0014645791035463596,0.0,1.956349209187523e-05
2016-12-27,0.004407266717243896,0.002329390277785543,1.984126984126984e-05,0.005158176028648764,1.984126984126984e-05,0.00404118507099412,1.984126984126984e-05,0.0024114949137522546,0.002480941412007942,0.0,1.984126984126984e-05
2016-12-28,-0.00795973280529104,-0.0048834215561952745,1.9642857332078237e-05,-0.007780225981544486,1.9642857332078237e-05,-0.008763433080228903,1.9642857332078237e-05,-0.01010393380293248,-0.008264541961526595,0.0,1.9642857332078237e-05
2016-12-29,-0.0008046633679950209,-0.000636787814897457,1.9642857332078237e-05,-0.0014180612961816053,1.9642857332078237e-05,-0.0002511545634992229,1.9642857332078237e-05,-0.0023428308223453764,-0.000222668703007467,0.0,1.9642857332078237e-05
2016-12-30,-0.0061147772495361765,-0.0040276098779411925,1.746031736570691e-05,-0.010274736651352367,1.746031736570691e-05,-0.005923615084052739,1.746031736570691e-05,-0.0030194947314638454,-0.003654781099902138,0.0,1.746031736570691e-05
2017-01-03,0.0058955130877438,0.004827539204174746,1.9047618621871583e-05,0.008946860227319942,1.9047618621871583e-05,0.007188306680556107,1.9047618621871583e-05,0.00932671650066419,0.007649546921904227,0.0,1.9047618621871583e-05
2017-01-04,0.0031970374452925973,0.0035992102839038633,1.884920611267998e-05,0.00543731063230557,1.884920611267998e-05,0.009354272622876062,1.884920611267998e-05,0.003844392099558114,0.005949020406048389,0.0,1.884920611267998e-05
2017-01-05,0.001469172795515109,0.0006814864160093925,2.055555582046509e-05,0.005657952999593485,2.055555582046509e-05,-0.0022254953713312098,2.055555582046509e-05,-0.0034629126413898703,-0.0007942242625594842,0.0,2.055555582046509e-05
2017-01-06,0.004932061235530549,0.003336275209786564,2.015873080208188e-05,0.008769410271217692,2.015873080208188e-05,0.0028920837845383125,2.015873080208188e-05,0.004352152981167479,0.003577909182319594,0.0,2.015873080208188e-05
2017-01-09,0.000414104848876568,-0.00048121933734746465,1.9960318292890277e-05,0.003280728540442368,1.9960318292890277e-05,-0.0021930562259153685,1.9960318292890277e-05,-0.007313617723838872,-0.003300911595094047,0.0,1.9960318292890277e-05
2017-01-10,-0.001698426163731841,0.00108183544207485,1.924603231369503e-05,0.0022071272730370683,1.924603231369503e-05,0.003925586214297505,1.924603231369503e-05,-0.0006503926883099365,0.0,0.0,1.924603231369503e-05
2017-01-11,0.0023960443506365644,0.0019328513259243047,1.9960318292890277e-05,0.002691533752628761,1.9960318292890277e-05,0.0024270444157884854,1.9960318292890277e-05,0.0067746785087176575,0.0028260836144251567,0.0,1.9960318292890277e-05
2017-01-12,-0.002136237041313322,-0.0016347859125520783,1.9761904601066833e-05,-0.0015453747056898282,1.9761904601066833e-05,-0.003919117112240245,1.9761904601066833e-05,-0.004787452716089158,-0.002510026889066874,0.0,1.9761904601066833e-05
2017-01-13,0.002046698047759503,0.001918452664731489,1.9960318292890277e-05,0.0034218255514921747,1.9960318292890277e-05,0.004320392477979847,1.9960318292890277e-05,0.0023629710927128844,0.0022953758992665385,0.0,1.9960318292890277e-05
2017-01-17,-0.0013393465686433424,-0.0027442129577576815,2.0357143311273484e-05,-0.003004276839732145,2.0357143311273484e-05,-0.00670146194684736,2.0357143311273484e-05,-0.007302982593131113,-0.0035232302408079175,0.0,2.0357143311273484e-05
2017-01-18,0.0016350291006579332,0.0013688622667907477,2.0357143311273484e-05,0.00203591175713691,2.0357143311273484e-05,0.0025065201551048855,2.0357143311273484e-05,0.003115364906340512,0.002210049893740962,0.0,2.0357143311273484e-05
2017-01-19,-0.0002872356318423567,-0.0011085691778894703,2.0436507368844653e-05,-0.0004876498749317726,2.0436507368844653e-05,-0.004116558119363178,2.0436507368844653e-05,-0.0009797438729901575,-0.0037045395846387885,0.0,2.0436507368844653e-05
2017-01-20,0.0026049275969377084,0.0017362176405379779,1.9960318292890277e-05,0.0021955281651777625,1.9960318292890277e-05,0.003676320003409931,1.9960318292890277e-05,0.003538469920946752,0.0036740467092291063,0.0,1.9960318292890277e-05
2017-01-23,-0.002780963731244022,-0.0008036394836517894,1.9047618621871583e-05,0.0008114309928333174,1.9047618621871583e-05,-0.001985513892612663,1.9047618621871583e-05,-0.005196880345293087,-0.0026023011932135853,0.0,1.9047618621871583e-05
2017-01-24,0.007377367507483393,0.004586568062031077,1.876984087247697e-05,0.0067287040736234704,1.876984087247697e-05,0.00948417113072475,1.876984087247697e-05,0.009947736150113795,0.006411900809620841,0.0,1.876984087247697e-05
2017-01-25,0.006226907244614262,0.0056302899341842605,1.956349209187523e-05,0.010065943202672845,1.956349209187523e-05,0.009379629543416016,1.956349209187523e-05,0.010513231214745677,0.008655712607989585,0.0,1.956349209187523e-05
2017-01-26,0.001194915351339709,5.8529946796448285e-05,1.916666707349202e-05,0.0010364099175796948,1.916666707349202e-05,-0.0013393808971126073,1.916666707349202e-05,0.0007253400858772963,-0.0010457143122426515,0.0,1.916666707349202e-05
2017-01-27,-0.0002743151420508194,-0.0003021133606872147,1.9365079582683625e-05,0.0019116455042813563,1.9365079582683625e-05,-0.0010324104134571779,1.9365079582683625e-05,-0.005137285753544274,-0.0015697100033189582,0.0,1.9365079582683625e-05
2017-01-30,-0.005953489353442444,-0.004931107372426711,1.9761904601066833e-05,-0.007790134833935536,1.9761904601066833e-05,-0.009314274872145978,1.9761904601066833e-05,-0.01127729806574998,-0.006201669940550381,0.0,1.9761904601066833e-05
2017-01-31,-0.002280403948092854,-0.0007722783657942816,1.9642857332078237e-05,-0.002002866044442553,1.9642857332078237e-05,0.0016362683454757736,1.9642857332078237e-05,-0.005167820552799185,-8.805306477355224e-05,0.0,1.9642857332078237e-05
2017-02-01,0.005760523139360445,0.00202608979794704,1.984126984126984e-05,0.006903537364521206,1.984126984126984e-05,0.0022358980875962406,1.984126984126984e-05,-0.0007130135450454933,0.00039564913977918614,0.0,1.984126984126984e-05
2017-02-02,0.0004132644644900008,-0.00041225804559599175,1.984126984126984e-05,-0.0008766976566427775,1.984126984126984e-05,-0.0009111820938317861,1.984126984126984e-05,-0.0011228741112851992,0.0006591024142610369,0.0,1.984126984126984e-05
2017-02-03,0.004744832149126279,0.0034448074664348983,1.9365079582683625e-05,0.0028724067341445725,1.9365079582683625e-05,0.008348659373778784,1.9365079582683625e-05,0.009511666330786095,0.006892621238519414,0.0,1.9365079582683625e-05
2017-02-06,0.0012575887245380847,-0.0005943014285087868,1.9365079582683625e-05,0.001193483748426205,1.9365079582683625e-05,-0.002706356227089738,1.9365079582683625e-05,-0.003589490163381698,-0.0017875142143743972,0.0,1.9365079582683625e-05
2017-02-07,-0.0015998331409396624,0.0007188011598320235,1.9960318292890277e-05,0.0036561412038904617,1.9960318292890277e-05,-0.0002390672083907308,1.9960318292890277e-05,-0.0016912579089543296,4.352836757681722e-05,0.0,1.9960318292890277e-05
2017-02-08,0.0008500986864221018,0.0004778597079281525,2.083333238722786e-05,0.0016624321655873686,2.083333238722786e-05,0.00039932129953812445,2.083333238722786e-05,-0.0010270106837245163,0.0013104494259625898,0.0,2.083333238722786e-05
2017-02-09,0.0018914607721679173,0.003145982540653733,2.083333238722786e-05,0.00363658359078034,2.083333238722786e-05,0.007880992177885293,2.083333238722786e-05,0.006029821572930832,0.005932464346092292,0.0,2.083333238722786e-05
2017-02-10,0.0008992578249464756,0.002445572760093899,2.0952380838848296e-05,0.0033080240693612595,2.0952380838848296e-05,0.004950448242170724,2.0952380838848296e-05,0.005732145825678492,0.003946338667833338,0.0,2.0952380838848296e-05
2017-02-13,0.0025695293619783866,0.003366502891037885,2.0753968329656692e-05,0.005652292079525223,2.0753968329656692e-05,0.004568205279957678,2.0753968329656692e-05,0.008532621428259612,0.005442558621731042,0.0,2.0753968329656692e-05
2017-02-14,0.002135342119805504,0.0020597532228606172,2.0753968329656692e-05,0.0033569361418961385,2.0753968329656692e-05,0.003559388922041329,2.0753968329656692e-05,0.0038021669347435283,0.003995321545318564,0.0,2.0753968329656692e-05
2017-02-15,0.002919651163678611,0.0031103339975409715,2.123015977087475e-05,0.005913122252300118,2.123015977087475e-05,0.005705032222708202,2.123015977087475e-05,0.0037786964243107513,0.005220388756041361,0.0,2.123015977087475e-05
2017-02-16,-0.0011908502397000623,-0.00032812339857149725,2.0634919878036257e-05,-0.00030969899951927005,2.0634919878036257e-05,-0.001318422329486757,2.0634919878036257e-05,4.224259149260279e-05,-0.0008515454317105098,0.0,2.0634919878036257e-05
2017-02-17,0.0008128805450324997,0.0015382597523290863,2.015873080208188e-05,0.004332846608677388,2.015873080208188e-05,0.0017544997184682682,2.015873080208188e-05,0.0006706722601929338,0.0015767243847937262,0.0,2.015873080208188e-05
2017-02-21,0.004261095456112863,0.0030802176534080556,2.015873080208188e-05,0.004930381137117301,2.015873080208188e-05,0.006240217898279294,2.015873080208188e-05,0.0045840211313644685,0.005955146449862836,0.0,2.015873080208188e-05
2017-02-22,-0.0013018553627878503,-0.0001629066133069035,2.0039682350461445e-05,0.0003833849546863721,2.0039682350461445e-05,-0.001642180984592678,2.0039682350461445e-05,0.00047669204182521074,-0.0008881040698135445,0.0,2.0039682350461445e-05
2017-02-23,-0.004334606120181811,-0.0016379889184083808,2.023809485965305e-05,-0.0037550340535430493,2.023809485965305e-05,-0.00300830858327313,2.023809485965305e-05,-0.0030533984024237737,0.000677044558417883,0.0,2.023809485965305e-05
2017-02-24,0.0007916556696968425,0.0007292041235197524,1.9761904601066833e-05,0.00192278650395461,1.9761904601066833e-05,0.0008236873903050649,1.9761904601066833e-05,0.000233713015721837,0.0012688062455707971,0.0,1.9761904601066833e-05
2017-02-27,0.0022252821913798498,0.0012051282538475118,1.9761904601066833e-05,0.0012285717035316335,1.9761904601066833e-05,0.004176179829876355,1.9761904601066833e-05,0.0014790168596405806,0.0015631206469832737,0.0,1.9761904601066833e-05
2017-02-28,-0.002681013503523433,-0.0024904857590335554,1.9444444822886633e-05,-0.0030672235182888086,1.9444444822886633e-05,-0.007065078206736334,1.9444444822886633e-05,-0.004678015280922654,-0.002699147532347679,0.0,1.9444444822886633e-05
2017-03-01,0.008616049009118167,0.007715646780493565,2.0753968329656692e-05,0.010921539996740615,2.0753968329656692e-05,0.01440052212113718,2.0753968329656692e-05,0.017686232441749716,0.013997535723409671,0.0,2.0753968329656692e-05
2017-03-02,-0.0044441188255951196,-0.003996588148089821,2.4404762283204094e-05,-0.0050213388787849755,2.4404762283204094e-05,-0.007596612727815088,2.4404762283204094e-05,-0.01137373802379299,-0.0062975901944540835,0.0,2.4404762283204094e-05
2017-03-03,0.0013438103188399793,0.0007866063404920525,2.5595237338353714e-05,0.001835280837305442,2.5595237338353714e-05,0.0005814145393093403,2.5595237338353714e-05,0.0018504349619186677,0.0006294933592327911,0.0,2.5595237338353714e-05
2017-03-06,-0.001681481092751758,-0.0018198547871465921,2.710317571957906e-05,-0.002213511540852031,2.710317571957906e-05,-0.0040143610665389256,2.710317571957906e-05,-0.004497920307098613,-0.002977856578023297,0.0,2.710317571957906e-05
2017-03-07,-0.00038243929989144934,-0.0014769162344156672,2.7976189813916644e-05,-0.0016828700059975388,2.7976189813916644e-05,-0.0037353060687193755,2.7976189813916644e-05,-0.0028098317794542638,-0.002986825418032968,0.0,2.7976189813916644e-05
2017-03-08,0.00034864270873193314,-7.136451628453786e-05,2.916666723432995e-05,0.0017625481685097366,2.916666723432995e-05,-0.002224112716385599,2.916666723432995e-05,-0.0004862792698601681,-0.0018564785442569676,0.0,2.916666723432995e-05
2017-03-09,0.0004676437343104397,9.365301026785931e-05,2.809523826553708e-05,0.0007646331902482206,2.809523826553708e-05,-0.0006470560656536653,2.809523826553708e-05,-0.0010466748315953733,0.0012678620436945565,0.0,2.809523826553708e-05
2017-03-10,0.002957681454971571,0.0023106887716011033,2.8293650774728687e-05,0.00420335809508976,2.8293650774728687e-05,0.0040466656178121205,2.8293650774728687e-05,0.003808222934166966,0.0035044223365114924,0.0,2.8293650774728687e-05
2017-03-13,0.001558816115446584,0.0008333919927604582,2.8769842215946745e-05,0.0016747268160737239,2.8769842215946745e-05,0.0015111659894350518,2.8769842215946745e-05,0.0014082454866504723,0.0005048085725538609,0.0,2.8769842215946745e-05
2017-03-14,-0.0018430462812974724,-0.0020146043088466892,2.88888883023035e-05,-0.002431691102741884,2.88888883023035e-05,-0.003675943209274446,2.88888883023035e-05,-0.005776882513731985,-0.003826542521268017,0.0,2.88888883023035e-05
2017-03-15,0.004185161971235208,0.004530103199947968,2.9880953213525197e-05,0.00616968742234425,2.9880953213525197e-05,0.010102163630347771,2.9880953213525197e-05,0.008136403100007378,0.008653402400194743,0.0,2.9880953213525197e-05
2017-03-16,-0.0003850154587080029,-0.0006060462881729284,2.8373014832299852e-05,-0.0006815843320270298,2.8373014832299852e-05,-0.0004472611728266,2.8373014832299852e-05,-0.0023026597850755726,-0.001966883740734948,0.0,2.8373014832299852e-05
2017-03-17,-0.00011277944155034598,-6.254977843091618e-05,2.809523826553708e-05,-0.0003488249126473164,2.809523826553708e-05,0.0006278144105642535,2.809523826553708e-05,0.0005306071818333147,-0.0017560984329780815,0.0,2.809523826553708e-05
2017-03-20,0.0009825803912894807,-0.00015956076022617528,2.809523826553708e-05,0.0009110733220953904,2.809523826553708e-05,-0.0015064758595639456,2.809523826553708e-05,-0.000881981192907777,-0.0010972072661460386,0.0,2.809523826553708e-05
2017-03-21,-0.0097004306770156,-0.009424176959093325,2.8174602323108248e-05,-0.015173096120166485,2.8174602323108248e-05,-0.018743246173785644,2.8174602323108248e-05,-0.018656093790948014,-0.012839511595254205,0.0,2.8174602323108248e-05
2017-03-22,0.003513645664161863,0.0026140824466550265,2.9880953213525197e-05,0.0067790085150929436,2.9880953213525197e-05,0.0031187228107976877,2.9880953213525197e-05,0.0026530913901324504,0.002353352632726624,0.0,2.9880953213525197e-05
2017-03-23,-0.0015776903265432628,-0.0005320827676708118,2.9682540704333593e-05,-0.002525399596470579,2.9682540704333593e-05,0.0007426357558255232,2.9682540704333593e-05,0.0005826554108877002,-0.0010672079832623194,0.0,2.9682540704333593e-05
2017-03-24,0.0005369331439193531,0.00027721074543716914,2.9682540704333593e-05,0.0020715466241623126,2.9682540704333593e-05,0.0006890818386374361,2.9682540704333593e-05,-0.0029921149986146534,-0.0007263134968862328,0.0,2.9682540704333593e-05
2017-03-27,0.00047007205281518515,0.0003251524980830716,2.9682540704333593e-05,0.0016076579564516802,2.9682540704333593e-05,0.0008134234868490964,2.9682540704333593e-05,-0.0013145398616321857,-0.0010262447149720355,0.0,2.9682540704333593e-05
2017-03-28,0.004484037583462966,0.004218423610466298,3.00793657227168e-05,0.00611454267427658,3.00793657227168e-05,0.007061319465440752,3.00793657227168e-05,0.010750607013947644,0.007276713691018566,0.0,3.00793657227168e-05
2017-03-29,0.0007547942742195503,0.0015786722791143863,3.0674603250291616e-05,0.004633427780709187,3.0674603250291616e-05,0.0029363174663255736,3.0674603250291616e-05,-0.0010022281558369761,0.0009349504468747494,0.0,3.0674603250291616e-05
2017-03-30,0.0019914827236883433,0.0018031940379293738,2.9960317271096366e-05,0.001663638110279031,2.9960317271096366e-05,0.004136237783878134,2.9960317271096366e-05,0.005182913439254366,0.0031842719431913746,0.0,2.9960317271096366e-05
2017-03-31,-0.0015759773083926214,-0.000768780359840669,3.00793657227168e-05,-0.0006795575750280225,3.00793657227168e-05,-0.00046828702201454997,3.00793657227168e-05,-0.0036384577965942744,-0.0023277056930924855,0.0,3.00793657227168e-05
2017-04-03,-0.00042240258922153886,-0.0011417010756467965,2.9285713320686706e-05,-0.0006038074107173053,2.9285713320686706e-05,-0.004296643875755272,2.9285713320686706e-05,-0.00225315087794542,-0.0017394054751848076,0.0,2.9285713320686706e-05
2017-04-04,-0.0012645999740346077,0.0006500769445793568,2.9365079743521554e-05,0.0015869344565859755,2.9365079743521554e-05,0.0003494588756357553,2.9365079743521554e-05,0.0014354933773825518,0.0006377534724346656,0.0,2.9365079743521554e-05
2017-04-05,-0.0026529563389169272,-0.002543952371949023,3.0952379817054386e-05,-0.004075011250510574,3.0952379817054386e-05,-0.006127272230187719,3.0952379817054386e-05,-0.003932057007444284,-0.0029728339665244796,0.0,3.0952379817054386e-05
2017-04-06,0.0008147601168828285,0.0013532359287932011,3.0952379817054386e-05,0.0005299727276404376,3.0952379817054386e-05,0.004215385848901576,3.0952379817054386e-05,0.0036753896556422916,0.002811151740574447,0.0,3.0952379817054386e-05
2017-04-07,-0.0003535024420230118,-0.00041508472775901166,3.1269840777866425e-05,-0.0005296920053234899,3.1269840777866425e-05,-0.0006638162398948654,3.1269840777866425e-05,-0.0011681142664224653,-0.001019207494059593,0.0,3.1269840777866425e-05
2017-04-10,-0.001115895397808577,0.0002641827621169309,3.166666579624963e-05,0.00037855194831459826,3.166666579624963e-05,0.001062474467823371,3.166666579624963e-05,-0.00044744483157871384,0.0005950189551848784,0.0,3.166666579624963e-05
2017-04-11,-0.0018224050554752538,-0.0012373020231422323,3.1269840777866425e-05,-0.004317550983188867,3.1269840777866425e-05,0.0008148295006048893,3.1269840777866425e-05,-0.002010734515632717,-0.0011897059883371197,0.0,3.1269840777866425e-05
2017-04-12,-0.004070461444638954,-0.0033686446141888917,3.174603221908449e-05,-0.0040321098023192725,3.174603221908449e-05,-0.0073335458439574746,3.174603221908449e-05,-0.009422548042223616,-0.00438197257685724,0.0,3.174603221908449e-05
2017-04-13,-0.0030210098975319835,-0.0033246090508693717,3.146825328705803e-05,-0.003971619517981528,3.146825328705803e-05,-0.006747124529279242,3.146825328705803e-05,-0.00842752377274375,-0.006494803960346962,0.0,3.146825328705803e-05
2017-04-17,0.006424050048735034,0.00533556713918039,3.134920720070128e-05,0.008281960806812982,3.134920720070128e-05,0.009627663650411122,3.134920720070128e-05,0.011462513690175535,0.008859833714102594,0.0,3.134920720070128e-05
2017-04-18,-0.0010793744933473915,-0.001127096993215761,3.134920720070128e-05,-0.001520963758951499,3.134920720070128e-05,-0.001427891175387441,3.134920720070128e-05,-0.0031905027362571226,-0.002984141278457142,0.0,3.134920720070128e-05
2017-04-19,0.00019780181947509626,0.0003855206727491632,3.194444472827609e-05,0.0015998839688111666,3.194444472827609e-05,0.001078016658399313,3.194444472827609e-05,-0.0004861587223888575,-0.0018389185401510577,0.0,3.194444472827609e-05
2017-04-20,0.006125928427051736,0.005389952166245042,3.115079469150967e-05,0.008365402222075602,3.115079469150967e-05,0.009748367276578573,3.115079469150967e-05,0.01215771481145872,0.008139347064249902,0.0,3.115079469150967e-05
2017-04-21,-0.00063307318490244,-0.000910622974172922,3.055555479867118e-05,-0.0002262529515349998,3.055555479867118e-05,-0.0018891209627539167,3.055555479867118e-05,-0.0034160442003285663,-0.003186903028703947,0.0,3.055555479867118e-05
2017-04-24,0.00788319001886263,0.007003190010081661,3.0277778231908405e-05,0.01207004508802334,3.0277778231908405e-05,0.0118436599087961,3.0277778231908405e-05,0.013744402287705293,0.01099798993414014,0.0,3.0277778231908405e-05
2017-04-25,0.004336312904235254,0.004061715110618819,3.055555479867118e-05,0.007230326221439709,3.055555479867118e-05,0.007588886965135932,3.055555479867118e-05,0.0066945893669602685,0.0058188135797720975,0.0,3.055555479867118e-05
2017-04-26,-0.0006747779353231053,-0.00018795323288458665,3.206349317989652e-05,-0.001406180944324542,3.206349317989652e-05,0.0010326213037723888,3.206349317989652e-05,0.0004544734369336394,-0.0006289222846151965,0.0,3.206349317989652e-05
2017-04-27,0.0025437370090443884,0.0018566824093574393,3.186507830544124e-05,0.006002804282466245,3.186507830544124e-05,0.002185968021768514,3.186507830544124e-05,-0.00045186985492973175,0.0008388929402574075,0.0,3.186507830544124e-05
2017-04-28,-0.0009513732339559089,-0.0010703681580435734,3.115079469150967e-05,0.0017681287198665352,3.115079469150967e-05,-0.004606780162947687,3.115079469150967e-05,-0.006680480826386365,-0.002179456522722112,0.0,3.115079469150967e-05
2017-05-01,0.004067445295983367,0.003537776693052822,3.0952379817054386e-05,0.008897496631175228,3.0952379817054386e-05,0.005723514060875123,3.0952379817054386e-05,0.002558057014291765,0.0025201360167736997,0.0,3.0952379817054386e-05
2017-05-02,0.000577327172979142,0.0004780232700408238,3.115079469150967e-05,0.0016760258790520233,3.115079469150967e-05,-0.0010077026079326665,3.115079469150967e-05,0.0017175541893822144,0.0003772368567300788,0.0,3.115079469150967e-05
2017-05-03,-0.0006570266018473006,-0.0015231397576532368,3.3452380744237744e-05,-0.0032010380262463833,3.3452380744237744e-05,-0.0044667803157723,3.3452380744237744e-05,0.00027349673926646556,-0.0012144653519242654,0.0,3.3452380744237744e-05
2017-05-04,-0.0003574999859722818,0.0006253812934990485,3.365079325342935e-05,0.00036479846604375865,3.365079325342935e-05,0.0028278302053755806,3.365079325342935e-05,0.00011039799306897247,0.001173744520900133,0.0,3.365079325342935e-05
2017-05-05,0.0025660004015532444,0.0026112977513427656,3.3928572185455806e-05,0.003648314092173255,3.3928572185455806e-05,0.007064066500804747,3.3928572185455806e-05,0.0033329405954030944,0.003937178769042093,0.0,3.3928572185455806e-05
2017-05-08,0.0018008450676446396,0.00024272526961151156,3.444444329019577e-05,0.0021812203612538994,3.444444329019577e-05,-0.002512741015038621,3.444444329019577e-05,0.0007565425057599611,-0.0001668981745530651,0.0,3.444444329019577e-05
2017-05-09,0.0013992707694283418,0.0013962572486149998,3.4523809713030615e-05,0.0034824039359910852,3.4523809713030615e-05,0.004572555680304901,3.4523809713030615e-05,-0.0010260140584197608,-0.0009179455965768746,0.0,3.4523809713030615e-05
2017-05-10,0.0004741866191438002,0.0007453550419922858,3.531745974979704e-05,0.0005785822386059625,3.531745974979704e-05,0.002918007868054702,3.531745974979704e-05,0.00016836207653647727,0.0017959189341367754,0.0,3.531745974979704e-05
2017-05-11,0.0005886559108527616,-0.0005037221077813199,3.472222222222222e-05,-0.0007947090455144856,3.472222222222222e-05,-0.00035253172873495053,3.472222222222222e-05,-0.0011024567803989138,-0.0020427217503304895,0.0,3.472222222222222e-05
2017-05-12,0.002650323853047518,0.001118597940289596,3.412698469464741e-05,0.0022415226564722612,3.412698469464741e-05,0.0039772085477488926,3.412698469464741e-05,0.0007588567130832058,-0.0016712126309984532,0.0,3.412698469464741e-05
2017-05-15,0.0032422955711506204,0.00247321987074159,3.3928572185455806e-05,0.0031742492894568652,3.3928572185455806e-05,0.006140683289180382,3.3928572185455806e-05,0.0033324403275505343,0.005523789817133196,0.0,3.3928572185455806e-05
2017-05-16,0.002120660216301481,0.0013868614407950685,3.424603078100416e-05,0.004171773348955021,3.424603078100416e-05,0.00384580540270855,3.424603078100416e-05,-0.001753980422738055,-0.0009157949943998656,0.0,3.424603078100416e-05
2017-05-17,-0.014766627401172782,-0.011426551444494495,3.531745974979704e-05,-0.0254262483281813,3.531745974979704e-05,-0.01794198242566373,3.531745974979704e-05,-0.01059374312879191,-0.017743944801854705,0.0,3.531745974979704e-05
2017-05-18,0.005865646656517794,0.002504091754486005,3.472222222222222e-05,0.00874576775082092,3.472222222222222e-05,-0.0020551311020272633,3.472222222222222e-05,0.0031251513011893444,0.004028261729916105,0.0,3.472222222222222e-05
2017-05-19,0.0023625027444455736,0.003864084298446639,3.543650820141747e-05,0.004225161066733429,3.543650820141747e-05,0.012399960135878999,3.543650820141747e-05,0.0044845132276091215,0.006504424312734125,0.0,3.543650820141747e-05
2017-05-22,0.005080059044952774,0.003647935433766862,3.523809569222586e-05,0.00841582915594552,3.523809569222586e-05,0.0035326709449613096,3.523809569222586e-05,0.006218080857702146,0.005077560482214638,0.0,3.523809569222586e-05
2017-05-23,-6.0602502842941236e-05,0.0007570707844421144,3.4841270673842654e-05,0.0010072732185943956,3.4841270673842654e-05,0.0007096640752440504,3.4841270673842654e-05,0.0022154132026964146,0.0022125084702435682,0.0,3.4841270673842654e-05
2017-05-24,0.0029438567491879143,0.002198055214919885,3.6230158238183885e-05,0.004599743822969238,3.6230158238183885e-05,0.003028361754086717,3.6230158238183885e-05,0.004071136622469995,0.002333020431868782,0.0,3.6230158238183885e-05
2017-05-25,0.004249455197460005,0.003822615267944458,3.5912697277371846e-05,0.008513463378439168,3.5912697277371846e-05,0.004448486802914134,3.5912697277371846e-05,0.006568440641233297,0.0047794761621209325,0.0,3.5912697277371846e-05
2017-05-26,0.0013247439498119777,0.0005989265190703906,3.603174572899228e-05,0.0017728412203619204,3.603174572899228e-05,0.0008370902430107074,3.603174572899228e-05,0.0003395299642837135,-0.0002068084834931927,0.0,3.603174572899228e-05
2017-05-30,0.0012466416481729406,3.1456021346491786e-05,3.611111215182713e-05,0.0008499364100771345,3.611111215182713e-05,-0.0018268664838217614,3.611111215182713e-05,0.0014642722015395242,-0.0008688192027043184,0.0,3.611111215182713e-05
2017-05-31,-0.0005614902649120815,-0.00023173544051212217,3.611111215182713e-05,-0.00035380111480687315,3.611111215182713e-05,-0.0022829245263403055,3.611111215182713e-05,0.0020606448835018003,-0.0002486277687850924,0.0,3.611111215182713e-05
2017-06-01,0.0014145532820726099,0.003244138364443292,3.769841222535996e-05,0.0038927297344690803,3.769841222535996e-05,0.006299024541500145,3.769841222535996e-05,0.0071741276062832204,0.007952500066659152,0.0,3.769841222535996e-05
2017-06-02,0.007631216515097032,0.004983939730266669,3.7619048167788795e-05,0.011421350176202605,3.7619048167788795e-05,0.009151560311326135,3.7619048167788795e-05,0.004940129485340783,0.0033283866710465126,0.0,3.7619048167788795e-05
2017-06-05,0.00041153005793878535,-0.0005420730585263972,3.7817460676980396e-05,-0.00020905306210639019,3.7817460676980396e-05,-0.0023035953744766262,3.7817460676980396e-05,-0.0010128052430860013,-0.0007370751631963213,0.0,3.7817460676980396e-05
2017-06-06,-0.0015972456516138405,-0.001764002444152769,3.7619048167788795e-05,-0.003974197956424508,3.7619048167788795e-05,-0.002112244724665239,3.7619048167788795e-05,-0.002260782575729925,-0.0031968557257119334,0.0,3.7619048167788795e-05
2017-06-07,0.0023132487510474538,0.0015037223386126137,3.8015873186172e-05,0.003919888661469972,3.8015873186172e-05,0.0010071864929874774,3.8015873186172e-05,0.002215535912065303,0.0018501793240661701,0.0,3.8015873186172e-05
2017-06-08,0.002533848928859322,0.00016296945035369092,3.861111071374681e-05,0.0010460100561509034,3.861111071374681e-05,0.0017482167267948157,3.861111071374681e-05,-0.004102450782729916,0.0004924119278368888,0.0,3.861111071374681e-05
2017-06-09,-0.015005050931399266,-0.008675572006105121,3.861111071374681e-05,-0.025005247783059237,3.861111071374681e-05,-0.012130988099814388,3.861111071374681e-05,-0.005033099672239555,-0.0015180065216822136,0.0,3.861111071374681e-05
2017-06-12,-0.0033679632014946862,-0.0022935084420299496,3.888888964577327e-05,-0.005357997570128115,3.888888964577327e-05,-0.004805070647403023,3.888888964577327e-05,-0.0023050364052176475,-0.00020511601334105567,0.0,3.888888964577327e-05
2017-06-13,0.004419132407343302,0.003773348957395824,3.861111071374681e-05,0.008116171818032925,3.861111071374681e-05,0.006889506774283571,3.861111071374681e-05,0.0033160310595148346,0.004889710264154745,0.0,3.861111071374681e-05
2017-06-14,-0.00210800029419031,-0.0013655593384218829,3.900793573213002e-05,-0.00434574665471843,3.900793573213002e-05,-0.001779178134890369,3.900793573213002e-05,0.0007014312495478574,-0.0012675554476859752,0.0,3.900793573213002e-05
2017-06-15,-0.002244010740012676,-0.0025993062544240587,3.900793573213002e-05,-0.004436675134914414,3.900793573213002e-05,-0.008383625669063883,3.900793573213002e-05,-0.0010096686246563176,-0.001924057826442449,0.0,3.900793573213002e-05
2017-06-16,-0.0012402759338836303,-0.0009126866415268927,3.940476075051323e-05,-0.004338975355839048,3.940476075051323e-05,0.0019562648891492396,3.940476075051323e-05,-0.0015055126917583594,0.00021816247989869808,0.0,3.940476075051323e-05
2017-06-19,0.009236567959127534,0.007005580922299456,3.908730215496487e-05,0.016721407029635982,3.908730215496487e-05,0.010244920053550894,3.908730215496487e-05,0.006514184817005747,0.008324924026091862,0.0,3.908730215496487e-05
2017-06-20,-0.003578983939419759,-0.00416917992572038,3.908730215496487e-05,-0.007831295004194216,3.908730215496487e-05,-0.00897751415974753,3.908730215496487e-05,-0.003716642398219422,-0.006743575787841571,0.0,3.908730215496487e-05
2017-06-21,0.004938789914215607,0.0031535057545495192,3.940476075051323e-05,0.009902106669677169,3.940476075051323e-05,0.0036228239574912498,3.940476075051323e-05,0.0014028256812850248,-0.0002471149582117249,0.0,3.940476075051323e-05
2017-06-22,-0.0004464439438453555,0.0002422612589945904,3.841269820455521e-05,-0.0002841199511147696,3.841269820455521e-05,0.0015583784126900202,3.841269820455521e-05,0.0010101895254235882,-0.0004529145945207924,0.0,3.841269820455521e-05
2017-06-23,0.0013913390005767389,0.0017696482234245822,3.702381064021398e-05,0.0038377458140277376,3.702381064021398e-05,0.003876581793587815,3.702381064021398e-05,0.0012711145269531654,0.0011944041296811925,0.0,3.702381064021398e-05
2017-06-26,-0.002844441590577786,-0.0007556659911373284,3.702381064021398e-05,-0.004672760504333295,3.702381064021398e-05,0.002218210982187478,3.702381064021398e-05,0.00018413625564114855,0.0006579483146091913,0.0,3.702381064021398e-05
2017-06-27,-0.010472554682118624,-0.00779170085577978,3.702381064021398e-05,-0.018139369616913203,3.702381064021398e-05,-0.009995782015587706,3.702381064021398e-05,-0.011653079019013385,-0.008056213143600721,0.0,3.702381064021398e-05
2017-06-28,0.008185209930388813,0.0062892648092610194,3.9285714664156475e-05,0.014417535712529128,3.9285714664156475e-05,0.010293939362103469,3.9285714664156475e-05,0.004567356636628717,0.00895048607845994,0.0,3.9285714664156475e-05
2017-06-29,-0.009972706785597281,-0.008099702165141118,3.908730215496487e-05,-0.01735494012694927,3.908730215496487e-05,-0.013310731235182855,3.908730215496487e-05,-0.011179095579986614,-0.008788683511041007,0.0,3.908730215496487e-05
2017-06-30,-0.000673897226208634,0.0005590261279675287,3.980158813416012e-05,0.0003637518512895621,3.980158813416012e-05,0.0018630205760282366,3.980158813416012e-05,0.0003587807468446169,0.00186428650550452,0.0,3.980158813416012e-05
2017-07-03,-0.005850842354046383,-0.0029326653232084206,3.940476075051323e-05,-0.010534962217229604,3.940476075051323e-05,-0.001987698694952152,3.940476075051323e-05,-0.0014076208980655642,0.0016958077053925713,0.0,3.940476075051323e-05
2017-07-05,0.00567652350376886,0.0033904798154746874,3.968253968253968e-05,0.009839101004253559,3.968253968253968e-05,0.0026391234412908764,3.968253968253968e-05,0.0034856906507208796,0.0023116021033167122,0.0,3.968253968253968e-05
2017-07-06,-0.003947673546652307,-0.004980021313072743,4.04761897193061e-05,-0.00901600428823035,4.04761897193061e-05,-0.00850106841806079,4.04761897193061e-05,-0.007782014525036435,-0.009144177166148904,0.0,4.04761897193061e-05
2017-07-07,0.0067353591220129135,0.004470643922623757,4.000000064335172e-05,0.010785657656209757,4.000000064335172e-05,0.004296261080714606,4.000000064335172e-05,0.006304106958652578,0.006485062005197051,0.0,4.000000064335172e-05
2017-07-10,0.005201283033763961,0.002838743839380447,4.000000064335172e-05,0.006532866743678811,4.000000064335172e-05,0.006160885486091283,4.000000064335172e-05,0.0018786154653627762,0.0010737704506891266,0.0,4.000000064335172e-05
2017-07-11,0.0013017776226379087,0.0010601303743240492,4.019841315254333e-05,0.00281289334117929,4.019841315254333e-05,0.004436421003375675,4.019841315254333e-05,-0.002659219049550465,-0.0007426492106220595,0.0,4.019841315254333e-05
2017-07-12,0.007749063642539848,0.0062172255274011365,4.0992063189309745e-05,0.011866353070582925,4.0992063189309745e-05,0.013066040380729671,4.0992063189309745e-05,0.007138000438312697,0.007514783177042128,0.0,4.0992063189309745e-05
2017-07-13,0.0007581490297473671,0.001166547156844643,4.059523817092654e-05,0.00220336149085143,4.059523817092654e-05,0.003339522927559753,4.059523817092654e-05,-0.00024432551532699255,0.0016802325883329416,0.0,4.059523817092654e-05
2017-07-14,0.004868748959372338,0.0043303581855562365,4.019841315254333e-05,0.00787118393388675,4.019841315254333e-05,0.009149594047028678,4.019841315254333e-05,0.006272426942664777,0.004664212219855912,0.0,4.019841315254333e-05
2017-07-17,0.00012527569493440274,-0.00022729919268264597,4.000000064335172e-05,0.0004930661784874335,4.000000064335172e-05,-0.0020245234932193545,4.000000064335172e-05,-0.0005071125509367724,-0.0001223461124935099,0.0,4.000000064335172e-05
2017-07-18,0.0037803475488032683,0.002350323660810664,4.04761897193061e-05,0.006681315004944732,4.04761897193061e-05,0.003531878831912231,4.04761897193061e-05,0.0009733935650154961,0.000529586221697631,0.0,4.04761897193061e-05
2017-07-19,0.0030818774689716465,0.0032747446533618004,4.1269839756072514e-05,0.005868289256267589,4.1269839756072514e-05,0.006183413237889438,4.1269839756072514e-05,0.004606927199274968,0.0054140658101768935,0.0,4.1269839756072514e-05
2017-07-20,0.0010688732588068433,0.0008458372063967505,4.305555706932431e-05,0.0013194251110060229,4.305555706932431e-05,0.0014112141959149447,4.305555706932431e-05,0.0025690345805949866,0.000445363802012988,0.0,4.305555706932431e-05
2017-07-21,-0.00015766670209882376,-0.00033199075404122036,4.4166668066902766e-05,-0.0004161529374969719,4.4166668066902766e-05,-0.0016650642381462373,4.4166668066902766e-05,0.000742224381559714,-0.0008902598563034214,0.0,4.4166668066902766e-05
2017-07-24,0.0017855657794752686,0.0011466593161856627,4.515873061286078e-05,0.0045797005509491395,4.515873061286078e-05,0.0016181169007994933,4.515873061286078e-05,-0.002374489255740714,-0.00024281358062205882,0.0,4.515873061286078e-05
2017-07-25,-0.0011381045371177268,-0.001029071190507601,4.5634919688815166e-05,-0.0025553982998929303,4.5634919688815166e-05,-0.001237625319963557,4.5634919688815166e-05,-0.004016972825976739,0.0024305082154529867,0.0,4.5634919688815166e-05
2017-07-26,0.0026702260875873314,0.0019975905191589585,4.535714312205238e-05,0.0032544657879403083,4.535714312205238e-05,0.005890305601135681,4.535714312205238e-05,0.0028265150104013204,4.047545931640251e-05,0.0,4.535714312205238e-05
2017-07-27,-0.003677774605297118,-0.0026724824430284415,4.345238208770752e-05,-0.006281361231506466,4.345238208770752e-05,-0.004659214970100763,4.345238208770752e-05,-0.003476552650404946,-0.0009296886503296076,0.0,4.345238208770752e-05
2017-07-28,-0.000656761048662051,-0.00047258226395935495,4.277777577203418e-05,-0.0008334074264986224,4.277777577203418e-05,-8.042986111885439e-05,4.277777577203418e-05,-0.0017810574232981764,-0.0011728395061728625,0.0,4.277777577203418e-05
2017-07-31,-0.0037981504329277355,-0.0012063157419356636,4.1785713226076154e-05,-0.00424068787273435,4.1785713226076154e-05,-0.0003339400210544684,4.1785713226076154e-05,-0.0006709958223957146,-0.0005671139353707888,0.0,4.1785713226076154e-05
2017-08-01,0.0021703005177271745,0.001551778115381998,4.1785713226076154e-05,0.0023033527571965084,4.1785713226076154e-05,0.003599830014011947,4.1785713226076154e-05,0.0025521404885584242,0.0022289469110234883,0.0,4.1785713226076154e-05
2017-08-02,0.0016277278033380302,0.000985353707076396,4.198412573526776e-05,0.002717222320724133,4.198412573526776e-05,0.0013579648353494456,4.198412573526776e-05,0.0005234064940277672,0.00048490548434942937,0.0,4.198412573526776e-05
2017-08-03,-0.0016302140678113686,-0.0014324563134523979,4.166666477445572e-05,-0.0038902167178131997,4.166666477445572e-05,-0.0024633120035589076,4.166666477445572e-05,0.00041539494330380955,-0.001939819917964547,0.0,4.166666477445572e-05
2017-08-04,0.0006495622297358298,0.0008354041568201812,4.198412573526776e-05,0.0018128748009047513,4.198412573526776e-05,0.0022675479757071995,4.198412573526776e-05,-0.001082743144089987,0.0018224364504393353,0.0,4.198412573526776e-05
2017-08-07,0.004242307724844598,0.0027590149036024847,4.1785713226076154e-05,0.006334820500072391,4.1785713226076154e-05,0.004534979684608587,4.1785713226076154e-05,0.0034204994357431295,0.001859100340270814,0.0,4.1785713226076154e-05
2017-08-08,-0.001279264314080417,-0.0009803882444332733,4.0992063189309745e-05,-0.0017291619896839805,4.0992063189309745e-05,-0.002278986338119404,4.0992063189309745e-05,-0.00034994139452096396,-0.0024610410317172926,0.0,4.0992063189309745e-05
2017-08-09,-0.0006035000124152358,-0.0011775346502061485,4.0873014737689306e-05,-0.0013167448334213683,4.0873014737689306e-05,-0.003997653617203204,4.0873014737689306e-05,-0.0025893048985886624,-4.071518934944951e-05,0.0,4.0873014737689306e-05
2017-08-10,-0.012254355849656505,-0.01047215597339634,4.06746022284977e-05,-0.021440604558584875,4.06746022284977e-05,-0.019775677379894052,4.06746022284977e-05,-0.011002469038335877,-0.014115007582089167,0.0,4.06746022284977e-05
2017-08-11,0.001819643048716224,0.002648849299074234,4.039682566173493e-05,0.007587568955314206,4.039682566173493e-05,0.0027021515035566086,4.039682566173493e-05,0.0022274321766226346,0.0014768286494648564,0.0,4.039682566173493e-05
2017-08-14,0.00927806344750446,0.006385690633758716,4.019841315254333e-05,0.012877841342495255,4.019841315254333e-05,0.010135934588318591,4.019841315254333e-05,0.008892751848899039,0.009913339209635108,0.0,4.019841315254333e-05
2017-08-15,0.0005490794431245729,0.00018055022795392586,3.980158813416012e-05,0.0006948948809673006,3.980158813416012e-05,0.0003650461473762023,3.980158813416012e-05,-0.0005174250993196239,-0.00012164560807959024,0.0,3.980158813416012e-05
2017-08-16,0.0001002661170062592,0.0017323929484054578,4.000000064335172e-05,0.0017357496137873074,4.000000064335172e-05,0.0059422687919807125,4.000000064335172e-05,0.0026329280445338003,0.0017442989533207331,0.0,4.000000064335172e-05
2017-08-17,-0.010522520611868237,-0.009903923605482203,3.908730215496487e-05,-0.02044635568869979,3.908730215496487e-05,-0.014816112745686949,3.908730215496487e-05,-0.01413299180446409,-0.01559095952277556,0.0,3.908730215496487e-05
2017-08-18,-0.00012085490077412667,0.0002125534456187726,3.880952322293842e-05,-0.0007075639063076622,3.880952322293842e-05,0.003521330021001523,3.880952322293842e-05,-0.0003414300462779014,-0.001563002284989401,0.0,3.880952322293842e-05
2017-08-21,-0.00012308833656078668,7.56371844328905e-05,3.920634824132163e-05,-0.0012744480001927183,3.920634824132163e-05,0.0006958098222292394,3.920634824132163e-05,0.002184367458710451,0.0007826520279627935,0.0,3.920634824132163e-05
2017-08-22,0.007945416827402163,0.0068353319373612945,3.829364975293477e-05,0.015242706825923324,3.829364975293477e-05,0.010419371242433417,3.829364975293477e-05,0.006650233796928834,0.010457076382038188,0.0,3.829364975293477e-05
2017-08-23,-0.0011037198918619998,-0.0013433815206742626,3.9484127173348075e-05,-0.0035610908564687183,3.9484127173348075e-05,0.0004426360797229467,3.9484127173348075e-05,-0.0026343613932121586,-0.0035853389403419644,0.0,3.9484127173348075e-05
2017-08-24,-0.0013153762815409772,-0.0010136543848411244,3.888888964577327e-05,-0.0029437383194337308,3.888888964577327e-05,-0.000685259539379701,3.888888964577327e-05,-0.00012756578564318555,-0.0023308424619505885,0.0,3.888888964577327e-05
2017-08-25,-0.001991962274961983,0.0003101643154697205,3.9603175624968514e-05,-0.0021086667158642936,3.9603175624968514e-05,0.0032468575211227844,3.9603175624968514e-05,0.0016220973560073515,0.0023362879811803516,0.0,3.9603175624968514e-05
2017-08-28,0.00199784096727362,0.001030379338612243,3.9484127173348075e-05,0.0030992692859526105,3.9484127173348075e-05,-0.00015389719905245514,3.9484127173348075e-05,0.00262743096515633,4.094878846649941e-05,0.0,3.9484127173348075e-05
2017-08-29,0.0016546792464965882,0.0010226174645791269,3.988095219173128e-05,0.0039322854596000045,3.988095219173128e-05,-0.0006332316361153203,3.988095219173128e-05,0.0003572092941191156,0.0011446480829626626,0.0,3.988095219173128e-05
2017-08-30,0.004240149306717871,0.003553092268493167,4.007936470092289e-05,0.01175042281894112,4.007936470092289e-05,-0.000700331430813605,4.007936470092289e-05,0.0035217928590561554,0.0047377493192868325,0.0,4.007936470092289e-05
2017-08-31,0.004771585848403727,0.004742690266955467,3.9603175624968514e-05,0.010715523821951622,3.9603175624968514e-05,0.00598719517289507,3.9603175624968514e-05,0.007016610995803918,0.0060159720516639315,0.0,3.9603175624968514e-05
2017-09-01,-0.0002569206526484125,-0.0005230882799327108,3.880952322293842e-05,-0.0013677678664538728,3.880952322293842e-05,-0.00121865992330968,3.880952322293842e-05,-0.001170237552092307,0.0014141778045198006,0.0,3.880952322293842e-05
2017-09-05,-0.004766153257764641,-0.0045945864646606835,3.908730215496487e-05,-0.008972470566641078,3.908730215496487e-05,-0.010251411823741154,3.908730215496487e-05,-0.0028780643127616357,-0.0071820532181792185,0.0,3.908730215496487e-05
2017-09-06,0.001006809040182473,0.001165883932049801,3.900793573213002e-05,0.0030411184794363333,3.900793573213002e-05,0.0004709680814189626,3.900793573213002e-05,0.0006624693987927754,0.003413794413142046,0.0,3.900793573213002e-05
2017-09-07,0.002713852774839618,0.002326412141243474,4.1190475698501346e-05,0.0023424142540964255,4.1190475698501346e-05,0.006645069468704504,4.1190475698501346e-05,0.007397713710450449,-0.00012146824311154436,0.0,4.1190475698501346e-05
2017-09-08,-0.003655652398688671,-0.0030805761492446997,4.059523817092654e-05,-0.00866133602542185,4.059523817092654e-05,-0.005821955917528135,4.059523817092654e-05,0.0003296504870505257,-0.0011747634182749378,0.0,4.059523817092654e-05
2017-09-11,0.00812782908549554,0.006167302722541296,4.04761897193061e-05,0.011510967411114903,4.04761897193061e-05,0.010242457212292704,4.04761897193061e-05,0.00940090402112409,0.01066596165529976,0.0,4.04761897193061e-05
2017-09-12,2.3215206489215877e-05,0.0005131219165305993,4.04761897193061e-05,0.002399285490315206,4.04761897193061e-05,0.0014623353751832915,4.04761897193061e-05,-0.005719975391583337,0.003370573535651511,0.0,4.04761897193061e-05
2017-09-13,-0.00035357327529154416,-0.00036729664524589955,4.039682566173493e-05,0.0013676911958715454,4.039682566173493e-05,-0.0031117839179735465,4.039682566173493e-05,-0.0029158335707110956,0.00048003376284389,0.0,4.039682566173493e-05
2017-09-14,-0.0018673084276245424,-0.0014495138728349549,4.039682566173493e-05,-0.0058731613589005915,4.039682566173493e-05,-0.0004834796878640709,4.039682566173493e-05,0.0010218248831285197,-0.0003201738211081606,0.0,4.039682566173493e-05
2017-09-15,0.0031919560208247943,0.0016131993618866097,4.079365068011814e-05,0.0034346750015166183,4.079365068011814e-05,0.0034248943484530186,4.079365068011814e-05,0.0012656279529740522,0.0013463430329474502,0.0,4.079365068011814e-05
2017-09-18,0.0008270470463109014,0.00031497520318351065,4.007936470092289e-05,-0.0013103974765115156,4.007936470092289e-05,0.001173864596019647,4.007936470092289e-05,0.0029394681564918757,0.0021269636497527333,0.0,4.007936470092289e-05
2017-09-19,0.0011136847010794816,0.0010146985014636354,3.968253968253968e-05,0.0017174258073051618,3.968253968253968e-05,0.002866206658110733,3.968253968253968e-05,0.0006743005761813969,0.0010011222387436014,0.0,3.968253968253968e-05
2017-09-20,-0.0011806490768058863,-0.0010307099344677587,4.039682566173493e-05,-0.003086221600091643,4.039682566173493e-05,-0.00328574692404245,4.039682566173493e-05,0.0019357001437020072,0.00036011361935006647,0.0,4.039682566173493e-05
2017-09-21,-0.0032679683751550086,-0.002369401628586922,4.04761897193061e-05,-0.006123147211577251,4.04761897193061e-05,-0.0027240824465015003,4.04761897193061e-05,-0.0024221051852630904,-0.0026792893579979937,0.0,4.04761897193061e-05
2017-09-22,-0.0008221887063116532,-0.00040500137148602266,4.000000064335172e-05,-0.0009689346654002673,4.000000064335172e-05,-0.0011951834195404278,4.000000064335172e-05,-0.00011526894607646887,0.0002004893625822124,0.0,4.000000064335172e-05
2017-09-25,-0.00814136648667632,-0.00475780886413493,3.980158813416012e-05,-0.010532513476919081,3.980158813416012e-05,-0.011067699483474117,3.980158813416012e-05,-0.0032411220417649933,-0.002044651791348606,0.0,3.980158813416012e-05
2017-09-26,0.0013708292026321487,0.0005311557160752675,3.9603175624968514e-05,0.002591219695986746,3.9603175624968514e-05,-0.0007682164070847985,3.9603175624968514e-05,-0.0005949180119954323,0.0006027202968363898,0.0,3.9603175624968514e-05
2017-09-27,0.00543059726346838,0.003138773997751825,4.1388888207692946e-05,0.009010259272065335,4.1388888207692946e-05,0.002050206697675342,4.1388888207692946e-05,0.0027316227182543895,0.0038941935278833384,0.0,4.1388888207692946e-05
2017-09-28,0.0007833791493991092,0.00012444714528886294,4.1190475698501346e-05,-0.00034614401941357453,4.1190475698501346e-05,0.0005427560957785109,4.1190475698501346e-05,0.0002620599854006871,0.0011996911017786438,0.0,4.1190475698501346e-05
2017-09-29,0.0041068042958890645,0.0038156711233583674,4.0873014737689306e-05,0.007201908000162183,4.0873014737689306e-05,0.008196718116394441,4.0873014737689306e-05,0.00508766254560955,0.0035151522867726825,0.0,4.0873014737689306e-05
2017-10-02,0.0012530022020991805,0.0012510945872267465,4.079365068011814e-05,0.0008932039914080203,4.079365068011814e-05,7.991991115981667e-05,4.079365068011814e-05,0.006771535628280367,0.004338588045355918,0.0,4.079365068011814e-05
2017-10-03,0.001596783571678537,0.002020396986274133,4.019841315254333e-05,0.002129627542279744,4.019841315254333e-05,0.0071108409773317964,4.019841315254333e-05,0.0024778364531729824,0.002140210993500702,0.0,4.019841315254333e-05
2017-10-04,0.00016915817169838287,-4.041732000621321e-05,4.107142724688091e-05,0.0009595482643136588,4.107142724688091e-05,-0.002435539588809043,4.107142724688091e-05,-0.00017308981656960487,0.0011864976005127037,0.0,4.107142724688091e-05
2017-10-05,0.0046052299641480615,0.004047537984398779,4.1388888207692946e-05,0.00979297766768883,4.1388888207692946e-05,0.003207313737419522,4.1388888207692946e-05,0.006603669387667432,0.005925042392391999,0.0,4.1388888207692946e-05
2017-10-06,0.0008478712830851697,-4.578599325082809e-05,4.1388888207692946e-05,0.0013560784084996058,4.1388888207692946e-05,-0.002129785756962543,4.1388888207692946e-05,6.613793027543391e-05,-0.001138705513685223,0.0,4.1388888207692946e-05
2017-10-09,0.0004210495358112203,-0.0007175111480848773,4.1388888207692946e-05,-0.0011512534648459027,4.1388888207692946e-05,-0.000505575744430331,4.1388888207692946e-05,-0.002434773486217428,-0.001651139470061458,0.0,4.1388888207692946e-05
2017-10-10,0.0011559273394033994,0.001617426001205497,4.1468252265264115e-05,0.0007455874202895174,4.1468252265264115e-05,0.006703368031330277,4.1468252265264115e-05,0.0021418334297846897,0.0026381788862519517,0.0,4.1468252265264115e-05
2017-10-11,0.002239744153570714,0.0014738506287235089,4.186507728364732e-05,0.0029811135171486924,4.186507728364732e-05,0.003333728094931413,4.186507728364732e-05,0.0009709445119568672,0.001570832451783355,0.0,4.186507728364732e-05
2017-10-12,-0.001052977205031053,-0.0009418069937269083,4.238095075365097e-05,-0.0018236268168697611,4.238095075365097e-05,-0.0010405086383096969,4.238095075365097e-05,-0.0023184173925240303,-0.0014900808467406268,0.0,4.238095075365097e-05
2017-10-13,0.0026512599874428896,0.002163243425771284,4.1785713226076154e-05,0.003857082590471572,4.1785713226076154e-05,0.006047142541365439,4.1785713226076154e-05,0.0018699493454628346,0.0012176814080508969,0.0,4.1785713226076154e-05
2017-10-16,0.001657108480528485,0.0012040830548881673,4.166666477445572e-05,0.003437928685294356,4.166666477445572e-05,0.0006921648581313204,4.166666477445572e-05,0.0012722509853035913,0.0013334585368376395,0.0,4.166666477445572e-05
2017-10-17,0.0004328100944210274,0.00020989842075670528,4.186507728364732e-05,0.001276619592993633,4.186507728364732e-05,-0.002153228416553558,4.186507728364732e-05,0.0014723025668329504,0.0007052183758780028,0.0,4.186507728364732e-05
2017-10-18,0.00029246166498867387,0.00015923185738675596,4.257936326284257e-05,-0.0012071962739083064,4.257936326284257e-05,0.0013494912662226724,4.257936326284257e-05,0.001713953119952566,0.0009783150783300165,0.0,4.257936326284257e-05
2017-10-19,-0.0019107390527462955,-0.0014012010958687413,4.238095075365097e-05,-0.003695038300875364,4.238095075365097e-05,-0.004698038339473168,4.238095075365097e-05,0.0019296013129961043,0.0002737371996870408,0.0,4.238095075365097e-05
2017-10-20,0.0026922379810331645,0.0020342123223564845,4.2261907032557895e-05,0.0026970490738227326,4.2261907032557895e-05,0.001696307050069697,4.2261907032557895e-05,0.007047219419133777,0.005160625795885165,0.0,4.2261907032557895e-05
2017-10-23,-0.002411358888091051,-0.002957899879321031,4.26587320509411e-05,-0.006522713772461386,4.26587320509411e-05,-0.005350307026964928,4.26587320509411e-05,-0.0024683014330086905,-0.0038894576903550915,0.0,4.26587320509411e-05
2017-10-24,0.002119842368399014,0.0009576380980130212,4.24603195417495e-05,0.0016919675748892082,4.24603195417495e-05,0.0011156435815777113,4.24603195417495e-05,0.002217206144580375,0.0017570593165994186,0.0,4.24603195417495e-05
2017-10-25,-0.0022137566398960943,-0.0024002791472134077,4.357143053932795e-05,-0.0037842741946496616,4.357143053932795e-05,-0.0043005153135484316,4.357143053932795e-05,-0.004520405706922914,-0.0049500459433562405,0.0,4.357143053932795e-05
2017-10-26,0.0007672257419515141,-0.0009931013056058966,4.297618828122578e-05,-0.0031878564283595034,4.297618828122578e-05,-0.004221800515788168,4.297618828122578e-05,0.0032622210133084473,0.0012925802177328194,0.0,4.297618828122578e-05
2017-10-27,0.011652609864012101,0.009413873060700576,4.285714456013271e-05,0.02912370796624031,4.285714456013271e-05,0.006584907289510482,4.285714456013271e-05,0.005180761219973878,0.008176070423126625,0.0,4.285714456013271e-05
2017-10-30,0.0002979246729244109,-0.0009656523242106904,4.257936326284257e-05,0.002248431955483632,4.257936326284257e-05,-0.005528556826355853,4.257936326284257e-05,-0.004329462462130618,-0.0037249178130077665,0.0,4.257936326284257e-05
2017-10-31,0.001590285825366169,0.0019005440265271335,4.26587320509411e-05,0.0037597064333845243,4.26587320509411e-05,0.005106811057556726,4.26587320509411e-05,0.0006389661154974358,0.0015578008010825872,0.0,4.26587320509411e-05
2017-11-01,0.0005258948932521684,0.0005507942140526072,4.4563493085285974e-05,-0.0003283304904587725,4.4563493085285974e-05,0.0019541752152123872,4.4563493085285974e-05,0.0022609829110117885,0.0013222550404206057,0.0,4.4563493085285974e-05
2017-11-02,-0.0008618579891875414,-0.0005927903872441277,4.515873061286078e-05,-0.0019066429468294066,4.515873061286078e-05,-0.0007427262559202002,4.515873061286078e-05,-0.00048539977414677193,0.00038856903755668526,0.0,4.515873061286078e-05
2017-11-03,0.003960886476438096,0.0027230697134341,4.515873061286078e-05,0.009617452028019446,4.515873061286078e-05,0.0002971310767457461,4.515873061286078e-05,9.077631409271135e-05,0.0033384376807856775,0.0,4.515873061286078e-05
2017-11-06,0.0014218594298032537,0.001621971698008969,4.555555563124399e-05,0.003392742452928088,4.555555563124399e-05,0.00472060183848592,4.555555563124399e-05,-0.0006519663946024379,0.0015478252384553137,0.0,4.555555563124399e-05
2017-11-07,0.000210166972167359,-0.001150177036017531,4.5952380649627205e-05,0.0005849025344655256,4.5952380649627205e-05,-0.006593450110081943,4.5952380649627205e-05,-0.002701455767015054,-0.0006956546684165898,0.0,4.5952380649627205e-05
2017-11-08,0.0008998063777062808,0.0015710800590839917,4.714285570477683e-05,0.004029097755261946,4.714285570477683e-05,0.002818307667315686,4.714285570477683e-05,-1.832702494194982e-05,0.001700943260817267,0.0,4.714285570477683e-05
2017-11-09,-0.0035329167866713475,-0.0031317500742942686,4.7420637002066956e-05,-0.005242654037362571,4.7420637002066956e-05,-0.00502311092277552,4.7420637002066956e-05,-0.008109714338882495,-0.003627469328996269,0.0,4.7420637002066956e-05
2017-11-10,0.0009547070563574117,-0.0005850524236690898,4.773809323235164e-05,-6.500809761056381e-05,4.773809323235164e-05,-0.0015589904853415084,4.773809323235164e-05,-0.0032722618582532166,-0.000309873612538869,0.0,4.773809323235164e-05
2017-11-13,0.0003275848990419658,0.0005788204755786583,4.7619049511258563e-05,0.001236496530046205,4.7619049511258563e-05,2.1121607201395314e-06,4.7619049511258563e-05,0.0018415506422054806,0.0009299768486317195,0.0,4.7619049511258563e-05
2017-11-14,-0.0013751178055162964,-0.002091605298127829,4.702380725315639e-05,-0.00363955617587719,4.702380725315639e-05,-0.004224544321879242,4.702380725315639e-05,-0.003891163209183368,-0.0023226802975411243,0.0,4.702380725315639e-05
2017-11-15,-0.004180763864430422,-0.0028151721611913076,4.9206349584791395e-05,-0.004696402110554887,4.9206349584791395e-05,-0.004977664665377671,4.9206349584791395e-05,-0.005350208127645195,-0.005005242461286308,0.0,4.9206349584791395e-05
2017-11-16,0.005959048578522582,0.0065368466131355005,4.880952456640819e-05,0.012779298504799641,4.880952456640819e-05,0.01403194950649363,4.880952456640819e-05,0.005837847362471338,0.008501089723071065,0.0,4.880952456640819e-05
2017-11-17,-0.002644631322377741,-0.0012760814215430358,4.880952456640819e-05,-0.00381772941657077,4.880952456640819e-05,0.0012402810133499424,4.880952456640819e-05,-0.0030313831157146305,-0.0029388800442060603,0.0,4.880952456640819e-05
2017-11-20,0.0011024542067252009,0.0006692732600377159,4.9206349584791395e-05,-0.0007793047081409155,4.9206349584791395e-05,0.003873892740149783,4.9206349584791395e-05,0.0013905709833802737,0.001706218187965236,0.0,4.9206349584791395e-05
2017-11-21,0.005614625717697562,0.0056461850188462195,4.9206349584791395e-05,0.010856033050381741,4.9206349584791395e-05,0.011558646862788253,4.9206349584791395e-05,0.006916582786180903,0.006543058461325302,0.0,4.9206349584791395e-05
2017-11-22,-0.0010140857336297068,0.00012896641943825545,5.071428560075306e-05,0.0012217123581128586,5.071428560075306e-05,0.0008047721877482521,5.071428560075306e-05,-0.002473108772520105,-0.0008846501842724175,0.0,5.071428560075306e-05
2017-11-24,0.00265126001463815,0.0015203053236633275,5.019841213074941e-05,0.0036611839939657553,5.019841213074941e-05,0.0006556647956037127,5.019841213074941e-05,0.0031711319258975468,0.0023097590573211146,0.0,5.019841213074941e-05
2017-11-27,-0.0006806111951962591,-0.001188146955495743,4.9206349584791395e-05,-0.0004478827530066676,4.9206349584791395e-05,-0.006055672699446735,4.9206349584791395e-05,-0.0014636924195959577,-0.000499309119767033,0.0,4.9206349584791395e-05
2017-11-28,0.002685145921467491,0.00389603276073911,4.853174799964541e-05,0.002561083068087111,4.853174799964541e-05,0.008585069389905442,4.853174799964541e-05,0.011913626619473261,0.010144881402457395,0.0,4.853174799964541e-05
2017-11-29,-0.008160083941529806,-0.005846929491000301,5.019841213074941e-05,-0.017434432974151037,5.019841213074941e-05,-0.00997818413924767,5.019841213074941e-05,0.0003774686981071751,-0.0006087330710480288,0.0,5.019841213074941e-05
2017-11-30,0.006104703736708639,0.0036340820205606793,4.992063556398664e-05,0.008384555588922593,4.992063556398664e-05,-0.00024390868292597156,4.992063556398664e-05,0.009016770000164487,0.008755042922589107,0.0,4.992063556398664e-05
2017-12-01,-0.0032105094147929373,-0.002490786662673031,4.9126985527220226e-05,-0.004254118396326834,4.9126985527220226e-05,-0.004656558919954127,4.9126985527220226e-05,-0.0058907494583797515,-0.002075527334087668,0.0,4.9126985527220226e-05
2017-12-04,-0.007830961652265267,-0.00304568562412842,4.900793707559979e-05,-0.011521776075157919,4.900793707559979e-05,-0.0035893810650438804,4.900793707559979e-05,0.004479890292431454,-0.0012100140583343189,0.0,4.900793707559979e-05
2017-12-05,-0.00109265859083117,-0.0007336519261833331,4.9404762093982996e-05,0.0006545704004599084,4.9404762093982996e-05,-0.001198470363472463,4.9404762093982996e-05,-0.004638319605602126,-0.003596647451970303,0.0,4.9404762093982996e-05
2017-12-06,0.001885892471802108,0.0006799303565798266,5.091269810994466e-05,0.004515834780370431,5.091269810994466e-05,-0.002933807316901553,5.091269810994466e-05,-0.0003977210730459757,0.0001902431925508985,0.0,5.091269810994466e-05
2017-12-07,0.0028051870313867064,0.002206410661724483,5.011904807317824e-05,0.0033876591049144533,5.011904807317824e-05,0.0031371114547453782,5.011904807317824e-05,0.006361690581404622,0.003152952246930907,0.0,5.011904807317824e-05
2017-12-08,0.0030154794767068434,0.0029846044465771065,4.999999962155781e-05,0.004414752214828566,4.999999962155781e-05,0.007179819661274752,4.999999962155781e-05,0.003787205724383347,0.005452971618178815,0.0,4.999999962155781e-05
2017-12-11,0.003516847409928821,0.0031074238676794476,4.9722223054795035e-05,0.007757147809155374,4.9722223054795035e-05,0.005258934425602731,4.9722223054795035e-05,0.0013715661640105181,0.0030130721687511297,0.0,4.9722223054795035e-05
2017-12-12,9.813114837048102e-05,-0.00022917739837334866,5.011904807317824e-05,-0.001347165658236782,5.011904807317824e-05,-0.002098825232841735,5.011904807317824e-05,0.0027377457800879523,0.0017649937663937187,0.0,5.011904807317824e-05
2017-12-13,-0.0010642329598284646,0.0010427039514161833,5.1984124713473844e-05,0.0019271630195702993,5.1984124713473844e-05,0.004602509783620867,5.1984124713473844e-05,-0.0013790941832529102,-0.00011264924301479518,0.0,5.1984124713473844e-05
2017-12-14,-0.0017223872875569747,-0.0017116202103348778,5.051587309156145e-05,-0.0007055816503998003,5.051587309156145e-05,-0.004039146083998357,5.051587309156145e-05,-0.006393281129894179,-0.004085899078673516,0.0,5.051587309156145e-05
2017-12-15,0.006858002278667043,0.0054071538866414795,5.091269810994466e-05,0.011355356981545883,5.091269810994466e-05,0.00728437549834752,5.091269810994466e-05,0.008345704736314463,0.008327216213142696,0.0,5.091269810994466e-05
2017-12-18,0.005136236757011615,0.004878992204800188,5.099206216751583e-05,0.0083840804507469,5.099206216751583e-05,0.008662649803013789,5.099206216751583e-05,0.009914110926518171,0.006341214784068461,0.0,5.099206216751583e-05
2017-12-19,-0.0031291949098380474,-0.0027878893791198713,5.2182541953192816e-05,-0.005925529536934704,5.2182541953192816e-05,-0.005016443320285613,5.2182541953192816e-05,-0.002829810080812123,-0.003840250865292383,0.0,5.2182541953192816e-05
2017-12-20,-0.00010252106662912561,-0.0002667449185581985,5.369047796915448e-05,-0.0010780621112319588,5.369047796915448e-05,-9.677729679909619e-05,5.369047796915448e-05,0.00039139327193118967,-0.0005240203835125135,0.0,5.369047796915448e-05
2017-12-21,7.991781492990913e-05,0.0009128900734924855,5.357142951753405e-05,0.00012719663832183592,5.357142951753405e-05,0.0029116829207035764,5.357142951753405e-05,0.0027247276648495466,0.0020593999297111587,0.0,5.357142951753405e-05
2017-12-22,-0.0005425088944091512,8.017140247822337e-05,5.238095446238442e-05,-0.0011425761580052818,5.238095446238442e-05,0.002351375155676294,5.238095446238442e-05,0.00015698693125146268,-0.0002615111292976202,0.0,5.238095446238442e-05
2017-12-26,-0.0018962760050978363,-0.0018858504495403838,5.1507935637519474e-05,-0.005401100805546788,5.1507935637519474e-05,-0.0024858634648949884,5.1507935637519474e-05,-0.0008972627216549674,-0.0011961271378151395,0.0,5.1507935637519474e-05
2017-12-27,0.0007678510445596469,0.00024962102983551904,5.1706348146711075e-05,0.00012750200787325916,5.1706348146711075e-05,0.0010656340744980377,5.1706348146711075e-05,4.624217231993799e-05,0.00048628848417098247,0.0,5.1706348146711075e-05
2017-12-28,0.0017084924575267656,0.0012738267151726707,5.5873015570262126e-05,0.0012137426962359754,5.5873015570262126e-05,0.003380332122381313,5.5873015570262126e-05,0.002908803350079814,0.0020573621025088418,0.0,5.5873015570262126e-05
2017-12-29,-0.002863033765707349,-0.002503690531418435,5.4365079554300456e-05,-0.006188996566277805,5.4365079554300456e-05,-0.001756298949088316,5.4365079554300456e-05,-0.004278773693828147,-0.003770504386107598,0.0,5.4365079554300456e-05
2018-01-02,0.008495504576218747,0.008199399951119287,5.376984202672565e-05,0.0175271165941302,5.376984202672565e-05,0.014524233638530946,5.376984202672565e-05,0.010846942429387996,0.00715755086946146,0.0,5.376984202672565e-05
2018-01-03,0.008190281528039696,0.005094760949566868,5.46825405151125e-05,0.009716288290738673,5.46825405151125e-05,0.008541048871075835,5.46825405151125e-05,0.008923573207395008,0.006325365330852151,0.0,5.46825405151125e-05
2018-01-04,0.003336949862289596,0.002044284344580012,5.4365079554300456e-05,0.0017500106861647602,5.4365079554300456e-05,0.003638691147145989,5.4365079554300456e-05,0.007272107243900483,0.004214648342956373,0.0,5.4365079554300456e-05
2018-01-05,0.0031117396297478785,0.00481864602223046,5.4365079554300456e-05,0.010042844087394087,5.4365079554300456e-05,0.008443154652348756,5.4365079554300456e-05,0.005239820446882787,0.0066641480931493025,0.0,5.4365079554300456e-05
2018-01-08,0.0022094068281575314,0.0016583910878329657,5.4365079554300456e-05,0.0038907908318819295,5.4365079554300456e-05,0.0019064525428168868,5.4365079554300456e-05,0.0024491433784214756,0.0018285667965687313,0.0,5.4365079554300456e-05
2018-01-09,-1.9937555156298708e-05,0.00026518590469340616,5.4761904572683664e-05,6.173348009097523e-05,5.4761904572683664e-05,0.0002324279952788203,5.4761904572683664e-05,0.0002731367309998234,0.0022636939105697973,0.0,5.4761904572683664e-05
2018-01-10,0.0007648836562531229,-0.0012481938703125376,5.6150792137024895e-05,-0.002337787926232404,5.6150792137024895e-05,-0.0033960395244860457,5.6150792137024895e-05,-0.0005782672791323773,-0.0015301765281710011,0.0,5.6150792137024895e-05
2018-01-11,0.006342576377794827,0.004295565231514227,5.535714210025848e-05,0.006844175000467523,5.535714210025848e-05,0.0067650115019421975,5.535714210025848e-05,0.010045807712376398,0.0072959721824772394,0.0,5.535714210025848e-05
2018-01-12,0.005601039913215138,0.004362200651830772,5.567460306107052e-05,0.007348856950958993,5.567460306107052e-05,0.007817507554800521,5.567460306107052e-05,0.00845311452615094,0.006519394430146708,0.0,5.567460306107052e-05
2018-01-16,-0.00322943203268274,-0.0021647888896722356,5.595237962783329e-05,-0.00285695538533981,5.595237962783329e-05,-0.003371089002572436,5.595237962783329e-05,-0.007066706775832238,-0.003418673849963194,0.0,5.595237962783329e-05
2018-01-17,0.007405924202101953,0.006027724973720607,5.535714210025848e-05,0.010791319495332408,5.535714210025848e-05,0.011167373774828349,5.535714210025848e-05,0.009219160892220024,0.009531758310115546,0.0,5.535714210025848e-05
2018-01-18,-0.00033990442141657685,-0.0004059734923048357,5.6150792137024895e-05,0.000181094511483737,5.6150792137024895e-05,-9.979736686860363e-05,5.6150792137024895e-05,-0.003284447455858347,-0.0016810903600557037,0.0,5.6150792137024895e-05
2018-01-19,0.0026814909300332253,0.002204016935375412,5.575396711864169e-05,0.003135646558178218,5.575396711864169e-05,0.0052935652769576045,5.575396711864169e-05,0.002667031535860037,0.004549964151835395,0.0,5.575396711864169e-05
2018-01-22,0.006723164100776126,0.005518806459003689,5.567460306107052e-05,0.0107010412306221,5.567460306107052e-05,0.008193901723839195,5.567460306107052e-05,0.009865328768425163,0.008131116932465599,0.0,5.567460306107052e-05
2018-01-23,0.004102284926215288,0.0031089787949144503,5.515872959106687e-05,0.008267867467307122,5.515872959106687e-05,0.00504043622603545,5.515872959106687e-05,0.0010884460889451775,0.0021223373089431785,0.0,5.515872959106687e-05
2018-01-24,-0.003037727854610717,-0.001669522507153066,5.6071428079453727e-05,-0.006489113002276725,5.6071428079453727e-05,0.0005195818768615927,5.6071428079453727e-05,-0.0011428772337156723,-0.0003882270515650488,0.0,5.6071428079453727e-05
2018-01-25,-0.0009692815738177365,-0.0004490189932682507,5.595237962783329e-05,-0.00035607534274528785,5.595237962783329e-05,-0.00017197287167051525,5.595237962783329e-05,-0.0038417057194976563,0.0004237576231915785,0.0,5.595237962783329e-05
2018-01-26,0.008537003781647158,0.007715462225189307,5.527777804268731e-05,0.015324743401706753,5.527777804268731e-05,0.013574641164427746,5.527777804268731e-05,0.009617782207365588,0.011577822686640316,0.0,5.527777804268731e-05
2018-01-29,-0.004232548828133563,-0.003799225555185726,5.507936553349571e-05,-0.004855497876356751,5.507936553349571e-05,-0.008884854852847734,5.507936553349571e-05,-0.007732641243369531,-0.006630127035077482,0.0,5.507936553349571e-05
2018-01-30,-0.006539311415557795,-0.005594994517611704,5.4563492063492063e-05,-0.008230430037076686,5.4563492063492063e-05,-0.010711859901379905,5.4563492063492063e-05,-0.0117905666889363,-0.01025712652216737,0.0,5.4563492063492063e-05
2018-01-31,0.0033118304391140823,0.0019510412082079944,5.65476171554081e-05,0.004149270454053777,5.65476171554081e-05,0.004447792252423014,5.65476171554081e-05,0.0019092425407914448,0.000496700362352609,0.0,5.65476171554081e-05
2018-02-01,-0.0033991652998372726,-0.0031134750879105266,5.6746029664599704e-05,-0.008500532277299189,5.6746029664599704e-05,-0.007718982343536184,5.6746029664599704e-05,0.0023618843957901314,-0.0011350075503374635,0.0,5.6746029664599704e-05
2018-02-02,-0.011864792187351494,-0.012541664434863637,5.765872815298656e-05,-0.019945328501094428,5.765872815298656e-05,-0.022446903382691098,5.765872815298656e-05,-0.025742977682567697,-0.021769841607724216,0.0,5.765872815298656e-05
2018-02-05,-0.024519635770523178,-0.02298788445003754,5.753968443189349e-05,-0.0394269086546849,5.753968443189349e-05,-0.038771957907138055,5.753968443189349e-05,-0.04197367616183556,-0.0418226184206989,0.0,5.753968443189349e-05
2018-02-06,0.016908750662105745,0.014071254560813514,5.785714066217816e-05,0.026498990865910566,5.785714066217816e-05,0.026246182049301254,5.785714066217816e-05,0.02013098482028336,0.019702366455961906,0.0,5.785714066217816e-05
2018-02-07,-0.005393248625667499,-0.006595665785035414,5.904762044785515e-05,-0.01293817433848743,5.904762044785515e-05,-0.016625001440268683,5.904762044785515e-05,-0.007973389620991339,-0.005424949172461058,0.006352953780298099,5.904762044785515e-05
2018-02-08,-0.03596631855412845,-0.03379286782089558,6.011904705138434e-05,-0.04219474376281784,6.011904705138434e-05,-0.0360699185370316,6.011904705138434e-05,-0.03888398690928879,-0.037508952246397054,-0.22303325361038828,6.011904705138434e-05
2018-02-09,0.017798063391781492,0.015503710162860097,6.011904705138434e-05,0.017269918235905735,6.011904705138434e-05,0.014130357114488696,6.011904705138434e-05,0.012399307703303442,0.015021658205537136,0.1336116642134606,6.011904705138434e-05
2018-02-12,0.011022645846570273,0.011255756856061772,6.051587206976755e-05,0.017744835477227605,6.051587206976755e-05,0.013300052102625267,6.051587206976755e-05,0.014935847798323909,0.014684541715499044,0.04419894208887176,6.051587206976755e-05
2018-02-13,0.0033216340147064287,0.0021218193180517282,6.0912697088150755e-05,0.005161631396009669,6.0912697088150755e-05,0.0032697831651097666,6.0912697088150755e-05,0.003550467501232557,0.002487466792187032,-0.004409187836161732,6.0912697088150755e-05
2018-02-14,0.01705283725524629,0.016014529663285957,6.230158938301934e-05,0.018723422827179315,6.230158938301934e-05,0.016733853330750982,6.230158938301934e-05,0.017681200101303363,0.013496002678854868,0.12046055458569094,6.230158938301934e-05
2018-02-15,0.009165008801716057,0.00889620093558974,6.150793461572556e-05,0.01856405438241615,6.150793461572556e-05,0.014080064295927267,6.150793461572556e-05,0.012161924609361552,0.012759935412137935,-0.001,6.150793461572556e-05
2018-02-16,-0.0022503251663593977,-0.0017300362922620285,6.190475963410877e-05,-0.0044654662432016545,6.190475963410877e-05,-0.003130438825679056,6.190475963410877e-05,-0.001862256345707608,0.000293369067732252,0.0,6.190475963410877e-05
2018-02-20,0.001336983939755999,-0.001057154587520379,6.230158938301934e-05,0.002000204206257683,6.230158938301934e-05,-0.004825921499186406,6.230158938301934e-05,-0.003839600983515601,-0.0062614044320634665,0.0,6.230158938301934e-05
2018-02-21,-0.003128510116940947,-0.00189529923542704,6.24206331041124e-05,-0.0028433225890076574,6.24206331041124e-05,-0.002255245479632258,6.24206331041124e-05,-0.0015463459300924243,-0.004974083431218079,-0.006775552432770503,6.24206331041124e-05
2018-02-22,0.0010868262088565683,0.0007932820968103828,6.380952539898101e-05,-0.00012117917319587335,6.380952539898101e-05,-0.0001337868729910744,6.380952539898101e-05,0.00020303918929659437,0.0012961121346046767,0.014107889925566663,6.380952539898101e-05
2018-02-23,0.010729447174705574,0.010343354573461012,6.369047694736057e-05,0.020448869553997717,6.369047694736057e-05,0.01739935918993914,6.369047694736057e-05,0.014550765620268469,0.015939431192479647,-0.001,6.369047694736057e-05
2018-02-26,0.00752036214779324,0.007236785160401867,6.369047694736057e-05,0.013260168314718213,6.369047694736057e-05,0.011374712014538952,6.369047694736057e-05,0.013239084963359737,0.011612378375968069,0.0,6.369047694736057e-05
2018-02-27,-0.006490854254911254,-0.00804198859081768,6.380952539898101e-05,-0.012382424484110643,6.380952539898101e-05,-0.01798803764525388,6.380952539898101e-05,-0.013324111880653439,-0.012486716409216836,0.0,6.380952539898101e-05
2018-02-28,-0.00424346891496947,-0.004886709686188118,6.488095200251019e-05,-0.006417857378752889,6.488095200251019e-05,-0.010305339673328065,6.488095200251019e-05,-0.009977514841587543,-0.01013038954323664,0.0,6.488095200251019e-05
2018-03-01,-0.009719719118081964,-0.00839409029815189,6.420635041736421e-05,-0.01632682439608757,6.420635041736421e-05,-0.010913735375111753,6.420635041736421e-05,-0.016056794510750982,-0.014540153408983736,0.0,6.420635041736421e-05
2018-03-02,0.0053067621713431675,0.005398315046911078,6.309523941978576e-05,0.009180890846847811,6.309523941978576e-05,0.009446950914681507,6.309523941978576e-05,0.0031798899416046467,0.0051547163415495145,0.01921902050817581,6.309523941978576e-05
2018-03-05,0.006317694509764053,0.006391643463439481,6.369047694736057e-05,0.011084967254195499,6.369047694736057e-05,0.010523309737504889,6.369047694736057e-05,0.012043610216818601,0.011557930167668262,-0.001,6.369047694736057e-05
2018-03-06,0.0025469358267726314,0.0025902807393783332,6.448412698412699e-05,0.004230571429944652,6.448412698412699e-05,0.005855066850794177,6.448412698412699e-05,0.00443278465633673,0.0025352272982603896,0.0,6.448412698412699e-05
2018-03-07,0.001388160017194569,0.0010335283352612187,6.519841296332222e-05,0.0023138052965197,6.519841296332222e-05,0.003588301431205587,6.519841296332222e-05,-0.0007684522262851046,-0.0003668328684548472,0.0,6.519841296332222e-05
2018-03-08,0.0023637848839082693,0.002572428853078025,6.547618953008501e-05,0.005505379030452673,6.547618953008501e-05,0.0027674417827909803,6.547618953008501e-05,0.003967591408645721,0.004839052341124805,0.0,6.547618953008501e-05
2018-03-09,0.01155164957684386,0.010837930381078161,6.488095200251019e-05,0.019427318469867005,6.488095200251019e-05,0.017604045991682044,6.488095200251019e-05,0.020142457088099808,0.01740215795531075,0.0,6.488095200251019e-05
2018-03-12,0.002123110278581767,0.0013134653618487387,6.488095200251019e-05,0.005313501825127354,6.488095200251019e-05,0.0019402116012722979,6.488095200251019e-05,-0.0023290823662169557,-0.0012549320987075285,0.0,6.488095200251019e-05
2018-03-13,-0.006885365190396299,-0.005966927955249577,6.519841296332222e-05,-0.013614508055139418,6.519841296332222e-05,-0.008241638589889355,6.519841296332222e-05,-0.008635549967774103,-0.006462528538893175,0.0,6.519841296332222e-05
2018-03-14,-0.0011756438331456795,-0.0015152256018691667,6.70634943341452e-05,-0.000175038874038691,6.70634943341452e-05,-0.0033467052807021704,6.70634943341452e-05,-0.006063872170028156,-0.005131580132132663,0.0,6.70634943341452e-05
2018-03-15,0.00014389063145950595,-0.000557550425305783,6.817460533172366e-05,-0.0008735621252932146,6.817460533172366e-05,-0.0023242037657547803,6.817460533172366e-05,0.0006905935322036871,-0.001089939054299216,0.0,6.817460533172366e-05
2018-03-16,-0.00030853461663673344,-0.0003502500922288208,6.876984285929846e-05,-0.0029729526115548355,6.876984285929846e-05,0.0012399066378885697,6.876984285929846e-05,0.0010329719675501448,0.0010847289238975488,0.0,6.876984285929846e-05
2018-03-19,-0.010728547004404213,-0.009889818987623476,6.896825536849007e-05,-0.021336658685343846,6.896825536849007e-05,-0.015879059360801397,6.896825536849007e-05,-0.011814371841276983,-0.013530305480458193,0.0,6.896825536849007e-05
2018-03-20,0.0033994521018943973,0.0020618460366473553,6.857143035010686e-05,0.003291756314412808,6.857143035010686e-05,0.005361791949449597,6.857143035010686e-05,0.0028482044914713567,0.0017004266882105767,0.0,6.857143035010686e-05
2018-03-21,-0.00234845448290117,-0.00137753988467319,6.976190540525649e-05,-0.00435430445601892,6.976190540525649e-05,-0.00012717557756462394,6.976190540525649e-05,-0.001486281460240907,-0.0019190920968851222,0.0,6.976190540525649e-05
2018-03-22,-0.015513113460398941,-0.015098606085675287,6.785714437091161e-05,-0.02468255791703533,6.785714437091161e-05,-0.027668891953327703,6.785714437091161e-05,-0.029248872099227052,-0.024997322338868533,0.0,6.785714437091161e-05
2018-03-23,-0.016460491109162898,-0.015092047190695134,6.678571303685506e-05,-0.026351583853395866,6.678571303685506e-05,-0.022644561829976907,6.678571303685506e-05,-0.022829684638260045,-0.021314668726372887,-0.024952073825652787,6.678571303685506e-05
2018-03-26,0.023922853212408935,0.0199487175433904,6.698412554604667e-05,0.03715888817611779,6.698412554604667e-05,0.024275198632914607,6.698412554604667e-05,0.031035111986792097,0.027359246779381063,0.036809823129770214,6.698412554604667e-05
2018-03-27,-0.02058217672547523,-0.016078625980412355,6.765873186172e-05,-0.03236027050659973,6.765873186172e-05,-0.018898906385731624,6.765873186172e-05,-0.021246764276396296,-0.017011823909548474,-0.03550296525803942,6.765873186172e-05
2018-03-28,-0.006709569451464426,-0.005628452432627026,6.876984285929846e-05,-0.011503489957607416,6.876984285929846e-05,-0.010119263364161652,6.876984285929846e-05,-0.005095760612272404,-0.0029548074290665083,-0.010517080382459354,6.876984285929846e-05
2018-03-29,0.013375748342639554,0.011088824971095488,6.72619068433368e-05,0.018314804452421507,6.72619068433368e-05,0.013242090938978768,6.72619068433368e-05,0.015507225851530082,0.012777523559734272,0.03985826490572264,6.72619068433368e-05
2018-04-02,-0.016419011116644816,-0.012989531798860672,6.626983956685142e-05,-0.02885168611477018,6.626983956685142e-05,-0.01172842996080033,6.626983956685142e-05,-0.02370044961567505,-0.021584513497863944,-0.001,6.626983956685142e-05
2018-04-03,0.007844638472274065,0.0067579172764402175,6.678571303685506e-05,0.011253218334683623,6.678571303685506e-05,0.00454103673707614,6.678571303685506e-05,0.012542358162739853,0.012817060511055356,0.020524729417355503,6.678571303685506e-05
2018-04-04,0.008740284384568505,0.0076319945044882155,6.797619282253204e-05,0.015770289423265416,6.797619282253204e-05,0.00829563556657087,6.797619282253204e-05,0.011815965160928255,0.010698786630083834,0.00877958075339591,6.797619282253204e-05
2018-04-05,0.004164812961983646,0.004603025388864534,6.619047550928025e-05,0.005696620475063252,6.619047550928025e-05,0.005364837234239195,6.619047550928025e-05,0.008903717379151743,0.007892531147025927,0.017406424129604137,6.619047550928025e-05
2018-04-06,-0.01469823431853975,-0.013738341089623822,6.646825207604302e-05,-0.02502347363708779,6.646825207604302e-05,-0.022295007362579534,6.646825207604302e-05,-0.02438356337736619,-0.022286232268707185,-0.001,6.646825207604302e-05
2018-04-09,0.0027096649089365854,0.002638198581009392,6.666666458523462e-05,0.007023075628945552,6.666666458523462e-05,0.00433786531112094,6.666666458523462e-05,0.0019799876313410236,0.004928536290606633,-0.007151115476298763,6.666666458523462e-05
2018-04-10,0.013045516751956865,0.012032754435456412,6.646825207604302e-05,0.02206314173656665,6.646825207604302e-05,0.019161189034042698,6.646825207604302e-05,0.016771359435554134,0.015900121654954136,0.015030867932133152,6.646825207604302e-05
2018-04-11,-0.00455463286300158,-0.0029582409545873853,6.72619068433368e-05,-0.0057689671530556375,6.72619068433368e-05,-0.00353149010919603,6.72619068433368e-05,-0.0031010549584964127,-0.005242047227252189,-0.006097534635492008,6.72619068433368e-05
2018-04-12,0.009103911731090819,0.005487848015502369,6.718253805523827e-05,0.012041522727802567,6.718253805523827e-05,-0.0006684870284124896,6.718253805523827e-05,0.008433229217698707,0.008227371865207056,0.021910605025704966,6.718253805523827e-05
2018-04-13,-0.0037206323924543834,-0.002870901847888172,6.765873186172e-05,-0.005178531337452608,6.765873186172e-05,-0.006700495992243279,6.765873186172e-05,-0.0032316630946189473,-0.002933565241089231,-0.001,6.765873186172e-05
2018-04-16,0.0037304915813537037,0.004144399496305662,6.817460533172366e-05,0.007622179300079912,6.817460533172366e-05,0.0057017665691890445,6.817460533172366e-05,0.0074478714513689925,0.008221943920501573,0.0,6.817460533172366e-05
2018-04-17,0.01169204511049596,0.008790688135676463,6.797619282253204e-05,0.021525264781519615,6.797619282253204e-05,0.010388072919446175,6.797619282253204e-05,0.010266651432438545,0.010698714619579386,0.0,6.797619282253204e-05
2018-04-18,0.0009684487778315348,0.0010905716327094354,6.964285695363604e-05,0.0020471632035432563,6.964285695363604e-05,0.0011539928736483689,6.964285695363604e-05,0.0032752828973206805,0.0007402624337915498,0.0,6.964285695363604e-05
2018-04-19,-0.004270235421923157,-0.004262898095501461,7.023809448121085e-05,-0.00919278497072129,7.023809448121085e-05,-0.00751898639081557,7.023809448121085e-05,-0.0044359889204393654,-0.005547765104816804,0.0,7.023809448121085e-05
2018-04-20,-0.007230210586386326,-0.0072402918961935875,7.075396795121451e-05,-0.015826732146713374,7.075396795121451e-05,-0.012280965720356935,7.075396795121451e-05,-0.008284842323922209,-0.008479664115381702,0.0,7.075396795121451e-05
2018-04-23,-0.0017830056896540058,-0.0010693035869088327,7.003968197201925e-05,-0.0025262008360925625,7.003968197201925e-05,-0.0035721256573164233,7.003968197201925e-05,0.0008652144463426048,-0.00014958494084527096,0.0,7.003968197201925e-05
2018-04-24,-0.011724177140060155,-0.010200104927273527,7.075396795121451e-05,-0.021187070941914743,7.075396795121451e-05,-0.014128273285752427,7.075396795121451e-05,-0.017970221060022523,-0.013467588433518252,0.0,7.075396795121451e-05
2018-04-25,0.00019227396698628057,0.0003071674063176512,7.234126802474734e-05,0.0011988219952629997,7.234126802474734e-05,-0.0029287849231007424,7.234126802474734e-05,0.0023788888441845517,0.0024717313258735274,0.0,7.234126802474734e-05
2018-04-26,0.012419700523233039,0.008388759327928664,7.202381179446265e-05,0.021052845315912894,7.202381179446265e-05,0.007382825191914318,7.202381179446265e-05,0.012322896020628304,0.01016569172356352,0.0,7.202381179446265e-05
2018-04-27,0.001229342026084873,-6.087416023410218e-06,7.083333200878568e-05,0.0006172722274926379,7.083333200878568e-05,-0.0006212101805879531,7.083333200878568e-05,-0.0016065429890989302,0.0009387936026488131,0.0,7.083333200878568e-05
2018-04-30,-0.0039767655954738084,-0.004000416400210822,7.023809448121085e-05,-0.00709484775411473,7.023809448121085e-05,-0.007880843092818446,7.023809448121085e-05,-0.004906044499018519,-0.007690679047518856,0.0,7.023809448121085e-05
2018-05-01,0.00520234314370367,0.0035808654710710905,6.996031791444809e-05,0.011432690740085905,6.996031791444809e-05,0.002420470347021531,6.996031791444809e-05,0.002036010575648811,0.001777120974790769,0.0,6.996031791444809e-05
2018-05-02,-0.0017475136482549454,-0.0028747449881219864,7.182539455474369e-05,-0.005897669113086645,7.182539455474369e-05,-0.0036167824423097472,7.182539455474369e-05,-0.0037733503900466703,-0.0067175807697265055,0.0,7.182539455474369e-05
2018-05-03,-7.917050283260012e-05,-0.0008853730670794186,7.083333200878568e-05,-0.0001233253900103648,7.083333200878568e-05,-0.0025862826304879536,7.083333200878568e-05,-0.0032434941852219623,-0.002203609858457245,0.0,7.083333200878568e-05
2018-05-04,0.008762771328049031,0.009208614548903631,7.095238046040611e-05,0.018974045115781824,7.095238046040611e-05,0.014801046689730146,7.095238046040611e-05,0.012509104323607578,0.012946350806510187,0.0,7.095238046040611e-05
2018-05-07,0.004757307114734801,0.0038194073050748065,7.115079296959771e-05,0.008309337037921694,7.115079296959771e-05,0.006723091632018082,7.115079296959771e-05,0.004567425302415884,0.003383236837799508,0.0,7.115079296959771e-05
2018-05-08,0.0005013307000326786,0.0002835135894491938,7.115079296959771e-05,-0.0010223806606505237,7.115079296959771e-05,0.0013144313024798793,7.115079296959771e-05,0.003188200515247236,0.0,0.0,7.115079296959771e-05
2018-05-09,0.0064719647685975296,0.0060459136432645805,7.281746183122907e-05,0.010898934935667848,7.281746183122907e-05,0.00865034624567107,7.281746183122907e-05,0.012750255338272343,0.009665823514327654,0.0,7.281746183122907e-05
2018-05-10,0.006197894533960345,0.0053789847947377815,7.321428684961228e-05,0.01036474738626647,7.321428684961228e-05,0.008357073218122624,7.321428684961228e-05,0.008091755343247464,0.009350223838691996,0.0,7.321428684961228e-05
2018-05-11,-0.0008625099001611609,0.00025441133523316194,7.321428684961228e-05,-0.0009434177265674748,7.321428684961228e-05,0.0013505467272600935,7.321428684961228e-05,0.0003501677369998346,0.0030516312114654554,0.0,7.321428684961228e-05
2018-05-14,0.0016163345766893144,0.0006052763519431677,7.380952437718708e-05,0.0017114464745258129,7.380952437718708e-05,-0.0005428423696270204,7.380952437718708e-05,0.00199103888507815,0.00047665473100488853,0.0,7.380952437718708e-05
2018-05-15,-0.005981499642912343,-0.004569179099072324,7.361111186799548e-05,-0.011075316841907434,7.361111186799548e-05,-0.0059245796979898,7.361111186799548e-05,-0.0041905449344795676,-0.00688709402408183,0.0,7.361111186799548e-05
2018-05-16,0.0025981041878495484,0.0035065502140095646,7.44047619047619e-05,0.006612513719500335,7.44047619047619e-05,0.007080214837796269,7.44047619047619e-05,0.004518392195820509,0.004204917216852566,0.0,7.44047619047619e-05
2018-05-17,-0.002111606991410013,-0.0008942030190657569,7.40079368863787e-05,-0.0038470608397992434,7.40079368863787e-05,-3.1127185032842064e-05,7.40079368863787e-05,0.0011153720290895952,-0.0008447801834406965,0.0,7.40079368863787e-05
2018-05-18,-0.002538869113374317,-0.0023075639807601995,7.392857282880753e-05,-0.005168329288015805,7.392857282880753e-05,-0.0021230761410938603,7.392857282880753e-05,-0.005335574193810921,-0.0024998613917391888,0.0,7.392857282880753e-05
2018-05-21,0.004763037239808256,0.0037693055861350486,7.361111186799548e-05,0.005613387179632001,7.361111186799548e-05,0.006580832807723109,7.361111186799548e-05,0.007910222334759964,0.007518507003139829,0.0,7.361111186799548e-05
2018-05-22,-0.0013946514047124615,-0.0013888459546920941,7.392857282880753e-05,-0.0013064419957544704,7.392857282880753e-05,-0.0037762004588454134,7.392857282880753e-05,-0.003113400639812386,-0.002779894788197179,0.0,7.392857282880753e-05
2018-05-23,0.004638154876806546,0.0031690136907432946,7.511904788395716e-05,0.008443459268847153,7.511904788395716e-05,0.004164267893772555,7.511904788395716e-05,0.0020277183589709757,0.002750975506749853,0.0,7.511904788395716e-05
2018-05-24,-0.0028390493549529704,-0.0008825194097036663,7.432539784719074e-05,-0.00029507246085014316,7.432539784719074e-05,-0.000657757139800319,7.432539784719074e-05,-0.005805958061993827,-0.0020486356216271595,0.0,7.432539784719074e-05
2018-05-25,-0.0012020107738782702,-0.00077278918366594,7.380952437718708e-05,0.0010030864930541394,7.380952437718708e-05,-0.0010562807785052808,7.380952437718708e-05,-0.00710428685750511,-0.002382374664343434,0.0,7.380952437718708e-05
2018-05-29,-0.0033994242262590127,-0.0036636653309647296,7.353174781042433e-05,-0.004419255487460472,7.353174781042433e-05,-0.005760335985841876,7.353174781042433e-05,-0.008561033294436221,-0.011501273997574613,0.0,7.353174781042433e-05
2018-05-30,0.008295370985810251,0.006153252333501998,7.301587434042068e-05,0.007160857777744223,7.301587434042068e-05,0.012118365029341863,7.301587434042068e-05,0.015206824724178891,0.0133449400411485,0.0,7.301587434042068e-05
2018-05-31,-0.0006290424030804203,-0.0019974288070909283,7.452381035638234e-05,-0.0006460574406206288,7.452381035638234e-05,-0.004918605642329228,7.452381035638234e-05,-0.006628924781828416,-0.006126018143591594,0.0,7.452381035638234e-05
2018-06-01,0.008786250627482195,0.007293580679696728,7.42063493955703e-05,0.015699514281833915,7.42063493955703e-05,0.010696800651084063,7.42063493955703e-05,0.010037475330461676,0.009817565533012163,0.0,7.42063493955703e-05
2018-06-04,0.005390638108225588,0.0038198464624641243,7.412698533799914e-05,0.009030761711010138,7.412698533799914e-05,0.006363978274020946,7.412698533799914e-05,0.0022712821888285217,0.004751197393209949,0.0,7.412698533799914e-05
2018-06-05,0.002462375771848426,0.0015580201941143258,7.40079368863787e-05,0.0030980231147177406,7.40079368863787e-05,0.0033396234247798544,7.40079368863787e-05,0.0020393565395047664,0.0007277689103915019,0.0,7.40079368863787e-05
2018-06-06,0.0039539365231205225,0.003906752640461175,7.551587290234036e-05,0.005834024723485376,7.551587290234036e-05,0.007145182309417149,7.551587290234036e-05,0.007248762433428924,0.008360669481881411,0.0,7.551587290234036e-05
2018-06-07,-0.002998468453697292,-0.002626616504749128,7.539682445071991e-05,-0.008131782782437091,7.539682445071991e-05,-0.004563760687906278,7.539682445071991e-05,0.000745066906156278,-0.00010823152688033133,0.0,7.539682445071991e-05
2018-06-08,-0.0003439240335691723,0.0005936198261440615,7.480158692314511e-05,5.734344707986061e-05,7.480158692314511e-05,0.0020083221345206974,7.480158692314511e-05,0.00032007930121458195,0.0029562293109934856,0.0,7.480158692314511e-05
2018-06-11,0.002406921888992782,0.0013689177704677223,7.46031744139535e-05,0.002694433461685408,7.46031744139535e-05,0.0018420310434733205,7.46031744139535e-05,0.0029500681771814086,0.0013300253216359526,0.0,7.46031744139535e-05
2018-06-12,-3.6850234188330784e-05,0.0020754800142829795,7.412698533799914e-05,0.0052599217609774485,7.412698533799914e-05,0.0037030621871840803,7.412698533799914e-05,0.0008400696119629514,0.0012925601937314735,0.0,7.412698533799914e-05
2018-06-13,-0.002401204108408533,-0.0010434125640963825,7.492063537476556e-05,-5.652043355663938e-05,7.492063537476556e-05,-0.002395699523043156,7.492063537476556e-05,-0.004549434826699061,-0.003191110014368559,0.0,7.492063537476556e-05
2018-06-14,0.005626514363243299,0.004124946785008145,7.519841194152831e-05,0.010123592531882109,7.519841194152831e-05,0.005991629346157489,7.519841194152831e-05,0.004820182534728268,0.0025179535034689504,0.0,7.519841194152831e-05
2018-06-15,-0.005392807541085534,-0.0017102470318323291,7.472222286557394e-05,-0.003490927506390129,7.472222286557394e-05,-0.0014895907795356986,7.472222286557394e-05,-0.005426785124146599,-0.0012757699776145826,0.0,7.472222286557394e-05
2018-06-18,0.0007047038961718052,-0.00017555239573032168,7.492063537476556e-05,-0.0005776404457159545,7.492063537476556e-05,0.0006913260673829061,7.492063537476556e-05,-4.939250419849772e-05,-0.0020566820064762403,0.0,7.492063537476556e-05
2018-06-19,-0.0020426551873504333,-0.0014535383257885171,7.472222286557394e-05,-0.002832775286558009,7.472222286557394e-05,-0.002202124416529079,7.472222286557394e-05,-0.0015185617344973534,-0.003832725208683052,0.0,7.472222286557394e-05
2018-06-20,0.0034683151698985362,0.0031061776046588164,7.531746039314876e-05,0.0071024220323936404,7.531746039314876e-05,0.0056247679174206144,7.531746039314876e-05,0.003344427185383414,0.0017058135437493238,0.0,7.531746039314876e-05
2018-06-21,-0.0051792414415325,-0.004810702710415868,7.492063537476556e-05,-0.008688695256663381,7.492063537476556e-05,-0.008104055766531799,7.492063537476556e-05,-0.009771104878507242,-0.006268789998884361,0.0,7.492063537476556e-05
2018-06-22,-0.001190352914313705,-9.227426534022599e-05,7.499999943233671e-05,-0.0022193859793311344,7.499999943233671e-05,-0.001240742852150182,7.499999943233671e-05,0.004875775475259553,0.0018230814663149353,0.0,7.499999943233671e-05
2018-06-25,-0.01383949372502083,-0.01104739557727839,7.42063493955703e-05,-0.022530262081913888,7.42063493955703e-05,-0.017490049029682653,7.42063493955703e-05,-0.017944873272143474,-0.013612699182489751,0.0,7.42063493955703e-05
2018-06-26,0.0035399146037824046,0.0023353517286731104,7.353174781042433e-05,0.00408477399625351,7.353174781042433e-05,0.004038040579733707,7.353174781042433e-05,0.005185182047145104,0.0022138149319570477,0.0,7.353174781042433e-05
2018-06-27,-0.007290798245963424,-0.006150407494030257,7.511904788395716e-05,-0.013599129894808715,7.511904788395716e-05,-0.012634401775249436,7.511904788395716e-05,-0.002585933026611614,-0.008283801892557174,0.0,7.511904788395716e-05
2018-06-28,0.005173937026506391,0.003931904453908949,7.46031744139535e-05,0.00860179151197471,7.46031744139535e-05,0.0057931472636159045,7.46031744139535e-05,0.004594421305609886,0.005717284321698157,0.0,7.46031744139535e-05
2018-06-29,3.97151493081164e-06,0.0009377457212612595,7.46031744139535e-05,0.0026870517062167476,7.46031744139535e-05,0.00034125844456132514,7.46031744139535e-05,0.0008258189571360435,0.001439548008329794,0.0,7.46031744139535e-05
2018-07-02,0.003719974313933379,0.0031697555127870587,7.46031744139535e-05,0.00669981429251898,7.46031744139535e-05,0.006799837579313683,7.46031744139535e-05,0.002902276159211986,0.0021380354020603676,0.0,7.46031744139535e-05
2018-07-03,-0.005103858423235723,-0.0039069090377348605,7.519841194152831e-05,-0.011574001946378143,7.519841194152831e-05,-0.0037937683203637107,7.519841194152831e-05,-0.0020394629028213096,-0.0035311532891284525,0.0,7.519841194152831e-05
2018-07-05,0.00668802484122946,0.006465275241220786,7.670634795748999e-05,0.012412372624123647,7.670634795748999e-05,0.01190454225718729,7.670634795748999e-05,0.009397348118360183,0.008157818289194374,0.0,7.670634795748999e-05
2018-07-06,0.0065379184345110974,0.00713673839360109,7.579364946910313e-05,0.015555939740043323,7.579364946910313e-05,0.012003667375893201,7.579364946910313e-05,0.007881951698092637,0.008458336617594098,0.0,7.579364946910313e-05
2018-07-09,0.0037264704333668805,0.0035818274245860695,7.559523695991153e-05,0.008997644352293888,7.559523695991153e-05,0.007648889455628138,7.559523695991153e-05,-0.005148109831055098,0.009004339323492205,0.0,7.559523695991153e-05
2018-07-10,0.0013413028347875485,0.0008392125080003384,7.599206197829473e-05,0.0007331924275908452,7.599206197829473e-05,-0.0007388441143786706,7.599206197829473e-05,0.004721596126535388,0.0035984531395059083,0.0,7.599206197829473e-05
2018-07-11,-0.0025420391035021494,-0.0028414824316109017,7.678571201506115e-05,-0.005075380191242651,7.678571201506115e-05,-0.006958193683418138,7.678571201506115e-05,-5.247669007232836e-05,-0.007314880249135736,0.0,7.678571201506115e-05
2018-07-12,0.0101029733204024,0.006652920258686808,7.619047448748633e-05,0.01723138929784418,7.619047448748633e-05,0.006665430672739391,7.619047448748633e-05,0.006405441801966949,0.00906602998546302,0.0,7.619047448748633e-05
2018-07-13,0.0019791614334412283,0.0002623764155152556,7.650793544829838e-05,0.0008362276344708874,7.650793544829838e-05,0.00013044355854493117,7.650793544829838e-05,-0.0005020748510171369,0.0007879383892908098,0.0,7.650793544829838e-05
2018-07-16,-0.0022217900648408362,-0.0013189174802761413,7.650793544829838e-05,-0.0023941031719406647,7.650793544829838e-05,-0.0034774069562128283,7.650793544829838e-05,-0.001565790921442628,-0.0008942217431398003,0.0,7.650793544829838e-05
2018-07-17,0.00365002311707956,0.002305329104671613,7.690476046668159e-05,0.006083132860067231,7.690476046668159e-05,0.002879346996920458,7.690476046668159e-05,0.00024292597323913312,0.004044762608548691,0.0,7.690476046668159e-05
2018-07-18,-0.000401640192007592,-0.0007205134776762187,7.837301681912135e-05,-0.0018861415980125917,7.837301681912135e-05,-0.0010323182401236939,7.837301681912135e-05,-0.002773612299462047,0.002103462097672981,0.0,7.837301681912135e-05
2018-07-19,-0.001409733320016577,-0.001370744155742426,7.777777929154653e-05,-0.005002025929033205,7.777777929154653e-05,-0.0012294911583675678,7.777777929154653e-05,0.003217143194228028,-0.003770747965620602,0.0,7.777777929154653e-05
2018-07-20,-0.0007179768704442339,-0.0015457141833606389,7.730158548506479e-05,-0.00022300293198584953,7.730158548506479e-05,-0.006190162814165622,7.730158548506479e-05,-0.005008326474851527,-0.0011430586138243548,0.0,7.730158548506479e-05
2018-07-23,0.001833574420121347,0.0010474249624968647,7.670634795748999e-05,0.0031844271160572646,7.670634795748999e-05,0.0015487946962332952,7.670634795748999e-05,-0.0014537189711555654,0.0018592175076923567,0.0,7.670634795748999e-05
2018-07-24,0.0024497612243415887,0.0013373429641703868,7.619047448748633e-05,0.004121252656006824,7.619047448748633e-05,-0.0011724194543685964,7.619047448748633e-05,0.0008072817299072388,0.00503203521499751,0.0,7.619047448748633e-05
2018-07-25,0.008757254504604487,0.0061941607348172415,7.777777929154653e-05,0.013976695078431911,7.777777929154653e-05,0.008718049527080513,7.777777929154653e-05,0.007278151470809124,0.008522488143953622,0.0,7.777777929154653e-05
2018-07-26,-0.007521701521866797,-0.004759320381826873,7.74999979942564e-05,-0.015151639031156683,7.74999979942564e-05,-0.004045913918738135,7.74999979942564e-05,-0.00212780060737458,-0.002359079664502106,0.0,7.74999979942564e-05
2018-07-27,-0.00867999167923148,-0.006533009982037337,7.718254176397172e-05,-0.013496207753885492,7.718254176397172e-05,-0.012972548448022756,7.718254176397172e-05,-0.007299522144779552,-0.006776105172771829,0.0,7.718254176397172e-05
2018-07-30,-0.005619762541896773,-0.005723452226018202,7.718254176397172e-05,-0.01413138894320709,7.718254176397172e-05,-0.008589947317731142,7.718254176397172e-05,-0.00535425790732183,-0.005223619038638216,0.0,7.718254176397172e-05
2018-07-31,0.003046295048909383,0.004127685468028289,7.718254176397172e-05,0.007652243350719123,7.718254176397172e-05,0.007584037129614085,7.718254176397172e-05,0.006822303335761282,0.004929392016759682,0.0,7.718254176397172e-05
2018-08-01,0.004901956794462887,0.0008069554491569649,7.876984183750455e-05,0.003797202237932673,7.876984183750455e-05,0.0004879541081161213,7.876984183750455e-05,-0.0011583977150410318,-0.0016706487151560978,0.0,7.876984183750455e-05
2018-08-02,0.007240554057772153,0.005333487419445749,7.849206527074178e-05,0.013606674317581335,7.849206527074178e-05,0.008784647420063388,7.849206527074178e-05,0.001800545894247385,0.00544742955204236,0.0,7.849206527074178e-05
2018-08-03,0.001207969714485558,0.0016269236573175359,7.797619180073813e-05,0.0030633898237408808,7.797619180073813e-05,0.0012914230184585631,7.797619180073813e-05,0.003206668926133555,0.004284714582199145,0.0,7.797619180073813e-05
2018-08-06,0.004924781475267614,0.002672767888436145,7.777777929154653e-05,0.005886365618169798,7.777777929154653e-05,0.005047645658479816,7.777777929154653e-05,0.0014370109345614728,0.00366734351194431,0.0,7.777777929154653e-05
2018-08-07,0.0015195665888560128,0.001842137076096515,7.809524025235857e-05,0.0036436075512400468,7.809524025235857e-05,0.0031121279777595783,7.809524025235857e-05,0.0019135184092533286,0.0033024426348695624,0.0,7.809524025235857e-05
2018-08-08,0.001445291249971921,-0.00010947211744477919,7.968253559536404e-05,0.0012103034396044876,7.968253559536404e-05,-3.462706628376555e-05,7.968253559536404e-05,-0.004012207229340509,-0.0004204002471703827,0.0,7.968253559536404e-05
2018-08-09,-0.0005324707545365327,-0.00026096760067870857,7.968253559536404e-05,-0.0006045967899239724,7.968253559536404e-05,0.00019847232319962038,7.968253559536404e-05,-0.0006306687704803748,-0.0013655893159748578,0.0,7.968253559536404e-05
2018-08-10,-0.0015408756396976804,-0.0037901248742036506,7.956349660479834e-05,-0.007641241570107038,7.956349660479834e-05,-0.005712986407891825,7.956349660479834e-05,-0.005462193196085402,-0.006700071163748489,0.0,7.956349660479834e-05
2018-08-13,-0.0020553968361494137,-0.0015540139741237612,7.936507936507937e-05,-0.0011078591669981819,7.936507936507937e-05,-0.0035670929918377725,7.936507936507937e-05,-0.004869971875624823,-0.0037437559577295776,0.0,7.936507936507937e-05
2018-08-14,0.004285728906438456,0.003514018996074827,7.916666685588776e-05,0.006266707513568948,7.916666685588776e-05,0.007518079228911863,7.916666685588776e-05,0.003153599780073291,0.006380547848137574,0.0,7.916666685588776e-05
2018-08-15,-0.006981705449941993,-0.0058523783676352695,8.067460287184941e-05,-0.012234800746467767,8.067460287184941e-05,-0.010748951591995995,8.067460287184941e-05,-0.0064747760313766944,-0.007467694466861463,0.0,8.067460287184941e-05
2018-08-16,0.0038995968626698986,0.0027359452193102506,8.015872940184578e-05,0.0032919893192837613,8.015872940184578e-05,0.0034936579526658,8.015872940184578e-05,0.007559649244592848,0.008091769134327409,0.0,8.015872940184578e-05
2018-08-17,0.0028713772693344823,0.001100547284420398,7.996032162318154e-05,0.0002223806853436372,7.996032162318154e-05,0.001919707012172663,7.996032162318154e-05,0.0046695472667224736,0.0035207230674507706,0.0,7.996032162318154e-05
2018-08-20,6.666560320910014e-05,0.00030472804089921,7.916666685588776e-05,-0.0008895036955419711,7.916666685588776e-05,0.0006805527485669692,7.916666685588776e-05,0.002388269111466585,0.002139532994997806,0.0,7.916666685588776e-05
2018-08-21,0.0005272991568193377,0.0019127631894317184,7.908730279831658e-05,0.0036728942639345785,7.908730279831658e-05,0.005836546954258355,7.908730279831658e-05,-0.0008255770584409683,0.0023454921699195275,0.0,7.908730279831658e-05
2018-08-22,0.0035653274730446773,0.0012235459134014308,8.075397165994795e-05,0.00388090098569549,8.075397165994795e-05,0.0019155485043566012,8.075397165994795e-05,-0.0001570957250305316,-0.0005939610261648243,0.0,8.075397165994795e-05
2018-08-23,-0.0005921609315698578,-0.0009425728984930405,8.075397165994795e-05,-0.0014359302668375262,8.075397165994795e-05,-0.001933739187719219,8.075397165994795e-05,-0.0022020395331298903,-0.0013276072146969353,0.0,8.075397165994795e-05
2018-08-24,0.005121578585317454,0.004447505743031194,8.067460287184941e-05,0.009292030088021264,8.067460287184941e-05,0.006919946370323781,8.067460287184941e-05,0.006089125975094922,0.006018325627126231,0.0,8.067460287184941e-05
2018-08-27,0.004557927250609547,0.00429876103415215,8.12698451299516e-05,0.010192785128067428,8.12698451299516e-05,0.006515125775730842,8.12698451299516e-05,0.0015472325915125706,0.007895465692762338,0.0,8.12698451299516e-05
2018-08-28,0.0006607117795819836,0.0007702105522016102,8.174602947537861e-05,0.001464786914918914,8.174602947537861e-05,0.0009595412190938437,8.174602947537861e-05,0.001972908943395496,0.00048299048918343246,0.0,8.174602947537861e-05
2018-08-29,0.006054963508420921,0.00488657554276244,8.246032018510122e-05,0.011537914051355402,8.246032018510122e-05,0.006608577729448155,8.246032018510122e-05,0.005804575867434381,0.005380709062703604,0.0,8.246032018510122e-05
2018-08-30,-0.0009727559108523904,-0.001386151374762785,8.253967951214503e-05,-0.001767343141195532,8.253967951214503e-05,-0.002208996879890808,8.253967951214503e-05,-0.003361902398771044,-0.004048016179261649,0.0,8.253967951214503e-05
2018-08-31,0.000572866764581017,0.0005033208555769256,8.16666701483348e-05,0.0012874593594984773,8.16666701483348e-05,0.001717115873416312,8.16666701483348e-05,-0.00105241904911349,3.4518290706664345e-05,0.0,8.16666701483348e-05
2018-09-04,-0.0022174503877209987,-0.0018132380872601572,8.154762169671437e-05,-0.004285898316433889,8.154762169671437e-05,-0.0034864840551924736,8.154762169671437e-05,-0.001160689988559005,-0.0017229983742446109,0.0,8.154762169671437e-05
2018-09-05,-0.0059770090367480665,-0.004114311562849075,8.206349516671802e-05,-0.012913817252600435,8.206349516671802e-05,-0.006091833190497071,8.206349516671802e-05,0.002030958839014413,-0.002691317212733746,0.0,8.206349516671802e-05
2018-09-06,-0.00471802639252674,-0.0036756980072456076,8.293650453052823e-05,-0.008939473733319714,8.293650453052823e-05,-0.006233856831822796,8.293650453052823e-05,-0.0030698140972873766,-0.003009653378479249,0.0,8.293650453052823e-05
2018-09-07,-0.002023416083232168,-0.0020263863441975657,8.253967951214503e-05,-0.003850303005603739,8.253967951214503e-05,-0.002107115017565072,8.253967951214503e-05,-0.0062881651852030596,-0.001943362899773482,0.0,8.253967951214503e-05
2018-09-10,0.00020105360486932704,0.0014088801208380723,8.285714520348443e-05,0.0033681262708791238,8.285714520348443e-05,0.002112619837778477,8.285714520348443e-05,0.0009264751856395141,0.001738393155952478,0.0,8.285714520348443e-05
2018-09-11,0.006147839135730502,0.003183739114826589,8.265872796376547e-05,0.0077041554766767995,8.265872796376547e-05,0.004213971604011935,8.265872796376547e-05,0.0035142319654482557,0.003297562958967326,0.0,8.265872796376547e-05
2018-09-12,-0.00026683894553127484,-0.0008260926404329787,8.365079524025083e-05,-0.0029489155112621956,8.365079524025083e-05,-0.0017012969265034483,8.365079524025083e-05,0.0012096620773131565,0.00024237413564920374,0.0,8.365079524025083e-05
2018-09-13,0.005735638430624427,0.004734448816060058,8.353174678863042e-05,0.010680259227695554,8.353174678863042e-05,0.005609599868979871,8.353174678863042e-05,0.007522245668733607,0.005914288589460304,0.0,8.353174678863042e-05
2018-09-14,-0.0024088464267561075,-0.001028797955214975,8.305555298214868e-05,-0.002926382806895611,8.305555298214868e-05,0.0004883011055775894,8.305555298214868e-05,-0.004103612456575617,0.0001722769548087033,0.0,8.305555298214868e-05
2018-09-17,-0.008110941909834862,-0.006059648546353555,8.345237800053189e-05,-0.014403007826183423,8.345237800053189e-05,-0.010105806216137325,8.345237800053189e-05,-0.005730493935631548,-0.0052946438223215875,0.0,8.345237800053189e-05
2018-09-18,0.0063090862505762214,0.0038702340568514274,8.365079524025083e-05,0.008271769465739709,8.365079524025083e-05,0.005961872129222279,8.365079524025083e-05,0.004738558322335412,0.005426247071287138,0.0,8.365079524025083e-05
2018-09-19,-0.0014032439674579536,-0.0003122980941886874,8.432539682539683e-05,-0.000765916142687062,8.432539682539683e-05,-0.0011141548765892795,8.432539682539683e-05,-0.0006098343389230871,0.0010650913719403299,0.0,8.432539682539683e-05
2018-09-20,0.004499451313976832,0.005536950321260677,8.412697958567786e-05,0.011056630802679157,8.412697958567786e-05,0.009471871642453333,8.412697958567786e-05,0.0071685469589210515,0.00810421213287249,0.0,8.412697958567786e-05
2018-09-21,-0.0020677682446218846,-0.00197694020123969,8.404762025863405e-05,-0.005467641773969967,8.404762025863405e-05,-0.003723316190445969,8.404762025863405e-05,-0.00010355944929035799,-0.0009132248111376473,0.0,8.404762025863405e-05
2018-09-24,0.002513283376614317,0.0006395317203012889,8.42460280372983e-05,0.0027808277304124385,8.42460280372983e-05,-0.001412926804764458,8.42460280372983e-05,0.0037805313774795235,-0.0033222571792963507,0.0,8.42460280372983e-05
2018-09-25,0.001901061778834842,0.0005552780516048703,8.42460280372983e-05,0.0013594681828870137,8.42460280372983e-05,0.0006543594704614407,8.42460280372983e-05,0.0015945795100655857,-0.0009277443307303956,0.0,8.42460280372983e-05
2018-09-26,-0.0014445896773586286,-0.0008122782609244981,8.603174535055008e-05,0.0007064307239164069,8.603174535055008e-05,-0.0038087573846730858,8.603174535055008e-05,-0.0022109492588582025,-0.0029925030074099412,0.0,8.603174535055008e-05
2018-09-27,0.005717214409038634,0.003279896384631146,8.571428912026542e-05,0.008465438018723459,8.571428912026542e-05,0.0037731439239885307,8.571428912026542e-05,0.003601180149091443,0.002794535099716944,0.0,8.571428912026542e-05
2018-09-28,0.0003810355287672196,0.0002069177305372934,8.4920639083499e-05,-0.00021523376778664893,8.4920639083499e-05,0.0009742842778776016,8.4920639083499e-05,0.0007925420521188442,0.00010306823851058411,0.0,8.4920639083499e-05
2018-10-01,0.0036483823847115997,0.0009297597611152184,8.53174641018822e-05,0.002045290512425302,8.53174641018822e-05,-0.0025506990496350817,8.53174641018822e-05,0.00512770908043661,0.0034739054210317644,0.0,8.53174641018822e-05
2018-10-02,-0.0021300634517533393,-0.001600259276055111,8.551587188054645e-05,-0.0022557841741263074,8.551587188054645e-05,-0.004553284114557946,8.551587188054645e-05,-0.0033741825063577924,-0.0005826003075365405,0.0,8.551587188054645e-05
2018-10-03,0.002605917336672242,0.0010030201351243515,8.630952191731287e-05,0.0010763729909668562,8.630952191731287e-05,0.003458913439896571,8.630952191731287e-05,0.0014589369894245086,0.0005486077044343229,0.0,8.630952191731287e-05
2018-10-04,-0.008955827236277757,-0.008600294555485638,8.611111413864862e-05,-0.019198578665329702,8.611111413864862e-05,-0.013684169909695416,8.611111413864862e-05,-0.011898615960551612,-0.007815318916517322,0.0,8.611111413864862e-05
2018-10-05,-0.005957266079094808,-0.005327441257153292,8.611111413864862e-05,-0.012226993335601177,8.611111413864862e-05,-0.00895604895425417,8.611111413864862e-05,-0.005354765987430787,-0.0055972679128913905,0.0,8.611111413864862e-05
2018-10-08,-0.005432660931398188,-0.002156147191533237,8.591269689892965e-05,-0.00610639285461112,8.591269689892965e-05,-0.002734449248433838,8.591269689892965e-05,-0.0024730321710753345,0.0,0.0,8.591269689892965e-05
2018-10-09,0.0026317119907581375,0.0007328659648740571,8.591269689892965e-05,0.0032394705558353998,8.591269689892965e-05,-0.0007041901632874139,8.591269689892965e-05,0.0011012704228464125,-0.0014589575782463227,0.0,8.591269689892965e-05
2018-10-10,-0.026211501000555214,-0.021342096879507798,8.670634693569607e-05,-0.04397931104086972,8.670634693569607e-05,-0.03478879613644196,8.670634693569607e-05,-0.027823819824417312,-0.031663297055152584,0.0,8.670634693569607e-05
2018-10-11,-0.014124434061686796,-0.012338508069664841,8.809523923056467e-05,-0.012403138144736703,8.809523923056467e-05,-0.01784260298000976,8.809523923056467e-05,-0.025835585970541114,-0.022026522649535862,-0.047088324869196674,8.809523923056467e-05
2018-10-12,0.00861260821799488,0.004900323074442908,8.78968219908457e-05,-0.002,8.78968219908457e-05,0.012841005041209332,8.78968219908457e-05,0.01246954049661192,-0.001,0.04547303602906583,8.78968219908457e-05
2018-10-15,-0.008038304496100495,-0.005819811774545405,8.801587044246613e-05,-0.014104177135736194,8.801587044246613e-05,-0.005707307931507939,8.801587044246613e-05,-0.0057195932860696075,-0.0066167870118454255,-0.007961162085671991,8.801587044246613e-05
2018-10-16,0.01914586758980262,0.016838892284905857,8.849206424894787e-05,0.029092334660974606,8.849206424894787e-05,0.02598401230479763,8.849206424894787e-05,0.021987971954772367,0.02186540970871409,0.03601487858861718,8.849206424894787e-05
2018-10-17,4.6219021343325435e-06,-0.00033005622242239264,8.96825393040975e-05,0.00039507170678221293,8.96825393040975e-05,-0.0012376946203132382,8.96825393040975e-05,-0.002357037788010413,0.00017849329941665992,-0.001,8.96825393040975e-05
2018-10-18,-0.011615161634877722,-0.011003413385325176,8.96825393040975e-05,-0.023182383357796876,8.96825393040975e-05,-0.018787338888155387,8.96825393040975e-05,-0.013357865461633645,-0.01444102655684154,0.0,8.96825393040975e-05
2018-10-19,0.0005654437368683643,3.4150468422764976e-05,8.948413152543324e-05,-0.0009240075580742024,8.948413152543324e-05,-0.0040158751907651835,8.948413152543324e-05,0.006731430644369152,-0.0005426690918870491,0.004120168225298816,8.948413152543324e-05
2018-10-22,0.001502647009482705,0.0005080770190225124,8.96825393040975e-05,0.005143861776970349,8.96825393040975e-05,-0.0004989109806674922,8.96825393040975e-05,-0.0034553119916141684,-0.004488898723098211,-0.001,8.96825393040975e-05
2018-10-23,-0.0052164788708995834,-0.002288891432491461,8.960317051599896e-05,-0.003680055218817535,8.960317051599896e-05,-0.005052044277257435,8.960317051599896e-05,-0.0025838951643886165,-0.0050907000023640014,0.0,8.960317051599896e-05
2018-10-24,-0.02244915186440656,-0.02081951093986878,9.087301435924712e-05,-0.045766661370317374,9.087301435924712e-05,-0.03803254763397179,9.087301435924712e-05,-0.012323376496742894,-0.001,-0.047903190643722726,9.087301435924712e-05
2018-10-25,0.0036945220401818674,0.002551463863318117,9.067460658058289e-05,-0.0043778453761664764,9.067460658058289e-05,0.016052742477749536,9.067460658058289e-05,0.0024113975322317687,0.0,0.019348096706708784,9.067460658058289e-05
2018-10-26,-0.004506487359752105,-0.004110255549868491,9.047618934086392e-05,0.004468741854574798,9.047618934086392e-05,-0.012946930565372845,9.047618934086392e-05,-0.018706123686820425,-0.0,-0.02888387643120005,9.047618934086392e-05
2018-10-29,-0.00017895564652217267,-0.00027620297349012447,9.019841277410113e-05,-9.88330464366527e-05,9.019841277410113e-05,-0.008739783226845654,9.019841277410113e-05,0.01115135998718847,-0.0,-0.0016995542144908615,9.019841277410113e-05
2018-10-30,0.002550168128366311,0.0011173838282662247,8.96825393040975e-05,-0.0021749999679379073,8.96825393040975e-05,-0.003508333301271241,8.96825393040975e-05,0.012750725012229125,0.0,0.017663289778892866,8.96825393040975e-05
2018-10-31,0.0012677326597913606,-0.000989427721420002,9.059523779248435e-05,-0.0024777419562438396,9.059523779248435e-05,-0.0024777419562438396,9.059523779248435e-05,-0.00832877342561808,0.0,0.016102059027135684,9.059523779248435e-05
2018-11-01,0.0018408539938410218,0.002565527282208523,9.03968300138201e-05,0.0008564652264626549,9.03968300138201e-05,0.006896384710202968,9.03968300138201e-05,0.004746488897107909,0.0,0.016258508191942633,9.03968300138201e-05
2018-11-02,-0.00873962359102177,-0.006404715389985827,9.00793643224807e-05,-0.017575589068517528,9.00793643224807e-05,-0.009023161428537244,9.00793643224807e-05,-0.006366197019806646,-0.0,-0.001,9.00793643224807e-05
2018-11-05,0.0017030605678180603,0.001013071556628171,9.019841277410113e-05,-0.002,9.019841277410113e-05,0.0012124799421622996,9.019841277410113e-05,0.013018850811522431,0.0,0.0,9.019841277410113e-05
2018-11-06,0.0002357594963726511,0.0012550446949540265,8.999999553438216e-05,0.0,8.999999553438216e-05,0.0042679277752217795,8.999999553438216e-05,0.005856055301220853,0.0,0.0,8.999999553438216e-05
2018-11-07,0.00583145421125845,0.00563778020800391,9.166666439601353e-05,0.0,9.166666439601353e-05,0.017592021132218395,9.166666439601353e-05,0.014385315232249285,0.02040871798690025,0.0,9.166666439601353e-05
2018-11-08,-0.0019778558478709338,-0.0026421375323769122,9.166666439601353e-05,-0.008379001953147334,9.166666439601353e-05,-0.003198364174766451,9.166666439601353e-05,0.000387304493496915,-0.001815393775380092,0.0,9.166666439601353e-05
2018-11-09,-0.0055956798805993566,-0.005911044214022013,9.138888782925076e-05,-0.016851749263200988,9.138888782925076e-05,-0.007570476164819576,9.138888782925076e-05,0.0014035966490510143,-0.009767953692645825,0.0,9.138888782925076e-05
2018-11-12,-0.004565380319763157,-0.003852204563909495,9.126983937763033e-05,0.0009947532985337144,9.126983937763033e-05,-0.01531640239837484,9.126983937763033e-05,-0.0043172016170681116,-0.018685000865034884,0.0,9.126983937763033e-05
2018-11-13,-0.0005276107523759916,-0.0004143066175257924,9.126983937763033e-05,0.0007968972807594898,9.126983937763033e-05,-0.0012038320092784451,9.126983937763033e-05,-0.0007440935371444968,-0.001,-0.006264189608143566,9.126983937763033e-05
2018-11-14,-0.0021784413673368356,-0.001050377752479883,9.107143159896609e-05,0.0020879717254556063,9.107143159896609e-05,-0.002374254373677942,9.107143159896609e-05,-0.006352035542016382,-0.0,-0.012212543777202378,9.107143159896609e-05
2018-11-15,0.00224142695961839,0.0010961414849645528,9.226190665411572e-05,0.0006950602829012276,9.226190665411572e-05,0.0055657065409941975,9.226190665411572e-05,-0.002206436115211069,0.0,0.00556357849897271,9.226190665411572e-05
2018-11-16,0.0028660146061458645,0.002043546008540217,9.166666439601353e-05,0.0030741655855912597,9.166666439601353e-05,0.001600975857314669,9.166666439601353e-05,0.010550665676164972,0.0,-0.001,9.166666439601353e-05
2018-11-19,-0.002165019740807545,-0.0023180151045717862,9.126983937763033e-05,0.0014835185576005383,9.126983937763033e-05,-0.016914697967305714,9.126983937763033e-05,-0.0018135274667379353,-0.0,0.0,9.126983937763033e-05
2018-11-20,-0.005561969522241968,-0.005621141404019939,9.126983937763033e-05,-0.00019758856165752459,9.126983937763033e-05,-0.018506177279527414,9.126983937763033e-05,-0.01081433654864522,-0.0,-0.03488093429219308,9.126983937763033e-05
2018-11-21,-0.0005454997741014581,-0.00047939450323214667,9.265873167249892e-05,-0.00019781017653486277,9.265873167249892e-05,-0.002197810176534863,9.265873167249892e-05,-0.007254975728790525,0.0,0.011902261049345775,9.265873167249892e-05
2018-11-23,2.5836594373565097e-05,0.00013533633976196455,9.325396446954637e-05,0.0005926349292142419,9.325396446954637e-05,0.0005926349292142419,9.325396446954637e-05,0.000465108320004598,-0.0,-0.0035707200475358913,9.325396446954637e-05
2018-11-26,0.003874344820643503,0.001570709771576907,9.317460514250255e-05,-0.0007893773226339551,9.317460514250255e-05,-0.0007893773226339551,9.317460514250255e-05,0.004754860669304306,0.0,0.0276138577405749,9.317460514250255e-05
2018-11-27,0.0019109114946751933,0.00043585787662756047,9.297618790278358e-05,-0.002,9.297618790278358e-05,0.0009878892701966624,9.297618790278358e-05,0.008074572250296563,0.0,-0.001,9.297618790278358e-05
2018-11-28,0.0048084986266054945,0.001009590199657284,9.33730129211668e-05,0.0,9.33730129211668e-05,-9.925705003299701e-05,9.33730129211668e-05,0.009941325279628543,0.0,0.0,9.33730129211668e-05
2018-11-29,7.192634574973063e-05,0.00046161571110105246,9.265873167249892e-05,0.0005664326412933036,9.265873167249892e-05,0.0025664326412933036,9.265873167249892e-05,0.0014380838499964133,-0.0031850642427929668,0.0,9.265873167249892e-05
2018-11-30,0.0034888080743955665,0.0020198117815561517,9.166666439601353e-05,0.001968880315464938,9.166666439601353e-05,0.001968880315464938,9.166666439601353e-05,0.01277467989441472,-0.001,0.0,9.166666439601353e-05
2018-12-03,0.0019915290941299813,0.0020945924379483487,9.158730506896972e-05,0.0021860809070641807,9.158730506896972e-05,0.0021860809070641807,9.158730506896972e-05,0.002722721749488677,0.012241627013685252,0.0,9.158730506896972e-05
2018-12-04,-0.01494849870718323,-0.016016705068303175,9.07936550322033e-05,-0.040356791842331985,9.07936550322033e-05,-0.014892848690539584,9.07936550322033e-05,-0.012928774376996272,-0.03240280405766771,0.0,9.07936550322033e-05
2018-12-06,0.0004730721987116827,0.0002037629383503112,9.384920672764854e-05,0.0005426857910268996,9.384920672764854e-05,0.0015426857910268996,9.384920672764854e-05,0.00645327995921352,-0.001,-0.015282807323365732,9.384920672764854e-05
2018-12-07,-0.006078445597392698,-0.0018317010927048965,9.33730129211668e-05,0.002926129602193406,9.33730129211668e-05,0.002926129602193406,9.33730129211668e-05,-0.012370359930757524,-0.0,-0.03590926339411771,9.33730129211668e-05
2018-12-10,0.0013779019870569147,0.0004766197581644473,9.285713945116316e-05,0.0005836261333158621,9.285713945116316e-05,0.0005836261333158621,9.285713945116316e-05,0.0004962597043734196,0.0,0.0032672952815826495,9.285713945116316e-05
2018-12-11,0.00041809322101942625,-0.00047625859655245725,9.246031443277995e-05,-0.0025271828627160264,9.246031443277995e-05,-0.0025271828627160264,9.246031443277995e-05,0.004285774379442997,0.0,0.0015197501679800052,9.246031443277995e-05
2018-12-12,-0.00015043536155190504,-0.001572248383052045,9.404761450631278e-05,-0.002728566799006349,9.404761450631278e-05,-0.004593240658438246,9.404761450631278e-05,-0.004484655501538343,0.0,0.0043355898180912344,9.404761450631278e-05
2018-12-13,0.0022574186611078466,0.0010615047136301266,9.424603174603175e-05,0.000586093027439949,9.424603174603175e-05,-0.00041390697256005107,9.424603174603175e-05,0.005687141878272461,-0.0,0.00755446709018881,9.424603174603175e-05
2018-12-14,-0.004696233826641576,-0.0014855438914003572,9.376983793955e-05,0.0015618491169251403,9.376983793955e-05,0.0015618491169251403,9.376983793955e-05,-0.013588397793483725,-0.0,-0.015638379123047885,9.376983793955e-05
2018-12-17,-0.008175515322339594,-0.003083855849967212,9.396825517926897e-05,0.0029255306948658966,9.396825517926897e-05,0.0029255306948658966,9.396825517926897e-05,-0.02815617314216426,-0.0,-0.029379809932608136,9.396825517926897e-05
2018-12-18,-0.001058221319578542,0.0004709946748485367,9.285713945116316e-05,0.0024655238316630967,9.285713945116316e-05,0.0024655238316630967,9.285713945116316e-05,-0.0043328751161109125,-0.0,-0.0022421183305447734,9.285713945116316e-05
2018-12-19,-0.0003829501777102245,0.0007341144009777628,9.238095510573614e-05,0.003498139189635152,9.238095510573614e-05,0.003498139189635152,9.238095510573614e-05,-0.008412337011454801,-0.0,0.002921372317196358,9.238095510573614e-05
2018-12-20,-0.00464575631552613,-0.0031370175737005113,9.277778012411935e-05,-0.001258741607869207,9.277778012411935e-05,-0.0034448514120460896,9.277778012411935e-05,-0.011146054050571896,-0.0,-0.024423036668188902,9.277778012411935e-05
2018-12-21,-0.002860300230615843,-0.0023799596497915765,9.265873167249892e-05,0.0008725622596603699,9.265873167249892e-05,-0.0018846763618992988,9.265873167249892e-05,-0.010593360877290792,-0.0,-0.025723535209725146,9.265873167249892e-05
2018-12-24,-0.009495001083395386,-0.0030256227605980303,9.246031443277995e-05,0.002519082866544231,9.246031443277995e-05,0.006146457009532202,9.246031443277995e-05,-0.03287280819645946,-0.0,-0.026402616224172504,9.246031443277995e-05
2018-12-26,0.007013431133263126,0.0007979518815850463,9.257936288440038e-05,-0.0047355764461852745,9.257936288440038e-05,-0.0061502573347334,9.257936288440038e-05,0.029242963004039446,0.0,-0.001,9.257936288440038e-05
2018-12-27,0.0023520694052972316,0.001110041185631215,9.444444898575071e-05,0.0025245302137364423,9.444444898575071e-05,0.004398021993874772,9.444444898575071e-05,0.007830200558905376,0.0,-0.01989018337390036,9.444444898575071e-05
2018-12-28,0.0017640915378653473,0.002265998088320432,9.317460514250255e-05,0.005423750393534155,9.317460514250255e-05,0.0047438809403590465,9.317460514250255e-05,0.001802282769611696,-0.0,-0.00024063349498892883,9.317460514250255e-05
2018-12-31,0.0035807101614161443,0.0028046936087611175,9.238095510573614e-05,0.0037568387785502644,9.238095510573614e-05,0.0023753980176385676,9.238095510573614e-05,0.005643715074922062,0.0,0.018295577871523916,9.238095510573614e-05
2019-01-02,-0.0010437619035088418,0.0002461234811275575,9.126983937763033e-05,0.002110812160864839,9.126983937763033e-05,0.0026792966831554743,9.126983937763033e-05,-0.015287424967727087,0.0,0.01631211474826011,9.126983937763033e-05
2019-01-03,-0.006194251262568054,0.0016524046015776615,9.384920672764854e-05,0.007948684085475444,9.384920672764854e-05,0.009464713366408972,9.384920672764854e-05,-0.005404949243301288,-0.0,-0.02488958985217804,9.384920672764854e-05
2019-01-04,0.005007252431691059,0.0006036372659614911,9.345238170926534e-05,-0.008075541169804579,9.345238170926534e-05,-0.009245669965989004,9.345238170926534e-05,0.019036172572258703,0.0,0.041507675440592084,9.345238170926534e-05
2019-01-07,0.001042642087079205,-0.00015938251034850923,9.357143016088577e-05,-0.0027779857328422697,9.357143016088577e-05,-0.0007559375797919393,9.357143016088577e-05,0.0010274711517038182,0.0,0.010306934597163586,9.357143016088577e-05
2019-01-08,0.0013510617305256376,0.0007164107543098871,9.33730129211668e-05,-0.0024969301235369112,9.33730129211668e-05,-0.0026109810908404585,9.33730129211668e-05,0.01169183831727244,0.0,0.01065520775787121,9.33730129211668e-05
2019-01-09,0.0020707581614529996,0.0006224769634820197,9.523809902251713e-05,0.0005775274538291075,9.523809902251713e-05,0.0018102913494720447,9.523809902251713e-05,-0.0037397236596423133,0.0,0.010991427627716988,9.523809902251713e-05
2019-01-10,0.0006424825061603452,0.00014058099254264777,9.484127400413391e-05,-0.0004814232977691235,9.484127400413391e-05,-0.004267358826098891,9.484127400413391e-05,0.009202172268484188,0.0,-0.001,9.484127400413391e-05
2019-01-11,0.0010786735834071152,0.0011394763707323677,9.424603174603175e-05,0.002985216181982997,9.424603174603175e-05,0.0016895269173435132,9.424603174603175e-05,0.001091133273176309,0.0,0.0,9.424603174603175e-05
2019-01-14,-0.002151007299748612,-0.0013483422260272392,9.404761450631278e-05,-0.0005763719831606284,9.404761450631278e-05,-0.0013054435271827956,9.404761450631278e-05,-0.010389981758742145,-0.0,0.0,9.404761450631278e-05
2019-01-15,0.0037200961090714203,0.0007608749817232325,9.365078948792958e-05,-0.0009603781454683435,9.365078948792958e-05,-0.002110849958840773,9.365078948792958e-05,0.012871605053328572,0.0,0.0,9.365078948792958e-05
2019-01-16,-0.0005460960061730307,9.398008322492273e-05,9.456348797631641e-05,-0.0005769932376994413,9.456348797631641e-05,0.0012075557706802131,9.456348797631641e-05,0.0002636189345544826,0.0,0.0,9.456348797631641e-05
2019-01-17,0.0011795557379433216,-1.553781539262477e-05,9.376983793955e-05,-0.0018274473469777064,9.376983793955e-05,-0.0009621247548655676,9.376983793955e-05,0.005551675372512832,0.0,0.0,9.376983793955e-05
2019-01-18,0.0010997378082921326,-0.0009151030626188518,9.345238170926534e-05,-0.003180886432098018,9.345238170926534e-05,-0.0057829347529545485,9.345238170926534e-05,0.007171867342933236,0.0,0.0,9.345238170926534e-05
2019-01-22,-0.00058702627618502,0.0011913197759555968,9.317460514250255e-05,0.0034812847456480167,9.317460514250255e-05,0.004603033519741784,9.317460514250255e-05,-0.003997381850889881,-0.0,0.0,9.317460514250255e-05
2019-01-23,0.0020368415834808107,0.00025214772837774157,9.305555669088212e-05,-0.00048197973219343826,9.305555669088212e-05,-0.0007656662717389442,9.305555669088212e-05,0.005951015323180264,0.0,-0.002757039721112408,9.305555669088212e-05
2019-01-24,-0.0002443395793974835,0.0008960591067010188,9.33730129211668e-05,0.0031810561084981703,9.33730129211668e-05,0.002726685976032872,9.33730129211668e-05,-0.0028855404602783352,0.0,-0.001,9.33730129211668e-05
2019-01-25,9.311427040080582e-05,-0.00029304264903996183,9.14682566173493e-05,-0.002306464913055084,9.14682566173493e-05,0.002507309715160962,9.14682566173493e-05,-0.0012225006145097361,0.0,0.0,9.14682566173493e-05
2019-01-28,-0.0006036478285725454,0.00019603501170246235,9.238095510573614e-05,0.000288863795312011,9.238095510573614e-05,0.0009309912052945328,9.238095510573614e-05,-0.00045853428329084567,-0.0,0.0,9.238095510573614e-05
2019-01-29,0.0012648803664590663,0.0018747853506281883,9.257936288440038e-05,0.002888690144328132,9.257936288440038e-05,0.004517079999353986,9.257936288440038e-05,0.0044496252170562745,-0.0,0.0,9.257936288440038e-05
2019-01-30,0.0033673956184623295,0.0018815716117754318,9.384920672764854e-05,0.0023042073371208893,9.384920672764854e-05,0.002429025171686009,9.384920672764854e-05,0.009106650095558222,0.0,0.0,9.384920672764854e-05
2019-01-31,0.004774496962347547,0.0034084810321824673,9.384920672764854e-05,0.004597467627569074,9.384920672764854e-05,0.004559583752701268,9.384920672764854e-05,0.015446755701985226,0.0,0.0,9.384920672764854e-05
2019-02-01,-0.0009951941582395172,-0.002283445051534567,9.285713945116316e-05,-0.005350342310433298,9.285713945116316e-05,-0.004464722723398521,9.285713945116316e-05,-0.0030632963573809235,0.0,0.0,9.285713945116316e-05
2019-02-04,0.0004474875261842139,-0.0007968181229100933,9.285713945116316e-05,-0.0022093628058590387,9.285713945116316e-05,-0.003670193802349009,9.285713945116316e-05,0.0027587307858538967,0.0,0.0,9.285713945116316e-05
2019-02-05,0.00022062252880305588,0.0013333388681350813,9.265873167249892e-05,0.0017326836440358928,9.265873167249892e-05,0.002960511912749671,9.265873167249892e-05,0.00186608851936082,0.003191576406453512,0.0,9.265873167249892e-05
2019-02-06,-0.00047555903259315844,-0.002483688600393043,9.384920672764854e-05,-0.004981823671683981,9.384920672764854e-05,-0.0071927444676232275,9.384920672764854e-05,-0.0009095479031208387,-0.0013182295227062157,0.0,9.384920672764854e-05
2019-02-07,-0.0011052963849965214,0.00039349007484879364,9.384920672764854e-05,0.001265362080423717,9.384920672764854e-05,0.003435107198433245,9.384920672764854e-05,0.0024634874563874143,-0.009532883504631329,0.0,9.384920672764854e-05
2019-02-08,0.0014780827502443212,0.000436559624043609,9.345238170926534e-05,0.001340039834506479,9.345238170926534e-05,-0.0008407951350985666,9.345238170926534e-05,0.00272296911626263,-0.001,0.0,9.345238170926534e-05
2019-02-11,-0.0007724687894301484,-0.000872260054860141,9.384920672764854e-05,-0.001529688058325429,9.384920672764854e-05,-0.004121170515460718,9.384920672764854e-05,0.000978365448538382,0.0,0.0,9.384920672764854e-05
2019-02-12,0.0017178739511435023,2.8978590180625487e-05,9.424603174603175e-05,-0.0013399449597928381,9.424603174603175e-05,-0.0005934549773182937,9.424603174603175e-05,0.004223531164091188,0.0,0.0,9.424603174603175e-05
2019-02-13,4.254474539373249e-05,-0.001004325081722911,9.436508019765218e-05,-0.002492902678069342,9.436508019765218e-05,-0.005176511113140546,9.436508019765218e-05,0.0019620745734381384,0.0022466819514327394,0.0,9.436508019765218e-05
2019-02-14,0.0010861221947829033,0.0015725495315403123,9.416666295793321e-05,0.004709910863440303,9.416666295793321e-05,0.004666861187765085,9.416666295793321e-05,-0.0016921507538923963,-0.002217952700754866,0.0,9.416666295793321e-05
2019-02-15,0.00281468342742225,0.00256893314433726,9.416666295793321e-05,0.0022049391122873647,9.416666295793321e-05,0.0021892923267101683,9.416666295793321e-05,0.008414033946650079,0.01089729276176743,0.0,9.416666295793321e-05
2019-02-19,0.0007781880128830647,0.001875367712209457,9.404761450631278e-05,0.0019773613893112607,9.404761450631278e-05,0.006496403930716413,9.404761450631278e-05,0.00246207710220106,0.0017305812045269597,0.0,9.404761450631278e-05
2019-02-20,-0.00475242211178826,-0.00022208710443070753,9.416666295793321e-05,-0.00017392664140136738,9.416666295793321e-05,-0.0015966374683361224,9.416666295793321e-05,-0.0012088439681627317,0.002015605433666634,0.0,9.416666295793321e-05
2019-02-21,-0.0015339138730022276,-0.0022311725932643053,9.456348797631641e-05,-0.003657738643925601,9.456348797631641e-05,-0.007736104033073824,9.456348797631641e-05,0.0007965990585611371,-0.003556204890269976,0.0,9.456348797631641e-05
2019-02-22,0.004142151602312634,0.003380234650827835,9.503968178279817e-05,0.0074004078432075016,9.503968178279817e-05,0.004176256049895391,9.503968178279817e-05,0.0040779799287301854,0.006200111907856298,0.0,9.503968178279817e-05
2019-02-25,0.0007684983237786808,0.0002961016600193622,9.496031299469963e-05,0.003643735597931075,9.496031299469963e-05,-0.0018421782405174667,9.496031299469963e-05,-0.004714754416431682,0.001361437820454725,0.0,9.496031299469963e-05
2019-02-26,0.00041018879813474907,3.995136845746872e-05,9.496031299469963e-05,0.0010370242934556462,9.496031299469963e-05,-0.0002678622807155504,9.496031299469963e-05,-0.0015632584179540165,-0.0007154883030264791,0.0,9.496031299469963e-05
2019-02-27,-0.000793437070567924,-0.001558589527870137,9.523809902251713e-05,-0.0006329168135290608,9.523809902251713e-05,-0.00798283814137146,9.523809902251713e-05,-0.0020164675698094714,-0.00042986971311365085,0.0,9.523809902251713e-05
2019-02-28,-3.847656586224046e-05,-0.0015815487910774255,9.496031299469963e-05,-0.0023044394442988114,9.496031299469963e-05,-0.007741204398509004,9.496031299469963e-05,0.0026455243870384393,-0.001862304142046578,0.0,9.496031299469963e-05
2019-03-01,0.0034357715817123994,0.0016076524529802625,9.456348797631641e-05,0.006928916965875054,9.456348797631641e-05,-0.006373502466328729,9.456348797631641e-05,0.0033242540394097797,0.00624386725236703,0.0,9.456348797631641e-05
2019-03-04,-0.0006595102275412904,-0.00034105738233398616,9.436508019765218e-05,0.00017191397219340487,9.436508019765218e-05,0.0006252575120726522,9.436508019765218e-05,-0.0023566340520336515,-0.0036377299740547597,0.0,9.436508019765218e-05
2019-03-05,0.0003861869684282366,0.0007124245735291745,9.424603174603175e-05,0.000745596837473439,9.424603174603175e-05,0.003921571825666066,9.424603174603175e-05,9.144922887088791e-05,-0.001359803905248591,0.0,9.424603174603175e-05
2019-03-06,-0.003402782195257481,-0.0024933206431693488,9.523809902251713e-05,-0.005672084293696367,9.523809902251713e-05,-0.0012331517181781715,9.523809902251713e-05,-0.004669946675871034,-0.006057127021516617,0.0,9.523809902251713e-05
2019-03-07,-0.005751291586895584,-0.004758988955171426,9.543650680118137e-05,-0.012272008348851782,9.543650680118137e-05,-0.00531762943491961,9.543650680118137e-05,-0.002969438719346157,-0.008365539273284095,0.0,9.543650680118137e-05
2019-03-08,-0.0001473093904746323,0.0005388849995698081,9.503968178279817e-05,-0.000565431582509433,9.503968178279817e-05,0.004864388267280305,9.503968178279817e-05,0.0006969563933988399,-0.001999985077522304,0.0,9.503968178279817e-05
2019-03-11,0.0037269701379002993,0.0016739041703709818,9.496031299469963e-05,-0.0007637912021583038,9.496031299469963e-05,-0.002869837227674717,9.496031299469963e-05,0.011768618753829285,0.014501381039407457,0.0,9.496031299469963e-05
2019-03-12,0.002196381818282146,0.002477481443983308,9.444444898575071e-05,0.003494387274189716,9.444444898575071e-05,0.005278873384977863,9.444444898575071e-05,0.004985290559138267,0.0037710682114000527,0.0,9.444444898575071e-05
2019-03-13,0.0038829583152154906,0.0029537197943332177,9.503968178279817e-05,0.007512885782409828,9.503968178279817e-05,0.0015757635639657153,9.503968178279817e-05,0.003117858727798351,0.006619467263688783,0.0,9.503968178279817e-05
2019-03-14,-0.0013214535991466871,-0.0015258509246230227,9.476190521603539e-05,-0.0016946882355683979,9.476190521603539e-05,-0.006733150486623485,9.476190521603539e-05,-0.0007499079992687452,-0.0006401748267431673,0.0,9.476190521603539e-05
2019-03-15,0.006867724875681997,0.00363303998052636,9.476190521603539e-05,0.00928088550411954,9.476190521603539e-05,0.004779728500197736,9.476190521603539e-05,0.00194526852581739,0.004940464769198183,0.0,9.476190521603539e-05
2019-03-18,0.000933283218778609,0.000608304928020651,9.476190521603539e-05,0.0023814316324874962,9.476190521603539e-05,-0.00044607452024110944,9.476190521603539e-05,-0.002228980608649095,0.003626115194728552,0.0,9.476190521603539e-05
2019-03-19,0.0016903954921061407,0.00051113208744073,9.464285676441495e-05,0.0033620927642656895,9.464285676441495e-05,-4.095661878840884e-05,9.464285676441495e-05,-0.003725938012198254,0.00024783015951945764,0.0,9.464285676441495e-05
2019-03-20,0.00020543019130336767,0.0019978877789238424,9.543650680118137e-05,0.003965322138164806,9.543650680118137e-05,0.007968366520686516,9.543650680118137e-05,6.0126842489516275e-05,-0.0030096971023956254,0.0,9.543650680118137e-05
2019-03-21,0.009722246131268805,0.0063038078426056075,9.55555552528018e-05,0.01563216642709553,9.55555552528018e-05,-0.0007663772819873627,9.55555552528018e-05,0.01632588072693325,0.01129438933305793,0.0,9.55555552528018e-05
2019-03-22,-0.009891974257380748,-0.006198402851968819,9.55555552528018e-05,-0.021964181050682985,9.55555552528018e-05,0.008422859722973925,9.55555552528018e-05,-0.005583590855637394,-0.01924644023516775,0.0,9.55555552528018e-05
2019-03-25,-0.0002717132822886031,7.188916509665087e-05,9.51587302344186e-05,-0.0019039020019454567,9.51587302344186e-05,0.00393464040853031,9.51587302344186e-05,-0.00016876583406935652,-0.0007517519948770923,0.0,9.51587302344186e-05
2019-03-26,0.0038037981874342714,0.0021105379677404095,9.484127400413391e-05,0.004656787286286157,9.484127400413391e-05,-0.0021755741732063885,9.484127400413391e-05,0.006827725872425083,0.007454416944746356,0.0,9.484127400413391e-05
2019-03-27,-0.003514081308804109,-0.0021081060462557035,9.543650680118137e-05,-0.0064225893060361194,9.543650680118137e-05,0.0022945454433746697,9.543650680118137e-05,-0.0048544963911353045,-0.005229436824663036,0.0,9.543650680118137e-05
2019-03-28,0.0017816499549432089,0.0004994121303217285,9.436508019765218e-05,0.00230475574445288,9.436508019765218e-05,-0.00352368487341829,9.436508019765218e-05,0.0013681386195120442,0.0037905788294108067,0.0,9.436508019765218e-05
2019-03-29,0.003891426882248828,0.0027375828177410317,9.404761450631278e-05,0.007571028035793015,9.404761450631278e-05,-0.0005457802213794476,9.404761450631278e-05,0.004232194549294688,0.006305438831408994,0.0,9.404761450631278e-05
2019-04-01,0.005196111359881114,0.0029225296605778755,9.238095510573614e-05,0.01324704741713778,9.238095510573614e-05,-0.008337868819608518,9.238095510573614e-05,-0.0005800329263146164,0.011859034819424075,0.0,9.238095510573614e-05
2019-04-02,0.001228170891591062,0.0009707522029697353,9.218253786601717e-05,0.0037906273991867856,9.218253786601717e-05,-0.0005524035551312342,9.218253786601717e-05,0.0003924149937243604,0.0004900674968510987,0.0,9.218253786601717e-05
2019-04-03,0.001697274212044653,0.001287398490264204,9.404761450631278e-05,0.005746179205495583,9.404761450631278e-05,-0.0017485246738294649,9.404761450631278e-05,-0.0003545780615302192,0.0015736629520426426,0.0,9.404761450631278e-05
2019-04-04,-0.0017012308679805748,0.0005391075985479994,9.416666295793321e-05,-0.00038101739203200147,9.416666295793321e-05,0.0038481763758395626,9.416666295793321e-05,-0.001724589860160608,0.0026532041431306386,0.0,9.416666295793321e-05
2019-04-05,0.0025784862905638417,0.0027278303633898066,9.404761450631278e-05,0.005171033796476987,9.404761450631278e-05,0.0026479297444907584,9.404761450631278e-05,0.006443041205545785,0.004840171431037543,0.0,9.404761450631278e-05
2019-04-08,0.0012358696983328105,0.00045928490740731077,9.404761450631278e-05,0.0025453647665789614,9.404761450631278e-05,-0.001000707079718961,9.404761450631278e-05,-0.001146999453147779,0.0007624566442752112,0.0,9.404761450631278e-05
2019-04-09,-0.001381749197685482,-0.0017084802633351962,9.384920672764854e-05,-0.0035111102638710756,9.384920672764854e-05,-0.0007941343248472807,9.384920672764854e-05,-0.0035773243565896395,-0.005124681402238096,0.0,9.384920672764854e-05
2019-04-10,0.00288629906602021,0.0026708505413861466,9.384920672764854e-05,0.0053666333866955185,9.384920672764854e-05,0.004175121232293799,9.384920672764854e-05,0.004166052112976271,0.0034109040851211248,0.0,9.384920672764854e-05
2019-04-11,-0.0011586916696521893,-0.0015386622558821535,9.376983793955e-05,-0.0023722948881449435,9.376983793955e-05,-0.006973257001409234,9.376983793955e-05,0.0009074975212250147,-0.0002776657744985034,0.0,9.376983793955e-05
2019-04-12,0.0031047488423506337,0.0019766640933335552,9.384920672764854e-05,0.004323316106177755,9.384920672764854e-05,-0.0014965547401663373,9.384920672764854e-05,0.005823842076656982,0.006765774372825106,0.0,9.384920672764854e-05
2019-04-15,0.00028294410162791055,-0.0003160513368799494,9.424603174603175e-05,0.0001617250720178376,9.424603174603175e-05,-0.0014985508053274583,9.424603174603175e-05,-0.0011320376610493565,-0.0006550157106375298,0.0,9.424603174603175e-05
2019-04-16,0.0012473751189135281,0.0008831566193353418,9.365078948792958e-05,0.003443619959420552,9.365078948792958e-05,0.0015534368061097164,9.365078948792958e-05,-0.002903587758274206,0.0006554450374345322,0.0,9.365078948792958e-05
2019-04-17,0.0017378701400959692,0.0008323786841393044,9.436508019765218e-05,0.003485145768107545,9.436508019765218e-05,0.002272745724106147,9.436508019765218e-05,-0.002269735649762017,-0.00244686270122052,0.0,9.436508019765218e-05
2019-04-18,0.0005062852482053454,0.0010825031055390162,9.444444898575071e-05,0.0012821149486956784,9.444444898575071e-05,0.0019481097829679623,9.444444898575071e-05,0.0029136753256330805,0.0019692789658163345,0.0,9.444444898575071e-05
2019-04-22,0.0010627689338480123,0.00022962940100959306,9.384920672764854e-05,0.0028284431742919836,9.384920672764854e-05,-0.001606012359795368,9.384920672764854e-05,-0.0033173614344775833,0.000862074835562332,0.0,9.384920672764854e-05
2019-04-23,0.004751247627959926,0.005533153361383927,9.424603174603175e-05,0.01271797085549986,9.424603174603175e-05,0.004976745515993401,9.424603174603175e-05,0.009021477479137119,0.008991614825050398,0.0,9.424603174603175e-05
2019-04-24,-0.0007723729325361185,-0.002165157876398201,9.484127400413391e-05,-0.0031526537394885867,9.484127400413391e-05,-0.006964821237060695,9.484127400413391e-05,-0.001966473367795124,-0.002219297776517082,0.0,9.484127400413391e-05
2019-04-25,0.0016836868158680274,0.00014419852100225908,9.424603174603175e-05,0.004059088517372134,9.424603174603175e-05,0.000690633941417662,9.424603174603175e-05,-0.00958589586534081,-0.0006161209778240417,0.0,9.424603174603175e-05
2019-04-26,0.0010036809173580292,0.0015149974753011885,9.384920672764854e-05,0.0008922531584529825,9.384920672764854e-05,0.003146068346161416,9.384920672764854e-05,0.004402842058329498,0.0046565164765906,0.0,9.384920672764854e-05
2019-04-29,0.0007832344518680801,8.421274436614571e-05,9.365078948792958e-05,0.001940886877755288,9.365078948792958e-05,-0.0014629173074173583,9.365078948792958e-05,-0.003296073934220905,0.0015679934383792116,0.0,9.365078948792958e-05
2019-04-30,-0.0030253741843252256,-0.0023647416863611086,9.365078948792958e-05,-0.0077480069459701095,9.365078948792958e-05,-0.0011789833877221545,9.365078948792958e-05,-0.0031962451323813697,0.00051060753259069,0.0,9.365078948792958e-05
2019-05-01,-0.0034172454999897815,-0.0024413266069170927,9.396825517926897e-05,-0.003218454370167545,9.396825517926897e-05,-0.0028699970342393275,9.396825517926897e-05,-0.00673000421074918,-0.00751670294796869,0.0,9.396825517926897e-05
2019-05-02,-0.0027404538058695823,-0.0017758595673371626,9.376983793955e-05,-0.00434014886620171,9.376983793955e-05,-0.0029361983764843993,9.376983793955e-05,-0.001189382278542983,-0.0021590608505350772,0.0,9.376983793955e-05
2019-05-03,0.00683821597074783,0.00712892725995688,9.416666295793321e-05,0.01594830206118747,9.416666295793321e-05,0.010228725935488736,9.416666295793321e-05,0.00842846490064092,0.009787895984150419,0.0,9.416666295793321e-05
2019-05-06,-0.003507631133310814,-0.003591918755933969,9.396825517926897e-05,-0.006121904997459793,9.396825517926897e-05,-0.007983832171151468,9.396825517926897e-05,-0.005857777547951443,-0.004115061453792257,0.0,9.396825517926897e-05
2019-05-07,-0.010623128172817402,-0.009463350370568295,9.376983793955e-05,-0.019480235051492656,9.376983793955e-05,-0.010481621442362827,9.376983793955e-05,-0.017990407565785377,-0.016699771094566995,0.0,9.376983793955e-05
2019-05-08,-0.0010304837643725765,-0.0011789473323829808,9.396825517926897e-05,-0.002523513190631821,9.396825517926897e-05,-0.0027526767447281957,9.396825517926897e-05,-0.0006154101968555148,-0.0013888824835134317,0.0,9.396825517926897e-05
2019-05-09,-0.0025088507133459296,-0.002660568684795662,9.404761450631278e-05,-0.005383091506968252,9.404761450631278e-05,-0.005695343188342823,9.404761450631278e-05,-0.0026408888052587287,-0.003026278986544728,0.0,9.404761450631278e-05
2019-05-10,0.001486253153379658,0.0010536744062054088,9.404761450631278e-05,0.0012448733455452388,9.404761450631278e-05,-0.0009250638576792456,9.404761450631278e-05,0.004738746653849157,0.00502367344495358,0.0,9.404761450631278e-05
2019-05-13,-0.018751269092266352,-0.01568816327238524,9.404761450631278e-05,-0.03470254230038883,9.404761450631278e-05,-0.01799222986456302,9.404761450631278e-05,-0.02459493724020209,-0.025130199577305667,0.0,9.404761450631278e-05
2019-05-14,0.0071782809062041625,0.00472398632140327,9.325396446954637e-05,0.010975292201718556,9.325396446954637e-05,-0.003197425909038782,9.325396446954637e-05,0.0052859481474203385,0.009043987088781735,0.02445151544952362,9.325396446954637e-05
2019-05-15,0.007305956387746189,0.0055876139155490315,9.33730129211668e-05,0.014124121631751585,9.33730129211668e-05,0.007152290948728342,9.33730129211668e-05,0.005640928577845233,0.005857343710906404,-0.001,9.33730129211668e-05
2019-05-16,0.005212783229632212,0.004710232888557616,9.325396446954637e-05,0.010049846281641406,9.325396446954637e-05,0.004660425124376995,9.325396446954637e-05,0.0077383384192780125,0.009260882254804148,0.0,9.325396446954637e-05
2019-05-17,-0.005662064665623503,-0.004340224142588049,9.277778012411935e-05,-0.010220043304902338,9.277778012411935e-05,-0.004819270210025224,9.277778012411935e-05,-0.006075935252068204,-0.006465093842562664,0.0,9.277778012411935e-05
2019-05-20,-0.009611574410190808,-0.007391178831207388,9.246031443277995e-05,-0.016881486470452733,9.246031443277995e-05,-0.008518885073365252,9.246031443277995e-05,-0.014271473745053914,-0.006611689070329052,0.0,9.246031443277995e-05
2019-05-21,0.005242949208582313,0.005175392285815668,9.206348941439675e-05,0.010447234976442621,9.206348941439675e-05,0.005957250101644976,9.206348941439675e-05,0.009639193453790329,0.009015413960260732,0.0,9.206348941439675e-05
2019-05-22,-0.0019812853806724616,-0.0016990059613436368,9.246031443277995e-05,-0.004454642834214817,9.246031443277995e-05,-0.0005968956409045194,9.246031443277995e-05,-0.0029548783519565136,-0.0030716356486567564,0.0,9.246031443277995e-05
2019-05-23,-0.009266933947009894,-0.006500297272514592,9.206348941439675e-05,-0.015302195940939067,9.206348941439675e-05,-0.005424280585588673,9.206348941439675e-05,-0.009746494185208121,-0.012218365533071873,0.0,9.206348941439675e-05
2019-05-24,0.000258382414332903,-7.435096206341276e-05,9.138888782925076e-05,-0.000504731929024671,9.138888782925076e-05,-0.0006409125711631282,9.138888782925076e-05,-0.0005185482606941401,0.0022682979118950897,0.0,9.138888782925076e-05
2019-05-28,-0.0014333416750548968,-0.0018475735781112684,9.07936550322033e-05,-0.0037606907473849427,9.07936550322033e-05,0.0026055372234714174,9.07936550322033e-05,-0.006302188696321681,-0.00930027390718724,0.0,9.07936550322033e-05
2019-05-29,-0.004355946597662169,-0.003819429350736429,9.119048005058652e-05,-0.008225901210731301,9.119048005058652e-05,-0.0018554643374373292,9.119048005058652e-05,-0.0101095303868724,-0.006710910196896069,0.0,9.119048005058652e-05
2019-05-30,0.002604841006453722,0.002462215502862868,9.119048005058652e-05,0.0042038978926624004,9.119048005058652e-05,0.005666952559766347,9.119048005058652e-05,0.0032671531801140297,0.002731278956059624,0.0,9.119048005058652e-05
2019-05-31,-0.008852364425149934,-0.005881690208864207,9.166666439601353e-05,-0.015953123133979785,9.166666439601353e-05,0.00040691024943247665,9.166666439601353e-05,-0.009735558757034024,-0.013475756706792463,0.0,9.166666439601353e-05
2019-06-03,-0.01279505732754347,-0.00569071202685695,9.099206281086755e-05,-0.022017911177787397,9.099206281086755e-05,0.0079778921253304,9.099206281086755e-05,-0.013374904716231928,-0.001,0.0,9.099206281086755e-05
2019-06-04,0.006242226991367193,0.00025522784952429793,9.047618934086392e-05,-0.005662239496126873,9.047618934086392e-05,-0.0018720677557729393,9.047618934086392e-05,0.019221931253861763,0.0,0.0,9.047618934086392e-05
2019-06-05,0.006186794523761002,0.0031972662540033347,9.107143159896609e-05,0.005431887300221707,9.107143159896609e-05,-0.00017673192640943437,9.107143159896609e-05,0.012615570450801306,0.007661986100793717,0.0,9.107143159896609e-05
2019-06-06,0.004349172776993382,0.0037107263273399673,9.067460658058289e-05,0.007945364630014051,9.067460658058289e-05,0.005224780175759299,9.067460658058289e-05,0.004234963649308587,0.006502700418706819,0.0,9.067460658058289e-05
2019-06-07,0.010511684510727008,0.008213889805520383,8.948413152543324e-05,0.0193116809461078,8.948413152543324e-05,0.012656849748500527,8.948413152543324e-05,0.007078227630648304,0.010007160012103444,0.0,8.948413152543324e-05
2019-06-10,0.004876443283835171,0.0040422569523609585,8.78968219908457e-05,0.01165521191799579,8.78968219908457e-05,0.002277209039923159,8.78968219908457e-05,0.004141476907098318,0.004588779453555736,0.0,8.78968219908457e-05
2019-06-11,0.000583468081784333,0.0002796136320222077,8.809523923056467e-05,0.0013647844969268963,8.809523923056467e-05,0.0005784346079539631,8.809523923056467e-05,-0.0015881847252313393,-0.0002421355150588056,0.0,8.809523923056467e-05
2019-06-12,-0.002486292558912889,-0.002446022023274579,8.781746266380189e-05,-0.00577960747115569,8.781746266380189e-05,-0.0056537721277425766,8.781746266380189e-05,-0.0004920143097841829,-0.0017652477428211633,0.0,8.781746266380189e-05
2019-06-13,0.0023819739014134503,0.0032073680357644764,8.591269689892965e-05,0.0059230274419066475,8.591269689892965e-05,0.0062041812811316115,8.591269689892965e-05,0.004585859134355774,0.004126352575871239,0.0,8.591269689892965e-05
2019-06-14,-0.0013053618735326196,-0.0019797051051526284,8.4920639083499e-05,-0.004252263841644677,8.4920639083499e-05,-0.0047039271367187805,8.4920639083499e-05,-0.001557823464044955,-0.0011048924737504517,0.0,8.4920639083499e-05
2019-06-17,0.003310248226162454,0.002442473081501186,8.432539682539683e-05,0.006022675855918536,8.432539682539683e-05,0.004433760752985997,8.432539682539683e-05,0.002158191644474561,0.00038020114877257427,0.0,8.432539682539683e-05
2019-06-18,0.006263910447996251,0.006936388386726816,8.484127029540047e-05,0.014531001573244495,8.484127029540047e-05,0.012209394591412199,8.484127029540047e-05,0.006593500998808122,0.010470737226360605,0.0,8.484127029540047e-05
2019-06-19,0.001918729519803969,0.0018465559200539496,8.603174535055008e-05,0.003755647262988937,8.603174535055008e-05,0.0031947809739008752,8.603174535055008e-05,0.0023115222101023907,0.0022575255996322152,0.0,8.603174535055008e-05
2019-06-20,0.006648042908814595,0.005355428457440905,8.432539682539683e-05,0.00929898324641698,8.432539682539683e-05,0.007858707031537312,8.432539682539683e-05,0.011079148232014224,0.009554080185818492,0.0,8.432539682539683e-05
2019-06-21,-0.0015063834251166051,-0.0016778070911311277,8.246032018510122e-05,-0.0014827306901914472,8.246032018510122e-05,-0.003854980166937231,8.246032018510122e-05,-0.006466727589614946,-0.0014533898485512564,0.0,8.246032018510122e-05
2019-06-24,0.000530216386308914,-0.0009846560903211728,8.154762169671437e-05,3.2095203689408436e-05,8.154762169671437e-05,-0.004446317881255231,8.154762169671437e-05,-0.002604031649447419,-0.0012244269488257409,0.0,8.154762169671437e-05
2019-06-25,-0.010032524279821407,-0.007881496191902898,8.16666701483348e-05,-0.017166487551821707,8.16666701483348e-05,-0.011030016848099677,8.16666701483348e-05,-0.012263133675409682,-0.009808001026530122,0.0,8.16666701483348e-05
2019-06-26,0.002581073791518876,0.0011854656391451003,8.265872796376547e-05,0.004650414198246855,8.265872796376547e-05,0.0009604047831150991,8.265872796376547e-05,-0.0007325579306782237,-0.0009974256187237351,0.0,8.265872796376547e-05
2019-06-27,0.001966386122915604,0.002905117320939099,8.305555298214868e-05,0.0038218728034351557,8.305555298214868e-05,0.00804473086220973,8.305555298214868e-05,0.004500156701835678,0.0035457435446144547,0.0,8.305555298214868e-05
2019-06-28,0.00179227663568095,0.0020792300482523063,8.2738096751864e-05,0.0012866498713008934,8.2738096751864e-05,0.00620157103627202,8.2738096751864e-05,0.004144978626769907,0.005145922411532444,0.0,8.2738096751864e-05
2019-07-01,0.006440914045700873,0.0059948034302482614,8.075397165994795e-05,0.013494596700511119,8.075397165994795e-05,0.00881050084408604,8.075397165994795e-05,0.0059246035266542485,0.009078316467368897,0.0,8.075397165994795e-05
2019-07-02,0.0023187402769669855,0.002136178231838826,8.194444671509758e-05,0.003963030572996518,8.194444671509758e-05,0.002481513994600541,8.194444671509758e-05,0.005512333757034998,0.002604375580182783,0.0,8.194444671509758e-05
2019-07-03,0.004707137127674856,0.004492904752388844,8.523809531378367e-05,0.007525888243825829,8.523809531378367e-05,0.0068832345131449495,8.523809531378367e-05,0.00951608627484013,0.007995153413328682,0.0,8.523809531378367e-05
2019-07-05,-0.0013117689903987683,-0.0017042148246964753,8.53174641018822e-05,-0.002037145529312001,8.53174641018822e-05,-0.005479249395788624,8.53174641018822e-05,-0.003154303083335391,-0.0011378520066633868,0.0,8.53174641018822e-05
2019-07-08,-0.003213143442689975,-0.002728617795412165,8.583333757188585e-05,-0.0070139591130385925,8.583333757188585e-05,-0.003716465527049628,8.583333757188585e-05,-0.0003344440300941942,-0.005494794930620217,0.0,8.583333757188585e-05
2019-07-09,0.002872381694514645,0.0018972851684411376,8.64285703689333e-05,0.005007695521899169,8.64285703689333e-05,0.001959137012623402,8.64285703689333e-05,0.0022991617866441887,0.0012464702938468353,0.0,8.64285703689333e-05
2019-07-10,0.005219448435813132,0.0038232385234964602,8.710317195407928e-05,0.009965152636266739,8.710317195407928e-05,0.003078625104859567,8.710317195407928e-05,0.004834907582946302,0.004778097460281794,0.0,8.710317195407928e-05
2019-07-11,0.00019744408995764205,-0.0007325523685779314,8.452381406511579e-05,-0.0007269257948191443,8.452381406511579e-05,-0.00391090718488137,8.452381406511579e-05,-0.001674711112592514,0.002344213727295319,0.0,8.452381406511579e-05
2019-07-12,0.0031708733678248906,0.0025822587573703375,8.325397022186763e-05,0.005768876453201344,8.325397022186763e-05,0.0037996341010798997,8.325397022186763e-05,0.0020728092485432503,0.004476747516421131,0.0,8.325397022186763e-05
2019-07-15,0.0015363358744521411,0.001225577347638969,8.293650453052823e-05,0.0032033533283573057,8.293650453052823e-05,0.0005120915537367346,8.293650453052823e-05,0.0029600181855274355,0.00033292133285289793,0.0,8.293650453052823e-05
2019-07-16,-0.003319787923011518,-0.00251739097780812,8.2738096751864e-05,-0.0051507066515770195,8.2738096751864e-05,-0.004451293621595945,8.2738096751864e-05,-0.0034700849581476285,-0.0032253554307208887,0.0,8.2738096751864e-05
2019-07-17,-0.002931500423144603,-0.0024745781917007415,8.345237800053189e-05,-0.004918509220585898,8.345237800053189e-05,-0.0003086181235159762,8.345237800053189e-05,-0.007153952629674526,-0.006805132372127876,0.0,8.345237800053189e-05
2019-07-18,0.0017532915259549629,0.0016979234098145498,8.226190294538226e-05,0.0011447831991686641,8.226190294538226e-05,0.005641300868078976,8.226190294538226e-05,0.002642097449352843,0.0036611682189067185,0.0,8.226190294538226e-05
2019-07-19,-0.004080888360637808,-0.004446414510762759,7.9880952835083e-05,-0.007327707739628431,7.9880952835083e-05,-0.009203330085765127,7.9880952835083e-05,-0.008433326440648481,-0.005554889714632472,0.0,7.9880952835083e-05
2019-07-22,0.00521472124359856,0.0028179333417314265,7.9880952835083e-05,0.007957798650184866,7.9880952835083e-05,0.003437572793660786,7.9880952835083e-05,0.0010265032629651616,0.0024564816555756597,0.0,7.9880952835083e-05
2019-07-23,0.0029264058553006567,0.002940572153086091,8.035714664156475e-05,0.0065442604065459875,8.035714664156475e-05,0.002745662353930663,8.035714664156475e-05,0.0033028692231898693,0.007150062711766658,0.0,8.035714664156475e-05
2019-07-24,0.004231386612394222,0.0031235443248521367,8.067460287184941e-05,0.007017813025392394,8.067460287184941e-05,0.005353667783399777,8.067460287184941e-05,0.0018736369303321287,0.004699439493700108,0.0,8.067460287184941e-05
2019-07-25,-0.004769236839372618,-0.0040933691258249645,8.09523794386122e-05,-0.009479747567071595,8.09523794386122e-05,-0.006345830159772488,8.09523794386122e-05,-0.0043956317727744665,-0.0047773874150839335,0.0,8.09523794386122e-05
2019-07-26,0.003704562510773131,0.004549381497021051,8.174602947537861e-05,0.010294780961826566,8.174602947537861e-05,0.006452977760840195,8.174602947537861e-05,0.004786751214115759,0.006699960152630746,0.0,8.174602947537861e-05
2019-07-29,-0.00145560612476518,-0.0013906768672099837,8.186507792699906e-05,-0.0034306761584651513,8.186507792699906e-05,-0.0016492428728810031,8.186507792699906e-05,-0.0017565054754969112,-0.0018210266591750512,0.0,8.186507792699906e-05
2019-07-30,-0.0018474078602888275,-0.0019491330216668832,8.13492044569954e-05,-0.004315961418741798,8.13492044569954e-05,-0.0014457854974104416,8.13492044569954e-05,-0.004956289931742158,-0.0024544578752556667,0.0,8.13492044569954e-05
2019-07-31,-0.008056099438214724,-0.006510065284733961,8.09523794386122e-05,-0.013830290820099234,8.09523794386122e-05,-0.005576685322308298,8.09523794386122e-05,-0.014217730555474928,-0.010940349988439513,0.0,8.09523794386122e-05
2019-08-01,-0.0024529471347127345,-0.0022336061775253334,8.055555442022898e-05,-0.004971021413162524,8.055555442022898e-05,0.002060564218466565,8.055555442022898e-05,-0.00673027132568027,-0.00870785172830979,0.0,8.055555442022898e-05
2019-08-02,-0.007498976822165354,-0.0057220612335913525,8.055555442022898e-05,-0.014725457103638706,8.055555442022898e-05,-0.004337970920230619,8.055555442022898e-05,-0.00851443231406196,-0.007529848579032827,0.0,8.055555442022898e-05
2019-08-05,-0.021428032075402476,-0.014540555462203956,7.936507936507937e-05,-0.03533503841885455,7.936507936507937e-05,-0.0020215848439936912,7.936507936507937e-05,-0.03173871455301655,-0.030073071018443476,0.0,7.936507936507937e-05
2019-08-06,0.010104990743914324,0.007687633439015063,7.74999979942564e-05,0.01399897943026529,7.74999979942564e-05,0.005242111376528857,7.74999979942564e-05,0.011634307908902908,0.014023244112848943,0.02322420552534632,7.74999979942564e-05
2019-08-07,0.004363785189936715,0.0029316226515697513,7.916666685588776e-05,0.005402092080403653,7.916666685588776e-05,0.005182461363473223,7.916666685588776e-05,0.007434725759984606,0.0005906707226763785,-0.0001954323995899676,7.916666685588776e-05
2019-08-08,0.012561543619863318,0.00884032519328421,7.809524025235857e-05,0.021763893292072733,7.809524025235857e-05,0.002421927320733689,7.809524025235857e-05,0.015891861840094557,0.01961994180086002,-0.001,7.809524025235857e-05
2019-08-09,-0.004720534812395307,-0.0040709744246596015,7.817460430992973e-05,-0.00940164639473784,7.817460430992973e-05,-0.005571079680800727,7.817460430992973e-05,-0.003994453453207786,-0.006811496999133082,0.0,7.817460430992973e-05
2019-08-12,-0.0060745681636926036,-0.0033684923923924612,7.738095427316332e-05,-0.011475379582077783,7.738095427316332e-05,0.006357704610872298,7.738095427316332e-05,-0.0056542969251972,-0.012173630748305575,0.0,7.738095427316332e-05
2019-08-13,0.013114330152934037,0.008559567993862505,7.650793544829838e-05,0.02191475139150123,7.650793544829838e-05,-0.004977036466056813,7.650793544829838e-05,0.009398859400383042,0.015551950263118064,0.033925766542057256,7.650793544829838e-05
2019-08-14,-0.016124789727907915,-0.012330243582303745,7.757936678235493e-05,-0.029884731409136944,7.757936678235493e-05,-0.0008380037311095731,7.757936678235493e-05,-0.024910139258219083,-0.02956746051647241,-0.001,7.757936678235493e-05
2019-08-15,0.0025801927674329646,0.0027701534226388406,7.571428541153197e-05,-0.0011489012857702763,7.571428541153197e-05,0.007378550212287689,7.571428541153197e-05,0.009530433475842898,0.002641838753190573,0.015496156308118514,7.571428541153197e-05
2019-08-16,0.01016114431510563,0.006668800782806617,7.313492279204111e-05,0.016050399623423806,7.313492279204111e-05,-0.005682182381397616,7.313492279204111e-05,0.010634393692712685,0.014754839705745981,0.02629414074101355,7.313492279204111e-05
2019-08-19,0.00809262263544734,0.004329987278288993,7.234126802474734e-05,0.015904750180808058,7.234126802474734e-05,-0.010250795421400541,7.234126802474734e-05,0.010143419060391456,0.01204754970866495,-0.001,7.234126802474734e-05
2019-08-20,-0.0036909962547350297,-0.001983305266928525,7.353174781042433e-05,-0.007748642116742865,7.353174781042433e-05,0.0075207935199229255,7.353174781042433e-05,-0.006234882427267746,-0.0076623112139048155,0.0,7.353174781042433e-05
2019-08-21,0.005314337417230618,0.002860776946303125,7.539682445071991e-05,0.008878580654266166,7.539682445071991e-05,-0.004157134728062524,7.539682445071991e-05,0.006300582522797804,0.008135196956262636,0.0,7.539682445071991e-05
2019-08-22,-0.001203200175575915,-0.0011563627629076177,7.650793544829838e-05,-0.003233519944938923,7.650793544829838e-05,-0.0037959505082578353,7.650793544829838e-05,0.0021962441093892615,-0.00030772920525112823,0.0,7.650793544829838e-05
2019-08-23,-0.015973509198207548,-0.009497994921635597,7.690476046668159e-05,-0.0316456178922887,7.690476046668159e-05,0.014249905074223523,7.690476046668159e-05,-0.018225137322735285,-0.02568742032766791,0.0,7.690476046668159e-05
2019-08-26,0.008061962607682577,0.005565446305193895,7.579364946910313e-05,0.015103983298192292,7.579364946910313e-05,-0.001623419874002385,7.579364946910313e-05,0.011789355333590434,0.011058599897462384,0.0,7.579364946910313e-05
2019-08-27,-0.00029630513134740665,0.0005196228586995084,7.670634795748999e-05,-0.0021102857506916095,7.670634795748999e-05,0.009763441085504457,7.670634795748999e-05,-0.0014800059338599125,-0.0039233444820460095,0.0,7.670634795748999e-05
2019-08-28,0.0026404195914607425,0.002134114449087293,7.710317297587319e-05,0.0035786921337284117,7.710317297587319e-05,-0.00039319567685325296,7.710317297587319e-05,0.002659631866502643,0.007041101479054124,0.00958632876773391,7.710317297587319e-05
2019-08-29,0.007898371696497722,0.0049115832994501155,7.698412925478012e-05,0.015289951501000099,7.698412925478012e-05,-0.004293132716651771,7.698412925478012e-05,0.00800038236263112,0.012773430045692535,-0.001,7.698412925478012e-05
2019-08-30,-0.001097735986669534,-0.0009410363564362117,7.698412925478012e-05,-0.0023947054142658963,7.698412925478012e-05,-0.0006773460098443336,7.698412925478012e-05,-0.002324158736566467,-0.0004448275965899251,0.0,7.698412925478012e-05
2019-09-03,-0.004245801414829417,-0.001876810243415278,7.670634795748999e-05,-0.00970831124935112,7.670634795748999e-05,0.00580056582242235,7.670634795748999e-05,0.0009378462924070907,-0.005847086623569919,0.0,7.670634795748999e-05
2019-09-04,0.007819178053751246,0.005783257322223269,7.579364946910313e-05,0.014435778773608465,7.579364946910313e-05,0.0031053737997090245,7.579364946910313e-05,0.008325944605847735,0.011350388829367564,0.0,7.579364946910313e-05
2019-09-05,0.008120237117888649,0.002939754868924848,7.559523695991153e-05,0.01831870869436658,7.559523695991153e-05,-0.01672142885302086,7.559523695991153e-05,-0.0012044214594887082,0.012855542896309746,0.0,7.559523695991153e-05
2019-09-06,0.0001229188640880815,-0.00010169296094742023,7.619047448748633e-05,-0.0009906792733179737,7.619047448748633e-05,-0.00026340379232070443,7.619047448748633e-05,0.0010282940793042432,0.000771948187884286,0.0,7.619047448748633e-05
2019-09-09,-0.0031838326484803824,-0.0021800322355708763,7.579364946910313e-05,-0.002087695693922864,7.579364946910313e-05,-0.009224127419750983,7.579364946910313e-05,-0.0033689397736243465,0.0005036245620995139,0.0,7.579364946910313e-05
2019-09-10,-0.00470955754513796,-0.00312835315416532,7.571428541153197e-05,-0.0028766182696636777,7.571428541153197e-05,-0.011120667238402918,7.571428541153197e-05,-0.007480904976195468,-0.00023486861504218304,0.0,7.571428541153197e-05
2019-09-11,0.004439588353041224,0.0034106942990767912,7.591269792072357e-05,0.009389248754789303,7.591269792072357e-05,0.001101119227308637,7.591269792072357e-05,0.0034020762950121852,0.007111132932769548,0.0,7.591269792072357e-05
2019-09-12,0.003152881962640386,0.0013781954377258096,7.591269792072357e-05,0.004157495983474702,7.591269792072357e-05,-0.0022437724543689828,7.591269792072357e-05,0.003909417437315266,0.0034636525260896,0.0,7.591269792072357e-05
2019-09-13,-0.0013584180184639794,-0.0029605102701251783,7.519841194152831e-05,-0.003570901126237702,7.519841194152831e-05,-0.011736465325154708,7.519841194152831e-05,-0.0028197317693798843,-0.0006637532898073895,0.0,7.519841194152831e-05
2019-09-16,-0.0036801029630124183,-0.001234726346250085,7.539682445071991e-05,-0.004466692254461835,7.539682445071991e-05,0.005334485511269656,7.539682445071991e-05,-0.0071106113810508464,-0.0030889191888863188,0.0,7.539682445071991e-05
2019-09-17,-0.0009724443567800901,0.002479293214674036,7.718254176397172e-05,0.004799869259215717,7.718254176397172e-05,0.003312391367783866,7.718254176397172e-05,0.005674637535818761,0.0025322548672981338,0.0,7.718254176397172e-05
2019-09-18,0.001042844041933769,-0.00020659964494736143,7.690476046668159e-05,-0.000415051623338325,7.690476046668159e-05,-0.0014855152465716257,7.690476046668159e-05,0.0005014482961439859,0.0005980222814252478,0.0,7.690476046668159e-05
2019-09-19,-0.0008596998477207718,0.0008755758442748472,7.46031744139535e-05,0.0016616407214451456,7.46031744139535e-05,0.002907020002744046,7.46031744139535e-05,4.837794572110131e-05,-6.628217006254822e-05,0.0,7.46031744139535e-05
2019-09-20,-0.004362926062749944,-0.0027477653726059926,7.472222286557394e-05,-0.010578371973292255,7.472222286557394e-05,0.0048175131593765075,7.472222286557394e-05,-0.004957069903793465,-0.0047250278032182624,0.0,7.472222286557394e-05
2019-09-23,0.0007516678377756667,0.000577831728369582,7.341269935880388e-05,0.0004407631231415632,7.341269935880388e-05,0.001604367083197371,7.341269935880388e-05,0.0022073255684882946,-0.00023474398714473654,0.0,7.341269935880388e-05
2019-09-24,-0.006592821207070859,-0.002645477767473592,7.321428684961228e-05,-0.013280590826483252,7.321428684961228e-05,0.007444650249915918,7.321428684961228e-05,0.001226684627756075,-0.007846542724558647,0.0,7.321428684961228e-05
2019-09-25,0.0040137009999653955,0.0014191210856321656,7.46031744139535e-05,0.011225153358092488,7.46031744139535e-05,-0.013245794848313711,7.46031744139535e-05,0.0013186266858520317,0.005914576974484831,0.0,7.46031744139535e-05
2019-09-26,-0.00016001657457818228,-0.00014673969579777384,7.321428684961228e-05,-0.0036828377568712822,7.321428684961228e-05,0.0027646611278985263,7.321428684961228e-05,0.0049169566945525545,-0.002082929845948156,0.0,7.321428684961228e-05
2019-09-27,-0.005725577299428533,-0.004162458870055178,7.023809448121085e-05,-0.012408800984690327,7.023809448121085e-05,-0.0004216100713709444,7.023809448121085e-05,-0.006157808439572615,-0.005387515332347825,0.0,7.023809448121085e-05
2019-09-30,0.004760720227686892,0.002193398452384892,6.865079440767803e-05,0.009516952752260943,6.865079440767803e-05,-0.0040907177240481945,6.865079440767803e-05,0.000576401520227338,0.0046375501696220844,0.0,6.865079440767803e-05
2019-10-01,-0.005256928105325662,-0.003211556251088722,7.023809448121085e-05,-0.008156019648156376,7.023809448121085e-05,0.003750825243414857,7.023809448121085e-05,-0.008659113881120728,-0.011894548242082359,0.0,7.023809448121085e-05
2019-10-02,-0.012023177264884164,-0.006230573643616427,6.956349289606488e-05,-0.017194507661731362,6.956349289606488e-05,0.0058600720903874874,6.956349289606488e-05,-0.015087153103801598,-0.017664671554036948,0.0,6.956349289606488e-05
2019-10-03,0.008797354320287,0.006073683661521097,6.884920691686963e-05,0.010975307889993013,6.884920691686963e-05,0.006291194982943319,6.884920691686963e-05,0.008370508966911994,0.0081926875717524,0.018245979695214687,6.884920691686963e-05
2019-10-04,0.009992888493759587,0.006402987353315705,6.607142705765982e-05,0.014725360955381683,6.607142705765982e-05,0.0031067563911822598,6.607142705765982e-05,0.012692441222290962,0.013532217596934792,-0.001,6.607142705765982e-05
2019-10-07,-0.004500796307275444,-0.002514634391171182,6.567460203927661e-05,-0.003018692429409442,6.567460203927661e-05,-0.006717984315261567,6.567460203927661e-05,-0.004500317164375683,-0.004314348876730434,0.0,6.567460203927661e-05
2019-10-08,-0.010773876727215992,-0.005259882653980444,6.638888801847186e-05,-0.014980772253994634,6.638888801847186e-05,0.004517411641199749,6.638888801847186e-05,-0.010495248651220923,-0.015524704801942124,0.0,6.638888801847186e-05
2019-10-09,0.006567986526931602,0.0038150081702964436,6.567460203927661e-05,0.009761415911717641,6.567460203927661e-05,-0.0024279215016806592,6.567460203927661e-05,0.005201359293056873,0.009495706580422203,0.009703684982380278,6.567460203927661e-05
2019-10-10,0.003739270167205506,0.0011298514702545199,6.460317543574742e-05,0.007744478578982639,6.460317543574742e-05,-0.009961830701059937,6.460317543574742e-05,0.002097259264490642,0.006763792962695581,-0.001,6.460317543574742e-05
2019-10-11,0.0056190358984742885,0.002787462396044626,6.480158794493902e-05,0.01287900815051346,6.480158794493902e-05,-0.008250399364782408,6.480158794493902e-05,6.66963604017412e-05,0.010367201480151245,0.0,6.480158794493902e-05
2019-10-14,-0.0006467780814243653,0.00035631458616318943,6.440476292655581e-05,-0.00010475668574805308,6.440476292655581e-05,0.0046774770907844765,6.440476292655581e-05,-0.002565147258599132,-0.0011137950414491504,0.0,6.440476292655581e-05
2019-10-15,0.004390310145653765,0.0030380472354169354,6.420635041736421e-05,0.012716663725017119,6.420635041736421e-05,-0.007956940749824077,6.420635041736421e-05,0.0028905971448940915,0.009899941843482862,0.0,6.420635041736421e-05
2019-10-16,-0.0013422333350877125,-0.00025827245276618694,6.420635041736421e-05,-0.002480467356960836,6.420635041736421e-05,0.002971968021558968,6.420635041736421e-05,0.00015602388463534234,-0.0016056035881200081,0.0,6.420635041736421e-05
2019-10-17,0.0007900712358092307,0.0010801093888337268,6.408730196574378e-05,0.002642240576515187,6.408730196574378e-05,-0.00045401917898491007,6.408730196574378e-05,0.0024568691213372744,0.002948491150400967,0.0,6.408730196574378e-05
2019-10-18,-0.003470825782696106,-0.0025848202972481756,6.448412698412699e-05,-0.009610103638968637,6.448412698412699e-05,-5.763716895205534e-05,6.448412698412699e-05,0.0013365587421995118,-0.004376827035373343,0.0,6.448412698412699e-05
2019-10-21,0.004968822571952361,0.002566928058843034,6.448412698412699e-05,0.008868499778635908,6.448412698412699e-05,-0.005318388122004543,6.448412698412699e-05,0.006181873159267104,0.006778889003842492,0.0,6.448412698412699e-05
2019-10-22,-0.0044327842457422915,-0.0019565457904948272,6.448412698412699e-05,-0.007963025591222417,6.448412698412699e-05,0.003703856600622446,6.448412698412699e-05,-0.002973585743478002,-0.0032662219960617467,0.0,6.448412698412699e-05
2019-10-23,0.0013439114008785532,0.0011881954832534199,6.408730196574378e-05,0.0019285752472157913,6.408730196574378e-05,0.0012386364176283728,6.408730196574378e-05,0.002812208961109619,0.0029094258607385015,0.0,6.408730196574378e-05
2019-10-24,0.0038979443278262223,0.0032646710454625246,6.408730196574378e-05,0.00972821857601991,6.408730196574378e-05,0.0016434439839085506,6.408730196574378e-05,0.004427474416178662,0.001633653188193751,0.0,6.408730196574378e-05
2019-10-25,0.0029297513820771676,0.0016842370282559834,6.440476292655581e-05,0.00798600394945681,6.440476292655581e-05,-0.0015667045034032379,6.440476292655581e-05,-0.004053350443415177,0.004095269503902044,0.0,6.440476292655581e-05
2019-10-28,0.004146231278834467,0.0014957252597823647,6.448412698412699e-05,0.00986539766389316,6.448412698412699e-05,-0.007153411802197159,6.448412698412699e-05,-0.003413138171179858,0.005636587866490572,0.0,6.448412698412699e-05
2019-10-29,-0.004638871146273242,-0.002669329291659259,6.369047694736057e-05,-0.0077444066519754,6.369047694736057e-05,-0.0039539764689598585,6.369047694736057e-05,-0.0013857872388284842,-0.00029669119261965804,0.0,6.369047694736057e-05
2019-10-30,0.003342257666453985,0.003195840234477212,6.329365192897736e-05,0.00484606264304932,6.329365192897736e-05,0.007063797345822002,6.329365192897736e-05,0.0067415837322909455,0.0030670154898075896,0.0,6.329365192897736e-05
2019-10-31,-9.275771512039361e-05,0.0010352143180703203,6.329365192897736e-05,0.00045688996935200343,6.329365192897736e-05,0.007315119341526176,6.329365192897736e-05,2.8919050161974047e-05,-0.002663178898529628,0.0,6.329365192897736e-05
2019-11-01,0.004712968531048168,0.0034994576483458714,5.9444445466238355e-05,0.009082471562510852,5.9444445466238355e-05,0.002305810035508153,5.9444445466238355e-05,0.0016888962633098692,0.009263455750458949,0.0,5.9444445466238355e-05
2019-11-04,0.0017090992891765806,0.0010486701755635147,5.8928571996234715e-05,0.006185108355937219,5.8928571996234715e-05,-0.0032843137234856252,5.8928571996234715e-05,-0.0032545968371181784,0.0040179739055346,0.0,5.8928571996234715e-05
2019-11-05,-0.0006626446421712114,-0.0014705446781542732,5.9642857975429956e-05,0.0005496801333664258,5.9642857975429956e-05,-0.008958961204080018,5.9642857975429956e-05,-0.0020054772363892466,-0.0011060898144928943,0.0,5.9642857975429956e-05
2019-11-06,-0.00045647261542614383,7.396250192707963e-05,6.023809550300477e-05,-0.00224770878653191,6.023809550300477e-05,0.0026981219375306433,6.023809550300477e-05,0.001944734930608899,0.0002282737844145899,0.0,6.023809550300477e-05
2019-11-07,0.0022756952536428956,0.00019421549312406884,6.011904705138434e-05,0.0033539243095550564,6.011904705138434e-05,-0.010095348020747703,6.011904705138434e-05,0.0058676349688817075,0.0035164590889011915,0.0,6.011904705138434e-05
2019-11-08,0.0018803572681713363,0.000795574713307173,6.023809550300477e-05,0.003991453165045344,6.023809550300477e-05,-0.004482417543151818,6.023809550300477e-05,0.002655330074624096,0.002466182200236311,0.0,6.023809550300477e-05
2019-11-11,-0.0003693546359731098,-0.0009224031971580209,5.992063454219273e-05,-0.0013416314611550684,5.992063454219273e-05,-0.00255111265070577,5.992063454219273e-05,-0.0008056976931670179,-0.0019097716156386557,0.0,5.992063454219273e-05
2019-11-12,0.00167774998279314,0.001527492262156135,6.0039682993813164e-05,0.0028860326874280418,6.0039682993813164e-05,0.002564557065491746,6.0039682993813164e-05,0.0024367815028048245,0.0021081264429585467,0.0,6.0039682993813164e-05
2019-11-13,-8.659079044268098e-05,-1.846888544352665e-05,6.083333303057958e-05,0.0002482200703679549,6.083333303057958e-05,0.001524638784957899,6.083333303057958e-05,-0.003532632888481463,0.0003236364644534362,0.0,6.083333303057958e-05
2019-11-14,-0.00023953499804242622,0.00042948999944770615,6.0912697088150755e-05,-0.0007936969325609278,6.0912697088150755e-05,0.0016218147801371206,6.0912697088150755e-05,0.0025567388019144544,0.0014556201176303407,0.0,6.0912697088150755e-05
2019-11-15,0.003144623752392536,0.0034346733287812644,6.063492052138797e-05,0.007347330978665578,6.063492052138797e-05,0.004019294730737809,6.063492052138797e-05,0.004325048722444574,0.007236468707870536,0.0,6.063492052138797e-05
2019-11-18,0.002022255816210309,0.000465536138147884,6.063492052138797e-05,0.0007888472391757162,6.063492052138797e-05,0.0014976374819260692,6.063492052138797e-05,-0.0003135131838134797,0.0007376490036925532,0.0,6.063492052138797e-05
2019-11-19,-0.0011403988329201564,0.0004755384848161454,6.043650801219637e-05,0.001477159237358583,6.043650801219637e-05,0.0005645246450895666,6.043650801219637e-05,0.0002357429810291023,-0.00028861579325079045,0.0,6.043650801219637e-05
2019-11-20,-0.0035010710453439713,-0.0029983756811560857,6.051587206976755e-05,-0.005998988843974651,6.051587206976755e-05,-0.0030710091414770653,6.051587206976755e-05,-0.007787419480832558,-0.0037187041237370932,0.0,6.051587206976755e-05
2019-11-21,-0.001118478682495529,-0.0012663874527857845,6.031745956057594e-05,-0.0022259806983607744,6.031745956057594e-05,-0.003103996750365323,6.031745956057594e-05,-0.001432234756988476,-0.0016089661906550923,0.0,6.031745956057594e-05
2019-11-22,0.00020447650767089473,0.0005992580115600459,6.071428457895915e-05,0.0006443398024060798,6.071428457895915e-05,0.00032807296340757,6.071428457895915e-05,0.002024376799621475,0.0022238972532944157,0.0,6.071428457895915e-05
2019-11-25,0.007783691773716006,0.005193665718868356,6.123015804896279e-05,0.011841820593841756,6.123015804896279e-05,0.004933491282111253,6.123015804896279e-05,0.008920133718540557,0.007750316064950136,0.0,6.123015804896279e-05
2019-11-26,-0.00028468740449044775,0.0011759012605961864,6.130952210653396e-05,0.001909556002533952,6.130952210653396e-05,0.002996670389518045,6.130952210653396e-05,0.000591569737539821,0.002265721774618479,0.0,6.130952210653396e-05
2019-11-27,0.003600850836389009,0.002953104766433553,6.210317687382774e-05,0.006988956502141042,6.210317687382774e-05,0.0020488878153976557,6.210317687382774e-05,0.005440269281429988,0.004457626772822021,0.0,6.210317687382774e-05
2019-11-29,-0.0023630831907155174,-0.0017897562477913664,6.210317687382774e-05,-0.004562163715714163,6.210317687382774e-05,-0.0006890765118929463,6.210317687382774e-05,-0.0028785957426267217,-0.003709037337336074,0.0,6.210317687382774e-05
2019-12-02,-0.006697633324688004,-0.005002201179678687,6.111110959734236e-05,-0.010238859690826163,6.111110959734236e-05,-0.006413624785274999,6.111110959734236e-05,-0.008632386466403436,-0.008494200042129196,0.0,6.111110959734236e-05
2019-12-03,-0.004646156290341653,-0.0033648860341851145,6.103174553977118e-05,-0.0078326474257433,6.103174553977118e-05,-0.001653256358752464,6.103174553977118e-05,-0.006755482452642125,-0.0067069706129684326,0.0,6.103174553977118e-05
2019-12-04,0.004225666133098769,0.002035592800858088,6.103174553977118e-05,0.0050643996531833935,6.103174553977118e-05,-0.0027621481051720567,6.103174553977118e-05,0.007011982689909324,0.006170420227289197,0.0,6.103174553977118e-05
2019-12-05,0.0018767842980672096,0.001080837386215988,5.9444445466238355e-05,0.001976008561682674,5.9444445466238355e-05,0.0007832780530026012,5.9444445466238355e-05,0.003151784877535202,0.001797941404198422,0.0,5.9444445466238355e-05
2019-12-06,0.006715267763547475,0.00479759794473048,5.924603295704675e-05,0.010698558716047524,5.924603295704675e-05,0.0033014123586690976,5.924603295704675e-05,0.009234586230523922,0.009133771042064032,0.0,5.924603295704675e-05
2019-12-09,-0.0026038362986238535,-0.0022072065954901474,5.873015948704311e-05,-0.0045367502992399444,5.873015948704311e-05,-0.0026571200837363085,5.873015948704311e-05,-0.004577380625117672,-0.0031440032992164912,0.0,5.873015948704311e-05
2019-12-10,0.0003830636750678308,-0.00023033200352171626,5.9444445466238355e-05,-0.00083290865822927,5.9444445466238355e-05,0.000295686795147021,5.9444445466238355e-05,-2.1717407420657198e-05,-0.0011147408302788486,0.0,5.9444445466238355e-05
2019-12-11,0.0032279614001520995,0.0025044794653806646,6.011904705138434e-05,0.005296564649540869,6.011904705138434e-05,0.00466527293595879,6.011904705138434e-05,0.002481389162635378,0.0028382634139518803,0.0,6.011904705138434e-05
2019-12-12,0.006419971554986659,0.003529405107931845,6.031745956057594e-05,0.00746421782688067,6.031745956057594e-05,-0.00012500897164672686,6.031745956057594e-05,0.01016050647067146,0.00861930900712471,0.0,6.031745956057594e-05
2019-12-13,0.0003081586980440319,0.0007928002701419455,6.071428457895915e-05,0.0032929628079620965,6.071428457895915e-05,-0.0006501228291903761,6.071428457895915e-05,2.405961330650963e-05,0.0005991985161488689,0.0,6.071428457895915e-05
2019-12-16,0.005257650132990642,0.005073022127366045,6.043650801219637e-05,0.010039026673983376,6.043650801219637e-05,0.007985835992262361,6.043650801219637e-05,0.008305005289029832,0.006869968880318655,0.0,6.043650801219637e-05
2019-12-17,0.000289788170591078,0.0004579617355310721,6.051587206976755e-05,0.0005735408029297062,6.051587206976755e-05,0.0019320538065516293,6.051587206976755e-05,-0.0001132776271757785,0.00021904757481072679,0.0,6.051587206976755e-05
2019-12-18,0.0005419009725370953,0.00045013152947441656,6.071428457895915e-05,0.0007640548965204275,6.071428457895915e-05,0.000923111624322311,6.071428457895915e-05,0.0009625660234820199,6.216422479465855e-05,0.0,6.071428457895915e-05
2019-12-19,0.003557973617289891,0.003122347414167803,6.023809550300477e-05,0.00625142140708701,6.023809550300477e-05,0.004884417848360911,6.023809550300477e-05,0.004997877584473731,0.004099523275414185,0.0,6.023809550300477e-05
2019-12-20,0.0020262381409180135,0.0023229041559894577,6.083333303057958e-05,0.004031192554280638,6.083333303057958e-05,0.0032877858161688422,6.083333303057958e-05,0.004733740390380881,0.004383910302945937,0.0,6.083333303057958e-05
2019-12-23,0.0014315857250969926,0.0009845344868736666,6.063492052138797e-05,0.002641394841547573,6.063492052138797e-05,0.0020525577832909794,6.063492052138797e-05,-0.0011799921862294949,0.001527933045954999,0.0,6.063492052138797e-05
2019-12-24,0.00013596755519584548,0.0003625211065126992,6.031745956057594e-05,0.000519291157082824,6.031745956057594e-05,0.0009450029656864107,6.031745956057594e-05,0.0006903294233882029,3.082340924032145e-05,0.0,6.031745956057594e-05
2019-12-26,0.004636466125557063,0.003683308611129809,6.103174553977118e-05,0.00882419137971846,6.103174553977118e-05,0.004715900084814928,6.103174553977118e-05,0.0035077727057305497,0.005323508874726324,0.0,6.103174553977118e-05
2019-12-27,-0.0007759993537407529,-0.0005377573339685677,6.0912697088150755e-05,-0.0008422300750207112,6.0912697088150755e-05,-0.0011469949406536222,6.0912697088150755e-05,-0.0015638017010307643,-0.0002475604075455884,0.0,6.0912697088150755e-05
2019-12-30,-0.003731307594472874,-0.0036947352527178347,6.023809550300477e-05,-0.00655373241259638,6.023809550300477e-05,-0.0069077266684667285,6.023809550300477e-05,-0.006262172258036741,-0.005513377393780439,0.0,6.023809550300477e-05
2019-12-31,0.0016498948649596393,0.0010025051099123762,5.9126984505426316e-05,0.001884826399772166,5.9126984505426316e-05,0.0012347147450667935,5.9126984505426316e-05,0.0014467627501555118,0.002429316709726681,0.0,5.9126984505426316e-05
2020-01-02,0.008426627616512838,0.006646437328242603,5.972222203300113e-05,0.016697334743149383,5.972222203300113e-05,0.008904470039363233,5.972222203300113e-05,0.0041563142321951185,0.009351893215607143,0.0,5.972222203300113e-05
2020-01-03,-0.005251974754767761,-0.005417093663722235,5.932539701461792e-05,-0.00916009095715098,5.932539701461792e-05,-0.012433182071704702,5.932539701461792e-05,-0.00713461983074698,-0.007572165128451158,0.0,5.932539701461792e-05
2020-01-06,0.00431275198281562,0.003075680330091596,5.845238292028033e-05,0.006443316057861637,5.845238292028033e-05,0.006249262760873675,5.845238292028033e-05,0.002223421159349759,0.0038149701481475784,0.0,5.845238292028033e-05
2020-01-07,-0.0004023182443949088,-0.000435036541684425,5.904762044785515e-05,-0.00013919453986410701,5.904762044785515e-05,0.0003280688333681483,5.904762044785515e-05,-0.0025775749822489202,-0.0028117494685904187,0.0,5.904762044785515e-05
2020-01-08,0.00032977689929548654,0.003193552750293284,5.9523809523809524e-05,0.007516373647504793,5.9523809523809524e-05,0.001781430854854826,5.9523809523809524e-05,0.006281912052058691,0.0053294435585033995,0.0,5.9523809523809524e-05
2020-01-09,0.00695619071741161,0.0039964411472697805,5.924603295704675e-05,0.008473414582284455,5.924603295704675e-05,0.004821389555503004,5.924603295704675e-05,0.006270734723178406,0.006780675137924463,0.0,5.924603295704675e-05
2020-01-10,-0.00187231594714157,-0.0012423692308922772,5.9523809523809524e-05,-0.002557263271826149,5.9523809523809524e-05,-0.0004695895885151359,5.9523809523809524e-05,-0.003361328635361621,-0.002877697989567274,0.0,5.9523809523809524e-05
2020-01-13,0.007701017140376491,0.00460096185391535,5.9444445466238355e-05,0.011537043067651576,5.9444445466238355e-05,0.0036649448983463078,5.9444445466238355e-05,0.0063184427816055655,0.006877275057512344,0.0,5.9444445466238355e-05
2020-01-14,-0.00047953496873595343,-0.0018110630055836806,5.992063454219273e-05,-0.003937809694793515,5.992063454219273e-05,-0.004359279662587719,5.992063454219273e-05,-0.0007784874566996725,-0.0015245879073785273,0.0,5.992063454219273e-05
2020-01-15,0.00025364222844093706,0.0007004205644336975,6.071428457895915e-05,0.00040907945874613105,6.071428457895915e-05,-0.0017167760310690487,6.071428457895915e-05,0.006664439229278174,0.0022598805198872363,0.0,6.071428457895915e-05
2020-01-16,0.006484420596454397,0.004570026534695798,5.984127048462156e-05,0.009583419814584104,5.984127048462156e-05,0.0047774391055056915,5.984127048462156e-05,0.008142268713710488,0.008318405745938229,0.0,5.984127048462156e-05
2020-01-17,0.002234594659493938,0.0026136065284819376,6.023809550300477e-05,0.004948811527139441,6.023809550300477e-05,0.0039058744330616366,6.023809550300477e-05,0.0053750135783449116,0.0031125832381981855,0.0,6.023809550300477e-05
2020-01-21,-0.002372837876381828,-0.0014024718386867476,6.043650801219637e-05,-0.00044757317103927274,6.043650801219637e-05,-0.009238211224367224,6.043650801219637e-05,0.0022238936433888745,-0.001958374556195963,0.0,6.043650801219637e-05
2020-01-22,-4.4823517199289026e-05,0.0010133467674998118,5.9642857975429956e-05,0.002642226562488803,5.9642857975429956e-05,0.0009228840682091738,5.9642857975429956e-05,0.0018588634050465958,0.00012116329732747566,0.0,5.9642857975429956e-05
2020-01-23,0.0017559631837558841,0.0006223075203676123,6.0039682993813164e-05,0.003216239251117692,6.0039682993813164e-05,-0.002660949492003054,6.0039682993813164e-05,0.0011188551952252823,0.001146556198575066,0.0,6.0039682993813164e-05
2020-01-24,-0.005274989781160155,-0.004852793662464653,6.011904705138434e-05,-0.008415473262983975,6.011904705138434e-05,-0.008438503322995597,6.011904705138434e-05,-0.008357050809952693,-0.008893112767543343,0.0,6.011904705138434e-05
2020-01-27,-0.011762627859266553,-0.011195904402299343,5.9126984505426316e-05,-0.020655366719611767,5.9126984505426316e-05,-0.023738028086437397,5.9126984505426316e-05,-0.012883508412089545,-0.016029652509148007,0.0,5.9126984505426316e-05
2020-01-28,0.009292227081224635,0.007346586662057266,5.972222203300113e-05,0.015359848466936166,5.972222203300113e-05,0.011399772152734947,5.972222203300113e-05,0.009913056202342896,0.010479245066906229,0.0,5.972222203300113e-05
2020-01-29,0.001712847122332541,0.0006671093146345856,6.071428457895915e-05,0.001625549653889058,6.071428457895915e-05,0.0018787670132873375,6.071428457895915e-05,0.00021110122588582914,-0.0008258055454336555,0.0,6.071428457895915e-05
2020-01-30,0.0038266155636231505,0.0012808348324487976,6.031745956057594e-05,0.00356164949961002,6.031745956057594e-05,-0.0026969799818142848,6.031745956057594e-05,0.0053196693289665475,0.0032453246341945796,0.0,6.031745956057594e-05
2020-01-31,-0.012157190654299887,-0.009772412509426216,6.063492052138797e-05,-0.015857952955402488,6.063492052138797e-05,-0.01763841919560242,6.063492052138797e-05,-0.018200233709817965,-0.018157924925638502,0.0,6.063492052138797e-05
2020-02-03,0.00726535326651166,0.006411699143661971,5.992063454219273e-05,0.015109243715738518,5.992063454219273e-05,0.008302851118766164,5.992063454219273e-05,0.008123521838745262,0.007428455424155711,0.0,5.992063454219273e-05
2020-02-04,0.011238046536244172,0.011068760181916984,6.023809550300477e-05,0.022888707132817432,6.023809550300477e-05,0.020654709163268798,6.023809550300477e-05,0.01085686580706155,0.015241507499702323,0.0,6.023809550300477e-05
2020-02-05,0.004429920733455725,0.003969155145472979,6.103174553977118e-05,0.0032973842119115027,6.103174553977118e-05,0.0068561441077341625,6.103174553977118e-05,0.012304547631940999,0.011547965277872718,0.0,6.103174553977118e-05
2020-02-06,0.004471648905671625,0.0033002167190260153,6.031745956057594e-05,0.008631749029074154,6.031745956057594e-05,0.004302409936007093,6.031745956057594e-05,0.002249491956157229,0.0033648746851133726,0.0,6.031745956057594e-05
2020-02-07,-0.0034407964653064126,-0.0033938985077090764,6.071428457895915e-05,-0.004300721869465729,6.071428457895915e-05,-0.007970186733077587,6.071428457895915e-05,-0.007432016671986841,-0.005329606742273119,0.0,6.071428457895915e-05
2020-02-10,0.0069234908063774995,0.005222336842763348,6.023809550300477e-05,0.012085546911236644,6.023809550300477e-05,0.006526904282546578,6.023809550300477e-05,0.0064245475815721265,0.007465097778353469,0.0,6.023809550300477e-05
2020-02-11,-0.0005622643765979391,0.0009691977250619614,6.031745956057594e-05,0.00017257754446720064,6.031745956057594e-05,0.004326418532377621,6.031745956057594e-05,0.0012748173473166036,0.0017334086666622728,0.0,6.031745956057594e-05
2020-02-12,0.005032984430317875,0.005069583588487053,6.103174553977118e-05,0.009740707827458728,6.103174553977118e-05,0.00992249865863215,6.103174553977118e-05,0.0064300090581093094,0.006442608129549221,0.0,6.103174553977118e-05
2020-02-13,-0.0014862720743140923,-0.001343959417468017,6.0912697088150755e-05,-0.0012803713130992156,6.0912697088150755e-05,-0.005175301032783112,6.0912697088150755e-05,-0.0018734973454878623,-0.0010669110170747897,0.0,6.0912697088150755e-05
2020-02-14,0.0031418077972960425,0.0012923737271199344,6.130952210653396e-05,0.0028635054490628864,6.130952210653396e-05,0.0016394194203673458,6.130952210653396e-05,0.0019050317226965152,0.0016020757979311462,0.0,6.130952210653396e-05
2020-02-18,-0.00038201175635790407,-0.0006263514464359144,6.0912697088150755e-05,0.0003835597577919181,6.0912697088150755e-05,-0.0021126067509894164,6.0912697088150755e-05,-0.0023188118025109228,-0.0025768775938405097,0.0,6.0912697088150755e-05
2020-02-19,0.006743056746925628,0.004462867219843265,6.0912697088150755e-05,0.009585452597664856,6.0912697088150755e-05,0.006499863603771711,6.0912697088150755e-05,0.007131502828809755,0.004781034939022266,0.0,6.0912697088150755e-05
2020-02-20,-0.005517583144261744,-0.0038824503252317655,6.123015804896279e-05,-0.009283399868271425,6.123015804896279e-05,-0.0036520854599849293,6.123015804896279e-05,-0.00725584714651345,-0.004108035011743172,0.0,6.123015804896279e-05
2020-02-21,-0.011117795241368895,-0.008705712095119266,6.103174553977118e-05,-0.01920946627575737,6.103174553977118e-05,-0.013212650284432118,6.103174553977118e-05,-0.011688878596900348,-0.010298605881673306,0.0,6.103174553977118e-05
2020-02-24,-0.02426614349504172,-0.02067138102267385,6.023809550300477e-05,-0.038563361368255666,6.023809550300477e-05,-0.03394339268606217,6.023809550300477e-05,-0.03471227254138118,-0.03316509206134621,0.0,6.023809550300477e-05
2020-02-25,-0.019213640027117104,-0.019000186019189198,5.9642857975429956e-05,-0.02719202621995842,5.9642857975429956e-05,-0.031011499494491186,5.9642857975429956e-05,-0.029818428982751305,-0.030302393101767633,-0.04630632175920457,5.9642857975429956e-05
2020-02-26,0.0031124730651033044,0.0008849266355419596,5.9126984505426316e-05,0.005154005351819757,5.9126984505426316e-05,-0.0033679366319908643,5.9126984505426316e-05,-0.0032482311927818364,-0.0036781400417763566,0.013661662896655935,5.9126984505426316e-05
2020-02-27,-0.033230465569048254,-0.03071412569156976,5.865079542947194e-05,-0.05007394114203001,5.865079542947194e-05,-0.04339875649868141,5.865079542947194e-05,-0.04390762384348973,-0.04491187035767419,-0.07891471557200169,5.865079542947194e-05
2020-02-28,0.0012276005004132446,-0.0024129272724493236,5.535714210025848e-05,0.0007781569154770018,5.535714210025848e-05,-0.005710588875751338,5.535714210025848e-05,-0.01643869241138457,-0.001,-0.001,5.535714210025848e-05
2020-03-02,0.03138637903818198,0.0203108530133716,4.880952456640819e-05,0.0516032294346207,4.880952456640819e-05,0.016590802373265674,4.880952456640819e-05,0.04905562203242492,0.0,0.0,4.880952456640819e-05
2020-03-03,-0.021804628094687743,-0.015042340457615395,4.503968216124035e-05,-0.03206708457054874,4.503968216124035e-05,0.004964174261974484,4.503968216124035e-05,-0.027018998138974154,-0.029632342574345993,-0.057210156880068364,4.503968216124035e-05
2020-03-04,0.028594104066766202,0.016814931755046517,3.6428570747375486e-05,0.04172238688010821,3.6428570747375486e-05,0.010952817876183591,3.6428570747375486e-05,0.04854573068099027,-0.001,-0.001,3.6428570747375486e-05
2020-03-05,-0.019843693159019973,-0.01561147416969589,2.6785714758767023e-05,-0.03038214724191801,2.6785714758767023e-05,0.005370446616751937,2.6785714758767023e-05,-0.023283846512380912,-0.034241850106039085,-0.07867372599669509,2.6785714758767023e-05
2020-03-06,-0.008803517350446604,-0.003850140864736719,2.3611112246437678e-05,-0.016872088182909195,2.3611112246437678e-05,0.011850785427376387,2.3611112246437678e-05,-0.012924102445959706,-0.001,-0.001,2.3611112246437678e-05
2020-03-09,-0.03779915652956978,-0.021270568487444408,1.6468253637117056e-05,-0.06946448199137922,1.6468253637117056e-05,0.011907714166210354,1.6468253637117056e-05,-0.056959572969632194,-0.0,0.0,1.6468253637117056e-05
2020-03-10,0.006368079641234276,-0.00614539714091099,1.3095238615596106e-05,-0.02035723449058413,1.3095238615596106e-05,-0.030238835338217803,1.3095238615596106e-05,0.03475480829917643,0.0,0.0,1.3095238615596106e-05
2020-03-11,-0.024187210104783734,-0.01851993606497755,1.5476189908527193e-05,-0.04555516423868211,1.5476189908527193e-05,-0.016778923775633465,1.5476189908527193e-05,-0.046193362006822725,-0.0,0.0,1.5476189908527193e-05
2020-03-12,-0.025056363175060728,-0.011206188955800642,1.4603174631557767e-05,-0.0014915751194715093,1.4603174631557767e-05,-0.011061172018267321,1.4603174631557767e-05,-0.09178865404947922,-0.0,0.0,1.4603174631557767e-05
2020-03-13,0.022604217864530388,0.0035487074134196873,1.0833333409021772e-05,-0.006518704653407759,1.0833333409021772e-05,-0.01987931955797976,1.0833333409021772e-05,0.08156760677110658,0.0,0.0,1.0833333409021772e-05
2020-03-16,-0.02505688270029805,-0.005377001317942606,9.642857171240307e-06,0.026416689147624073,9.642857171240307e-06,-0.01020208530282659,9.642857171240307e-06,-0.10453994738005287,-0.0,0.0,9.642857171240307e-06
2020-03-17,0.012882228479270754,-0.006831931962514443,7.3412699358803885e-06,-0.02507283206479982,7.3412699358803885e-06,-0.0465443285169155,7.3412699358803885e-06,0.06415539418493676,0.0,0.0,7.3412699358803885e-06
2020-03-18,-0.01449135609284268,-0.01229146357051918,6.547619307798053e-06,-0.01388043901535918,6.547619307798053e-06,-0.03514671233919009,6.547619307798053e-06,-0.03551474942075905,-0.0,0.0,6.547619307798053e-06
2020-03-19,-0.0014470538486404828,0.0003975843610278234,1.1904762008242191e-07,0.003281210280545732,1.1904762008242191e-07,0.015253681851004064,1.1904762008242191e-07,-0.027108091772357457,0.0,0.0,1.1904762008242191e-07
2020-03-20,-0.005524751375011446,0.009039451726688411,-1.1111111454074344e-06,0.025478007691585036,-1.1111111454074344e-06,0.05033662890757973,-1.1111111454074344e-06,-0.0488018342122255,-0.0,0.0,-1.1111111454074344e-06
2020-03-23,0.0010006273302660901,0.004802594210424605,-1.3095238024280185e-06,0.011834466441152047,-1.3095238024280185e-06,0.02652191082540878,-1.3095238024280185e-06,-0.021338834284389346,-0.0,0.0,-1.3095238024280185e-06
2020-03-24,0.017678454774578037,0.006654248107813005,-1.5873015518226319e-06,-0.006801544994070152,-1.5873015518226319e-06,0.007038232541298985,-1.5873015518226319e-06,0.07299415348140037,0.0,0.0,-1.5873015518226319e-06
2020-03-25,-0.0020197260642116277,-0.0007766092381465385,-1.3095238024280185e-06,0.0005842377754627925,-1.3095238024280185e-06,-0.00512589042621007,-1.3095238024280185e-06,-0.0015335952284493692,0.0,0.0,-1.3095238024280185e-06
2020-03-26,0.01564108584953309,0.00761373335649803,-2.7777777896040964e-06,0.0024207694286728643,-2.7777777896040964e-06,0.006721823533040775,-2.7777777896040964e-06,0.060011702471553185,0.0,0.0,-2.7777777896040964e-06
2020-03-27,-0.005562660742087323,0.00045297287275078077,-4.166666536577164e-06,0.007411130929131149,-4.166666536577164e-06,0.009214417928104549,-4.166666536577164e-06,-0.02780618382123301,-0.0,0.0,-4.166666536577164e-06
2020-03-30,0.010044829207807703,0.004577169856977354,-2.3015872353599184e-06,0.0023142921736643007,-2.3015872353599184e-06,-0.0005045671996296948,-2.3015872353599184e-06,0.04075029909357225,0.0,0.0,-2.3015872353599184e-06
2020-03-31,-0.002779854069211762,-0.003547182653646442,5.158730265167025e-07,0.0018146081853636087,5.158730265167025e-07,-0.012716437956046933,5.158730265167025e-07,-0.02093536665313922,-0.0,0.0,5.158730265167025e-07
2020-04-01,-0.008587663050169237,-0.0012142408147574322,1.190476163866974e-06,0.004071087757198111,1.190476163866974e-06,0.009179392967202752,1.190476163866974e-06,-0.03609308603890629,-0.0,0.0,1.190476163866974e-06
2020-04-02,0.006264122887798755,0.003421512784542012,2.5000000402094826e-06,0.00016430618121465734,2.5000000402094826e-06,0.007634470296612461,2.5000000402094826e-06,0.0223445319473341,0.0,0.0,2.5000000402094826e-06
2020-04-03,-0.004459172707725163,-0.00033327605715320065,2.579364984754532e-06,0.0007387035947219456,2.579364984754532e-06,0.002685199892716872,2.579364984754532e-06,-0.00921570233361263,-0.0,0.0,2.579364984754532e-06
2020-04-06,0.014454389660477476,0.0059257056837748396,2.3015872353599184e-06,-0.004510550147778902,2.3015872353599184e-06,0.006862923654703756,2.3015872353599184e-06,0.060231566566625094,0.0,0.0,2.3015872353599184e-06
2020-04-07,-0.0027835749312462806,-0.0026582804120826825,2.380952327733948e-06,-0.004448721482692153,2.380952327733948e-06,-0.006758451317972406,2.380952327733948e-06,-0.005331061532202974,0.0,0.0,2.380952327733948e-06
2020-04-08,0.005610798574348604,0.0014275367071226732,5.079365320621975e-06,-0.00124106339239749,5.079365320621975e-06,-0.005808424612563368,5.079365320621975e-06,0.026074154533773486,0.0,0.0,5.079365320621975e-06
2020-04-09,0.000978503617988586,0.002875957629790946,7.3412699358803885e-06,-0.0005540975223170524,7.3412699358803885e-06,0.010031750570968462,7.3412699358803885e-06,0.015073335119957787,0.0,0.0,7.3412699358803885e-06
2020-04-13,0.004755276956399235,0.00185540920190058,8.333333073154328e-06,0.010803386485259026,8.333333073154328e-06,0.0019536220709406305,8.333333073154328e-06,-0.011411890633040461,-0.0,0.0,8.333333073154328e-06
2020-04-14,0.025233370372165435,0.014996559407286333,7.936508054771122e-06,0.0434910640638102,7.936508054771122e-06,0.0029832081959101364,7.936508054771122e-06,0.0367373279682946,0.0,0.0,7.936508054771122e-06
2020-04-15,-0.006976755621036924,-0.004362727644991221,6.547619307798053e-06,-0.011469542996978888,6.547619307798053e-06,0.0026391503115652903,6.547619307798053e-06,-0.018933424187563275,-0.0,0.0,6.547619307798053e-06
2020-04-16,0.011170593840838289,0.0061043371208469605,4.5634921462762925e-06,0.01823990279349985,4.5634921462762925e-06,0.0031858981713044363,4.5634921462762925e-06,0.01064993561828792,0.0,0.0,4.5634921462762925e-06
2020-04-17,0.004216075218769398,0.0027033247928039544,4.365079341426728e-06,0.009566123863633091,4.365079341426728e-06,-0.008418599969429655,4.365079341426728e-06,0.015731651715241657,0.0,0.0,4.365079341426728e-06
2020-04-20,-0.007153606667736404,-0.004111337621083837,4.087301592032115e-06,-0.011844276762862926,4.087301592032115e-06,0.0011088630108414548,4.087301592032115e-06,-0.013179262550117338,-0.0,0.0,4.087301592032115e-06
2020-04-21,-0.021205561259903784,-0.012022084287622178,2.7777777896040964e-06,-0.03689955553491475,2.7777777896040964e-06,0.0021840129563912574,2.7777777896040964e-06,-0.03125700125133801,-0.0,0.0,2.7777777896040964e-06
2020-04-22,0.014033358956068404,0.009995386213825013,3.88888878718255e-06,0.029674360757885987,3.88888878718255e-06,0.002116650924429809,3.88888878718255e-06,0.02258034496833211,0.0,0.0,3.88888878718255e-06
2020-04-23,-0.0008909404616068743,0.0001857448772233202,3.6904762779909467e-06,-0.002132935465568364,3.6904762779909467e-06,0.005306054224293533,3.6904762779909467e-06,-0.0007812879481896573,-0.0,0.0,3.6904762779909467e-06
2020-04-24,0.009684768207401223,0.0053094019871452736,3.6904762779909467e-06,0.015770378025171672,3.6904762779909467e-06,-0.0005641752503752946,3.6904762779909467e-06,0.014502343636183024,0.0,0.0,3.6904762779909467e-06
2020-04-27,0.0036483250267086644,0.0012972284981335102,3.968254027385561e-06,0.008043613244913761,3.968254027385561e-06,-0.010192051614832165,3.968254027385561e-06,0.008138432465709944,0.0,0.0,3.968254027385561e-06
2020-04-28,-0.010813108091237901,-0.005837854831513184,3.6904762779909467e-06,-0.018834815505158753,3.6904762779909467e-06,0.003805846068387482,3.6904762779909467e-06,-0.011507695528978679,-0.0,-0.011009154347481953,3.6904762779909467e-06
2020-04-29,0.016716433311091218,0.011275520301920158,3.3730159084948284e-06,0.03546091379785077,3.3730159084948284e-06,-4.884948512584586e-05,3.3730159084948284e-06,0.008080683013443751,0.0,0.03216909487423414,3.3730159084948284e-06
2020-04-30,-0.0006018853707163113,-0.003238214193310311,3.5714287133443927e-06,-0.00041080098600909665,3.5714287133443927e-06,-0.010723983909857182,3.5714287133443927e-06,-0.006821291404688484,-0.0,-0.01691895868384896,3.5714287133443927e-06
2020-05-01,-0.018213044555280784,-0.011882662525094366,3.5714287133443927e-06,-0.028185064870955734,3.5714287133443927e-06,-0.0051502145353056195,3.5714287133443927e-06,-0.017854379298116646,-0.0,-0.045591738231595236,3.5714287133443927e-06
2020-05-04,0.006594054497462521,0.0031660481930339654,3.6904762779909467e-06,0.011657058632341899,3.6904762779909467e-06,-0.0010112019070807046,3.6904762779909467e-06,0.004522644162202494,0.0,-0.001,3.6904762779909467e-06
2020-05-05,0.006796558072458642,0.003728743912021309,3.5714287133443927e-06,0.011337418395078513,3.5714287133443927e-06,-0.0009666348100656843,3.5714287133443927e-06,0.010382238204296956,0.0,0.0,3.5714287133443927e-06
2020-05-06,0.0016627664289946087,-0.0009699322113168015,4.365079341426728e-06,0.006156376965136268,4.365079341426728e-06,-0.010896963196952509,4.365079341426728e-06,-0.003964546232265831,-0.0,-0.009588920012347457,4.365079341426728e-06
2020-05-07,0.006882960706089424,0.007030374272585996,4.285714396881679e-06,0.012876752835824457,4.285714396881679e-06,0.012721086296884065,4.285714396881679e-06,0.007722992762604575,0.0,0.022586619713156564,4.285714396881679e-06
2020-05-08,0.00957053060312205,0.005456725661857141,3.7698412225359962e-06,0.013704725752732738,3.7698412225359962e-06,-0.007430395374480499,3.7698412225359962e-06,0.013889617290432421,0.0,0.035098332048109304,3.7698412225359962e-06
2020-05-11,0.008089589813882404,0.004102358035794109,3.7698412225359962e-06,0.008939051874230053,3.7698412225359962e-06,-0.0023669306597598277,3.7698412225359962e-06,0.005552308355947083,0.0,0.03332357264417074,3.7698412225359962e-06
2020-05-12,-0.014134666790321267,-0.010119431666976483,4.166666536577164e-06,-0.020937334487112325,4.166666536577164e-06,-0.002261499450259256,4.166666536577164e-06,-0.01930539099126788,-0.0,-0.05233376390314226,4.166666536577164e-06
2020-05-13,-0.009373759911664416,-0.0065249077402800715,4.88095251577241e-06,-0.012515535266793165,4.88095251577241e-06,0.005558457183668208,4.88095251577241e-06,-0.01559735653196137,-0.0,-0.05343286315007001,4.88095251577241e-06
2020-05-14,0.006753812735019461,0.005035382392290013,4.5634921462762925e-06,0.01135227846118414,4.5634921462762925e-06,0.006732136135790674,4.5634921462762925e-06,0.012360092216778362,0.0,-0.001,4.5634921462762925e-06
2020-05-15,0.0059761485593924045,0.0035723922579179146,4.166666536577164e-06,0.0064911747132618824,4.166666536577164e-06,0.002521190345306957,4.166666536577164e-06,0.009747091354160686,0.0,0.011907134515318885,4.166666536577164e-06
2020-05-18,0.012227717212493789,0.007969636323057545,4.087301592032115e-06,0.018632462097541325,4.087301592032115e-06,-0.0036288124840354223,4.087301592032115e-06,0.02292010319794635,0.0,0.031250079569309586,4.087301592032115e-06
2020-05-19,-0.002900194913666301,-0.0019361443631219996,4.166666536577164e-06,-0.002506485687488458,4.166666536577164e-06,0.003628353550997591,4.166666536577164e-06,-0.0048708033285804475,-0.0,-0.02736099615331733,4.166666536577164e-06
2020-05-20,0.011233038658432953,0.009385002910820174,4.682539710922847e-06,0.01996826757914061,4.682539710922847e-06,0.00844552460964983,4.682539710922847e-06,0.015970623903210468,0.0,0.030550462177209026,4.682539710922847e-06
2020-05-21,-0.0069483175810802645,-0.005033876434197263,4.682539710922847e-06,-0.010890556798234474,4.682539710922847e-06,-0.007656683827622782,4.682539710922847e-06,-0.006212583420812545,-0.0,-0.010859962876400453,4.682539710922847e-06
2020-05-22,0.002265165525557,0.0020385818960588545,4.365079341426728e-06,0.00345184415894928,4.365079341426728e-06,0.005128330727941277,4.365079341426728e-06,0.0025658691109629317,0.0,0.002967313704961727,4.365079341426728e-06
2020-05-26,-0.0024559552710341687,-0.0015287503030614082,4.365079341426728e-06,-0.002699800024516086,4.365079341426728e-06,-0.010107916415099782,4.365079341426728e-06,0.00394695867743694,0.0,0.005325452936058461,4.365079341426728e-06
2020-05-27,0.002296373898709057,0.004272930134788005,4.682539710922847e-06,0.005457699767821955,4.682539710922847e-06,0.0018076301329090403,4.682539710922847e-06,0.01006315682294251,0.013879191912881228,0.011771675434595341,4.682539710922847e-06
2020-05-28,-0.0010505237131424319,-0.0018380713468129381,5.357143070016589e-06,-0.00130302950923189,5.357143070016589e-06,-0.0005442642094133365,5.357143070016589e-06,-0.002614716652648452,-0.0018448330712985683,-0.020651625279569652,5.357143070016589e-06
2020-05-29,0.009042859903632874,0.0072653363320607295,5.476190339005182e-06,0.014652873561635804,5.476190339005182e-06,0.00971765052836589,5.476190339005182e-06,0.008432238784109147,0.004456179179328279,0.019305065673523636,5.476190339005182e-06
2020-06-01,0.0010704127000618286,0.0011197406704222118,5.079365320621975e-06,0.0029995677295120426,5.079365320621975e-06,0.00029002652333824175,5.079365320621975e-06,0.002692745252107359,0.0040411436380576315,-0.00495332664501591,5.079365320621975e-06
2020-06-02,0.0046037420889500635,0.003511061341054711,5.079365320621975e-06,0.006707991643726485,5.079365320621975e-06,-0.0011348921092429278,5.079365320621975e-06,0.006934720715135345,0.008280502047820937,0.013762734553604439,5.079365320621975e-06
2020-06-03,0.003409598975111198,0.0025991250801124504,5.753968088399797e-06,0.004498372108587834,5.753968088399797e-06,-0.0090826328715022,5.753968088399797e-06,0.006960078745439524,0.013307849717571152,0.022819206814006066,5.753968088399797e-06
2020-06-04,-0.004124338668217069,-0.0030291127745369875,5.873015948704311e-06,-0.007013285104622624,5.873015948704311e-06,-0.003655538626004984,5.873015948704311e-06,-0.007159515840522435,-0.0026264443279415683,0.0036713094796789747,5.873015948704311e-06
2020-06-05,0.012378321085014177,0.009892292890631219,5.555555579208193e-06,0.019827159003423134,5.555555579208193e-06,-0.0025238734031191408,5.555555579208193e-06,0.0206761191658672,0.025629534276769395,0.026449032146712792,5.555555579208193e-06
2020-06-08,0.003376770402826682,0.00455483403237649,5.753968088399797e-06,0.007760080511314271,5.753968088399797e-06,0.0074752109799296465,5.753968088399797e-06,0.011470466460971551,0.012087561655080181,-0.011239031045968462,5.753968088399797e-06
2020-06-09,0.0034142780900833524,0.0010195199688682716,6.071428457895915e-06,0.007244758506629534,6.071428457895915e-06,0.009415141460334953,6.071428457895915e-06,-0.00399082107265622,-0.007456742623344947,-0.024951525741433556,6.071428457895915e-06
2020-06-10,0.00831362104006219,0.004838475672917713,6.547619307798053e-06,0.012001827642579954,6.547619307798053e-06,0.013717885383220422,6.547619307798053e-06,0.0006876296486123257,-0.005580068897161783,0.0025590036188105625,6.547619307798053e-06
2020-06-11,-0.03770360981788139,-0.032352257307824615,6.547619307798053e-06,-0.04954932476846974,6.547619307798053e-06,-0.012620832109938251,6.547619307798053e-06,-0.05284597892745324,-0.05764868218792707,-0.16931360437303244,6.547619307798053e-06
2020-06-12,0.004558564794540098,0.003776086930820958,6.071428457895915e-06,0.00794823269953926,6.071428457895915e-06,-9.214459069369508e-05,6.071428457895915e-06,0.009527168066911063,0.011975472314670332,-0.001,6.071428457895915e-06
2020-06-15,0.006209172323919347,0.005227856369425356,5.9523811889073204e-06,0.012167113706843091,5.9523811889073204e-06,0.0036462313614255,5.9523811889073204e-06,0.009370218796668106,0.009335824465967368,0.0,5.9523811889073204e-06
2020-06-16,0.010315444476888007,0.008198101477757416,6.150793698098924e-06,0.01717289575524128,6.150793698098924e-06,0.00044869748076492577,6.150793698098924e-06,0.01879100391755323,0.019247458285763575,0.010258282913857664,6.150793698098924e-06
2020-06-17,0.0008327246014674853,0.0008305487072233288,6.3492062072905275e-06,0.0031707883503178103,6.3492062072905275e-06,0.0030698618809856804,6.3492062072905275e-06,-0.0006405546040873789,-0.004153582104733267,-0.000982340725152242,6.3492062072905275e-06
2020-06-18,0.00207157968641373,0.0017015140324076966,6.547619307798053e-06,0.002709005366341888,6.547619307798053e-06,0.003776008895417367,6.547619307798053e-06,0.0001718924771853536,0.0003845653127227955,0.008194034681236806,6.547619307798053e-06
2020-06-19,-0.0013389620851211124,-0.00048458161428294644,5.555555579208193e-06,-0.0001639212397657186,5.555555579208193e-06,0.003890213596385639,5.555555579208193e-06,-0.0019397414286157488,-0.005714571306017713,-0.008127438170994039,5.555555579208193e-06
2020-06-22,0.008059168288320765,0.005047028555311655,5.674603439512707e-06,0.011992652220216504,5.674603439512707e-06,0.00619255588209729,5.674603439512707e-06,0.006870231205993671,0.006414863349676336,-0.001,5.674603439512707e-06
2020-06-23,0.004555186181619132,0.003913043134193782,5.555555579208193e-06,0.008510944418173239,5.555555579208193e-06,0.003365432547608682,5.555555579208193e-06,0.006467446099301277,0.0046039612590478285,0.005732897751744238,5.555555579208193e-06
2020-06-24,-0.01345389018766607,-0.011768284622324595,5.555555579208193e-06,-0.020615535320142597,5.555555579208193e-06,-0.004458098943740793,5.555555579208193e-06,-0.023304920643249294,-0.025509043348861837,-0.034076423816030044,5.555555579208193e-06
2020-06-25,0.008029260314208565,0.005523298162628318,5.357143070016589e-06,0.009519481504103977,5.357143070016589e-06,0.003933084771781595,5.357143070016589e-06,0.007091174604992367,0.010720430027647998,0.020771485735289863,5.357143070016589e-06
2020-06-26,-0.014624423176837596,-0.012092184867700721,5.158729969509064e-06,-0.02361495512533429,5.158729969509064e-06,-0.002816105688691543,5.158729969509064e-06,-0.024844375267289664,-0.023751118028702556,-0.030038708828436955,5.158729969509064e-06
2020-06-29,0.007118127761878932,0.006813708753049274,5.277777829813578e-06,0.010906557818001428,5.277777829813578e-06,0.002766785296383782,5.277777829813578e-06,0.01435828064490724,0.014697462974844644,0.022643968773851775,5.277777829813578e-06
2020-06-30,0.012142435271390035,0.009583143792849221,4.96031746031746e-06,0.019601580670173924,4.96031746031746e-06,0.006395357578888799,4.96031746031746e-06,0.014748870433567651,0.012809577706313302,0.025724550279351055,4.96031746031746e-06
2020-07-01,0.006240744935757704,0.005543177454797714,5.357143070016589e-06,0.011672057339987996,5.357143070016589e-06,0.0017496896753017577,5.357143070016589e-06,0.011054659809332734,0.0070046045217826425,0.014603145538814477,5.357143070016589e-06
2020-07-02,0.003638367172693212,0.003400504074098398,5.158729969509064e-06,0.006786530574281802,5.158729969509064e-06,0.0033292192525971784,5.158729969509064e-06,0.003517194331713547,0.005507211893874597,0.008761032603726626,5.158729969509064e-06
2020-07-06,0.013622833333578348,0.010353317853228875,5.277777829813578e-06,0.0245848211773132,5.277777829813578e-06,0.008825978854094639,5.277777829813578e-06,0.01785740430361915,0.015437282382888995,-0.0012407231217379522,5.277777829813578e-06
2020-07-07,-0.0052268875468936314,-0.0036157675861864633,5.079365320621975e-06,-0.0068889306889206026,5.079365320621975e-06,0.004492412275265348,5.079365320621975e-06,-0.009414616072926346,-0.010313958904059395,-0.01708078047756456,5.079365320621975e-06
2020-07-08,0.009708728026310648,0.006184871240453274,5.555555579208193e-06,0.013171619908695087,5.555555579208193e-06,0.005129296024236655,5.555555579208193e-06,0.008994215800886163,0.007648434978086094,0.01295424201271378,5.555555579208193e-06
2020-07-09,0.0035670387426967893,0.002238102497760287,5.357143070016589e-06,0.008423603306215277,5.357143070016589e-06,0.007213847696489658,5.357143070016589e-06,-0.0010359907456059525,-0.005692417594275301,-0.008421723212669874,5.357143070016589e-06
2020-07-10,0.0024950640342948217,0.003758684998526375,4.88095251577241e-06,0.006827266721640024,4.88095251577241e-06,-0.00026394490244866886,4.88095251577241e-06,0.006635119360660469,0.010210394895278085,0.013211643814082796,4.88095251577241e-06
2020-07-13,-0.013689203466387107,-0.010162806308156937,4.761904655467896e-06,-0.020570448972064392,4.761904655467896e-06,-0.00534069029661266,4.761904655467896e-06,-0.01196177831677983,-0.008658977700883419,-0.04750073960835455,4.761904655467896e-06
2020-07-14,0.00717414067211279,0.006149621698499125,4.96031746031746e-06,0.007078244125937827,4.96031746031746e-06,0.004393275851864035,4.96031746031746e-06,0.012807598733950154,0.01295925818065169,0.029335058982331352,4.96031746031746e-06
2020-07-15,0.0018647556455776118,0.0027745668535590186,5.277777829813578e-06,0.002035216048813071,5.277777829813578e-06,-0.0005837247563367973,5.277777829813578e-06,0.009659661472302072,0.009186611164224256,0.013932885849291088,5.277777829813578e-06
2020-07-16,-0.003987418481747716,-0.002478296862218921,4.96031746031746e-06,-0.006822294530568929,4.96031746031746e-06,-0.0038414259262012918,4.96031746031746e-06,-0.0037275405674262463,-0.0032930611823600575,0.008432244031970626,4.96031746031746e-06
2020-07-17,0.00159492536727721,0.0020313442675723645,4.087301592032115e-06,0.0011578116633681468,4.087301592032115e-06,0.0024339081687600643,4.087301592032115e-06,0.0029092759775329324,0.0028988190771126465,0.017342754497243318,4.087301592032115e-06
2020-07-20,0.016675417561646998,0.011742312103859896,4.166666536577164e-06,0.028370899147917017,4.166666536577164e-06,0.011883093371165998,4.166666536577164e-06,0.010724068775827877,0.008081915356527247,0.02374437230518045,4.166666536577164e-06
2020-07-21,-0.006268661730730144,-0.003044454736323806,4.166666536577164e-06,-0.010420662137587411,4.166666536577164e-06,0.0007428114104277196,4.166666536577164e-06,-0.003993947943981224,0.002127403277362605,-0.006244510630391442,4.166666536577164e-06
2020-07-22,0.002863845443103131,0.0033895794044399704,4.365079341426728e-06,0.003522744750952267,4.365079341426728e-06,0.007238041129685512,4.365079341426728e-06,0.0066572976702542475,0.005691900801103822,0.00658292138709804,4.365079341426728e-06
2020-07-23,-0.01614143392864553,-0.010109060110346504,3.968254027385561e-06,-0.026119951507746375,3.968254027385561e-06,-0.0018712122622504,3.968254027385561e-06,-0.015427649316865133,-0.011931321495008529,-0.017241320656381953,3.968254027385561e-06
2020-07-24,-0.0037869394339237216,-0.0036791906914716054,4.087301592032115e-06,-0.009495925906685465,4.087301592032115e-06,-0.00032509561864294917,4.087301592032115e-06,-0.006688634848060149,-0.00644056143451921,-0.0021173530525250284,4.087301592032115e-06
2020-07-27,0.00994680783139086,0.0085452811938402,3.88888878718255e-06,0.017843447902554876,3.88888878718255e-06,0.011295108596541332,3.88888878718255e-06,0.010993106414370846,0.007292431816570133,0.014852920243692003,3.88888878718255e-06
2020-07-28,-0.007204410081660778,-0.004541984685369707,3.6904762779909467e-06,-0.012725185099125458,3.6904762779909467e-06,0.0008447719558054194,3.6904762779909467e-06,-0.011174657714864755,-0.006342365424385377,0.0020907913913175147,3.6904762779909467e-06
2020-07-29,0.00736304290545167,0.006191572379183384,4.087301592032115e-06,0.011525994928023087,4.087301592032115e-06,0.005777767083051333,4.087301592032115e-06,0.010576645733808843,0.01229888749077479,0.00923998153027017,4.087301592032115e-06
2020-07-30,0.002319328670371115,0.0007192621041761093,3.5714287133443927e-06,0.005235783994612886,3.5714287133443927e-06,0.001474651600148221,3.5714287133443927e-06,0.00016709371772377635,-0.003568214292720917,-0.011222712972989823,3.5714287133443927e-06
2020-07-31,0.012304293494641152,0.008016382972423275,3.3730159084948284e-06,0.017845922309076556,3.3730159084948284e-06,0.00876371559758297,3.3730159084948284e-06,0.009596110611367614,0.007902157629483986,0.01373951883996738,3.3730159084948284e-06
2020-08-03,0.007212263040861793,0.005177541345528376,3.2936506682918186e-06,0.013505938619144287,3.2936506682918186e-06,0.0032012392411967516,3.2936506682918186e-06,0.00842571359548383,0.006952304684984201,-0.0008838768565320176,3.2936506682918186e-06
2020-08-04,0.002490941554772477,0.004025694379366906,3.0952381591002147e-06,0.0037124971601203427,3.0952381591002147e-06,0.011507401165526582,3.0952381591002147e-06,0.003140210661393389,0.0038626232171652397,0.015334723093587854,3.0952381591002147e-06
2020-08-05,0.0026746054231299066,0.0022490396012311386,3.5714287133443927e-06,0.002478041941166742,3.5714287133443927e-06,0.001006139384358562,3.5714287133443927e-06,0.004743072393259717,0.006210929436180068,0.010746410938287099,3.5714287133443927e-06
2020-08-06,0.009427120669751859,0.006690143191793087,3.7698412225359962e-06,0.013244900265548809,3.7698412225359962e-06,0.010701704980258537,3.7698412225359962e-06,0.009981196256673458,0.006684340464036653,0.005459840389993698,3.7698412225359962e-06
2020-08-07,-0.00589940955971433,-0.004676460171357054,3.492063473141383e-06,-0.011542510058547006,3.492063473141383e-06,-0.011364722580560944,3.492063473141383e-06,-0.0028399830187175734,0.0007179110408359612,0.0028579156708825604,3.492063473141383e-06
2020-08-10,-0.0015776839616801768,-0.0007084104779283499,3.492063473141383e-06,-0.004272902631175968,3.492063473141383e-06,-0.004068555569938089,3.492063473141383e-06,0.0006082369377851671,0.0029891335107246064,0.013679097752894442,3.492063473141383e-06
2020-08-11,-0.011363845066430865,-0.011655367217161238,3.492063473141383e-06,-0.01894137361504522,3.492063473141383e-06,-0.028173460413059417,3.492063473141383e-06,-0.009655702138831823,-0.008254423957431034,-0.02220975322758567,3.492063473141383e-06
2020-08-12,0.015308967559048283,0.010629816083430063,3.968254027385561e-06,0.025151553622058564,3.968254027385561e-06,0.003795808945369684,3.968254027385561e-06,0.01345502517488062,0.01394208549322351,0.02760215448142489,3.968254027385561e-06
2020-08-13,0.0013000258636817646,0.0013329532095117534,3.968254027385561e-06,0.002281062426017,3.968254027385561e-06,0.0050699309809485085,3.968254027385561e-06,0.0012250716561365282,-0.0018078196098662014,0.0002797515686527863,3.968254027385561e-06
2020-08-14,-0.00013768618240160083,-0.000741255597370012,3.5714287133443927e-06,-0.0011745383202408366,3.5714287133443927e-06,-0.003129987860544599,3.5714287133443927e-06,4.491474786977312e-05,2.9884082307640725e-05,0.00027967332959999425,3.5714287133443927e-06
2020-08-17,0.007303034112930947,0.006387839110920664,3.492063473141383e-06,0.011610752996161322,3.492063473141383e-06,0.0119391253935975,3.492063473141383e-06,0.006299731360256189,0.003176395633701201,0.016498886473174545,3.492063473141383e-06
2020-08-18,0.004349752198459223,0.004490586474965958,3.3730159084948284e-06,0.009625352851719393,3.3730159084948284e-06,0.008594970393312213,3.3730159084948284e-06,0.00370517080320798,0.0021605069050985026,0.005227027493316605,3.3730159084948284e-06
2020-08-19,-0.003514442169783436,-0.0050123652525506015,3.968254027385561e-06,-0.0067273376119298955,3.968254027385561e-06,-0.014818819436925866,3.968254027385561e-06,-0.002904245083569179,-0.004163665210435097,-0.01012596434897195,3.968254027385561e-06
2020-08-20,0.00674338149044739,0.00571991287224321,3.7698412225359962e-06,0.01387188173762266,3.7698412225359962e-06,0.007966475633599682,3.7698412225359962e-06,0.0051810356302879335,0.0031136159003548602,0.0060824227768971895,3.7698412225359962e-06
2020-08-21,0.005024787925839243,0.002190772266918928,3.492063473141383e-06,0.006930029703353879,3.492063473141383e-06,0.000822090805238207,3.492063473141383e-06,0.0019144071660123774,0.00354714854725513,-0.0024732111595883177,3.492063473141383e-06
2020-08-24,0.00487404615010234,0.004281501156453166,3.492063473141383e-06,0.006244199019446395,3.492063473141383e-06,0.0035730764296437734,3.492063473141383e-06,0.013407011283864623,0.010133431556108574,0.0016529304284325086,3.492063473141383e-06
2020-08-25,0.004465902244427177,0.0033681307165329046,3.3730159084948284e-06,0.007862110303598735,3.3730159084948284e-06,0.004192278624653027,3.3730159084948284e-06,0.003452063957238377,0.00349924921288447,0.003300300601496664,3.3730159084948284e-06
2020-08-26,0.012575150403206361,0.009529169585197844,3.7698412225359962e-06,0.02133948569549249,3.7698412225359962e-06,0.01439126637100944,3.7698412225359962e-06,0.018718375371692464,0.010025465744909479,-0.011787289215229535,3.7698412225359962e-06
2020-08-27,-0.003401947934955557,-0.0025420134641627487,3.6904762779909467e-06,-0.0031171152462113882,3.6904762779909467e-06,-0.004164123491720906,3.6904762779909467e-06,-0.00485007853580835,0.002186672727694905,-0.016366162692767916,3.6904762779909467e-06
2020-08-28,0.00436444117298137,0.0037699715593436365,3.7698412225359962e-06,0.0050851559151663395,3.7698412225359962e-06,0.007555740162308681,3.7698412225359962e-06,0.00738656090239731,0.006459107846577217,0.002820143581508061,3.7698412225359962e-06
2020-08-31,0.0020071713924618966,0.00025951639942406327,3.7698412225359962e-06,0.008033229113231455,3.7698412225359962e-06,0.0015990441290977273,3.7698412225359962e-06,-0.004949075537929143,-0.003622356516939429,-0.024465768081648243,3.7698412225359962e-06
2020-09-01,0.010049715834537802,0.008036536369229274,3.7698412225359962e-06,0.017091597252231416,3.7698412225359962e-06,0.011987449230106936,3.7698412225359962e-06,0.016470552084009937,0.00941868108792443,-0.007783236334745425,3.7698412225359962e-06
2020-09-02,0.006824229802398926,0.006092095429737857,3.968254027385561e-06,0.009469217874645386,3.968254027385561e-06,0.010628196370233413,3.968254027385561e-06,0.016691051388525835,0.014463979444282682,-0.012492635483823733,3.968254027385561e-06
2020-09-03,-0.03362472716351122,-0.028127921441910737,3.968254027385561e-06,-0.05070027180586345,3.968254027385561e-06,-0.03821634270930544,3.968254027385561e-06,-0.037572602131951516,-0.034414426579928326,-0.06766699119836372,3.968254027385561e-06
2020-09-04,-0.004819130019556466,-0.004300204543042235,3.968254027385561e-06,-0.013326116610422156,3.968254027385561e-06,-0.009287850492291453,3.968254027385561e-06,-0.010786649176124596,-0.00816468528108849,0.04228457629084437,3.968254027385561e-06
2020-09-08,-0.02463345351585296,-0.020746546707843733,4.087301592032115e-06,-0.04806376590778383,4.087301592032115e-06,-0.03154252011458384,4.087301592032115e-06,-0.02587124627983517,-0.027322928459201035,0.012715773513919615,4.087301592032115e-06
2020-09-09,0.018412793569731616,0.015200234621366202,4.285714396881679e-06,0.029376000202353314,4.285714396881679e-06,0.01914731628650272,4.285714396881679e-06,0.02231150100218282,0.019747245545930214,0.02541101508920862,4.285714396881679e-06
2020-09-10,-0.011788431898632868,-0.010583725643800139,4.166666536577164e-06,-0.019936910570067523,4.166666536577164e-06,-0.01633599487148259,4.166666536577164e-06,-0.015275070054228151,-0.01736333330009221,-0.006413918685110542,4.166666536577164e-06
2020-09-11,-0.0005804849859426819,-0.0004248053563673784,4.087301592032115e-06,-0.006939422592310285,4.087301592032115e-06,-0.005030251490966179,4.087301592032115e-06,0.004552554382549895,0.0005089207388035977,0.03139670297344899,4.087301592032115e-06
2020-09-14,0.01115842952435546,0.010148311939786447,4.087301592032115e-06,0.01741496716320623,4.087301592032115e-06,0.01897862028944456,4.087301592032115e-06,0.014891865872330434,0.01317130936228228,0.009388278862931587,4.087301592032115e-06
2020-09-15,0.006749558476682474,0.00556874470186907,3.968254027385561e-06,0.01417351565019409,3.968254027385561e-06,0.007040127893790012,3.968254027385561e-06,0.005891275409468877,0.005052391756616759,0.0,3.968254027385561e-06
2020-09-16,-0.009569869411465955,-0.005534461745062032,3.968254027385561e-06,-0.015946388777874798,3.968254027385561e-06,-0.0034869648117330882,3.968254027385561e-06,-0.008270991138281086,-0.003968761252139852,0.0019729339269265456,3.968254027385561e-06
2020-09-17,-0.007169394296768478,-0.00643426675930575,3.968254027385561e-06,-0.015621737197496821,3.968254027385561e-06,-0.010571995548086927,3.968254027385561e-06,-0.008332047910309642,-0.008795205057711142,0.010970447201637867,3.968254027385561e-06
2020-09-18,-0.0007653412861332229,-0.006732415262937134,3.3730159084948284e-06,-0.0127629607393277,3.3730159084948284e-06,-0.008388536818299836,3.3730159084948284e-06,-0.01448864740986383,-0.011512677784199732,0.000556495785417388,3.3730159084948284e-06
2020-09-21,-0.007050169851061229,-0.004489689965485917,3.2936506682918186e-06,0.0023982212935422798,3.2936506682918186e-06,-0.013947594200565239,3.2936506682918186e-06,-0.012874870329351001,-0.01112960073715663,-0.017519390140640967,3.2936506682918186e-06
2020-09-22,0.015340936506093899,0.007620632272650552,3.1746031036452638e-06,0.018578912489412014,3.1746031036452638e-06,0.006268098307378326,3.1746031036452638e-06,0.014548158314061754,0.010184305994481058,-0.0036796224562027913,3.1746031036452638e-06
2020-09-23,-0.03033954696561441,-0.017460763351012126,3.492063473141383e-06,-0.03053457387659253,3.492063473141383e-06,-0.028506015970150823,3.492063473141383e-06,-0.025204299185277862,-0.023190787957860337,-0.02585226783205663,3.492063473141383e-06
2020-09-24,0.010076931425663084,0.0025686398508189693,3.492063473141383e-06,0.00465663139912853,3.492063473141383e-06,0.0024406401845399697,3.492063473141383e-06,0.0035616742016963687,0.0026652891544913793,0.009623738919411595,3.492063473141383e-06
2020-09-25,0.015366158576843435,0.01192274490352802,3.6904762779909467e-06,0.023248315272578868,3.6904762779909467e-06,0.01855253608815895,3.6904762779909467e-06,0.014785650978411391,0.016167290637391085,0.012709487434472866,3.6904762779909467e-06
2020-09-28,0.02545130032585553,0.011365218362058043,3.5714287133443927e-06,0.020769456690923338,3.5714287133443927e-06,0.020678464419924415,3.5714287133443927e-06,0.0173867614485419,0.016609114051410634,0.0017112822659344218,3.5714287133443927e-06
2020-09-29,0.004216496800747991,-0.0021559107689180395,3.492063473141383e-06,-0.004509703074626503,3.492063473141383e-06,-0.004829433700516287,3.492063473141383e-06,-0.004377770981137147,-0.005445754436296801,0.010820076300464665,3.492063473141383e-06
2020-09-30,-0.0004824585819624077,0.004166168965324879,3.3730159084948284e-06,0.006849097725196485,3.3730159084948284e-06,0.00799837418569882,3.3730159084948284e-06,0.006844071688090203,0.007581800095888713,0.0,3.3730159084948284e-06
2020-10-01,0.0026757211013145304,0.006904147549671814,3.3730159084948284e-06,0.015872477689159226,3.3730159084948284e-06,0.013709059754484738,3.3730159084948284e-06,0.00594267671825735,0.006419833348730197,-0.003943644778829247,3.3730159084948284e-06
2020-10-02,-0.025509095828813406,-0.011206423947715814,3.2936506682918186e-06,-0.02813134126692396,3.2936506682918186e-06,-0.011729644185188588,3.2936506682918186e-06,-0.010102568654739241,-0.009494398794593906,-0.013857513292105272,3.2936506682918186e-06
2020-10-05,0.021689360858557313,0.012220440896396118,3.3730159084948284e-06,0.021326326047163224,3.3730159084948284e-06,0.02078244008524906,3.3730159084948284e-06,0.017091264373192527,0.017733066386504737,0.014625814506811663,3.3730159084948284e-06
2020-10-06,-0.006393842498713189,-0.008266000258542404,3.3730159084948284e-06,-0.017846991741158447,3.3730159084948284e-06,-0.006305814187549311,3.3730159084948284e-06,-0.01468222854548712,-0.014216157741931634,-0.006500834801941413,3.3730159084948284e-06
2020-10-07,0.01114373732821929,0.011172875934748007,3.492063473141383e-06,0.01729897052422058,3.492063473141383e-06,0.016702308645663168,3.492063473141383e-06,0.022253283950264102,0.017406844662400278,0.01621620683016367,3.492063473141383e-06
2020-10-08,0.0010456200058351689,0.0050291754354410195,3.492063473141383e-06,0.00532326193301369,3.492063473141383e-06,0.008296756559160881,3.492063473141383e-06,0.007941755878387247,0.008862617198674316,0.01987679339890791,3.492063473141383e-06
2020-10-09,0.006686618634869702,0.008087744059289005,3.492063473141383e-06,0.015280195137162833,3.492063473141383e-06,0.009093371872554174,3.492063473141383e-06,0.009289259060348998,0.008930095930531845,0.026077429453232215,3.492063473141383e-06
2020-10-12,0.019842575643081964,0.012797533146675718,3.6904762779909467e-06,0.030870082786470743,3.6904762779909467e-06,0.015432544379667752,3.6904762779909467e-06,0.011159354150555606,0.016087814922110866,0.008828197082072942,3.6904762779909467e-06
2020-10-13,0.0012297488953163002,-0.001952731891471261,3.5714287133443927e-06,-3.3701556829468515e-05,3.5714287133443927e-06,-0.0035995633340920596,3.5714287133443927e-06,-0.006641334681586314,-0.00652637994808869,-0.005038415044332778,3.5714287133443927e-06
2020-10-14,-0.007646484104339267,-0.0038442001650216993,3.6904762779909467e-06,-0.008352579109289326,3.6904762779909467e-06,-0.008327139639073684,3.6904762779909467e-06,-0.001968504930039028,-0.0062832885391033155,0.0031982657361597777,3.6904762779909467e-06
2020-10-15,-0.004835408561934661,-0.002164907926920664,3.968254027385561e-06,-0.006711048362237015,3.968254027385561e-06,-0.0012074181845500207,3.968254027385561e-06,-2.103301100667143e-05,-0.0012357311754985778,-0.004250793039494938,3.968254027385561e-06
2020-10-16,-0.002257975817053082,-0.0017105828090512322,3.7698412225359962e-06,-0.005480911340718042,3.7698412225359962e-06,-0.001471510991323181,3.7698412225359962e-06,0.0005786783688468411,-0.0006042521603490947,-0.0026680489685814157,3.7698412225359962e-06
2020-10-19,-0.008083743792636246,-0.009252651756895689,3.5714287133443927e-06,-0.016325170163881686,3.5714287133443927e-06,-0.010376068964269087,3.5714287133443927e-06,-0.013656274004297503,-0.015203471986944939,-0.022204435723322424,3.5714287133443927e-06
2020-10-20,0.0059102803715328275,0.0020662242051464317,3.5714287133443927e-06,0.0021493377609216324,3.5714287133443927e-06,0.005112402489501214,3.5714287133443927e-06,0.004741273993194073,0.004005584967490261,-0.00027355189444344674,3.5714287133443927e-06
2020-10-21,0.011235793250080547,-0.0005532833247412311,3.7698412225359962e-06,-0.0007732624796528142,3.7698412225359962e-06,-0.002175711073364043,3.7698412225359962e-06,-0.005223217957275372,-0.001892804788257485,0.012588918252522063,3.7698412225359962e-06
2020-10-22,0.014411496615062105,0.0020984918695438103,3.5714287133443927e-06,-3.515021377109573e-05,3.5714287133443927e-06,0.0056674440149283205,3.5714287133443927e-06,0.002770624319773096,0.005484994416917965,0.011351301863386842,3.5714287133443927e-06
2020-10-23,0.001879233669324882,0.001785274957019675,3.3730159084948284e-06,0.001970594700229311,3.3730159084948284e-06,0.004543913126325923,3.3730159084948284e-06,0.003820124916736972,0.0033953304556590957,-0.0005343838600986306,3.3730159084948284e-06
2020-10-26,-0.012767372709762508,-0.01245080467909463,3.2936506682918186e-06,-0.014996469009269875,3.2936506682918186e-06,-0.016511997010222285,3.2936506682918186e-06,-0.0227310864802788,-0.018480029289240196,-0.051336949339802374,3.2936506682918186e-06
2020-10-27,0.00398390666996763,0.0014158174345044886,3.1746031036452638e-06,0.007808565708043558,3.1746031036452638e-06,0.001198773413831492,3.1746031036452638e-06,-0.006700088198819731,-0.003447357073365409,0.004227776995891386,3.1746031036452638e-06
2020-10-28,-0.026825364878860263,-0.024019315297166145,3.5714287133443927e-06,-0.038986922680848135,3.5714287133443927e-06,-0.03160593079438789,3.5714287133443927e-06,-0.03376957839889566,-0.034178904188148174,-0.0718496013625417,3.5714287133443927e-06
2020-10-29,0.011690835517827302,0.008514711639574823,3.5714287133443927e-06,0.01748647704760975,3.5714287133443927e-06,0.013158102780138698,3.5714287133443927e-06,0.014559550989842074,0.010163481964473808,-0.001,3.5714287133443927e-06
2020-10-30,-0.01593529855509127,-0.010758911123538564,3.2936506682918186e-06,-0.02536312608912661,3.2936506682918186e-06,-0.016618441967957587,3.2936506682918186e-06,-0.011445725452790045,-0.010424815963352874,0.0,3.2936506682918186e-06
2020-11-02,0.002209042653090681,0.00478705786135299,3.2936506682918186e-06,0.002227779937025165,3.2936506682918186e-06,0.010936360754563241,3.2936506682918186e-06,0.017479599335344376,0.01120837858547441,0.0,3.2936506682918186e-06
2020-11-03,0.010380015930349084,0.010273472234425903,3.2936506682918186e-06,0.017297404639931013,3.2936506682918186e-06,0.016693533609832906,3.2936506682918186e-06,0.02119836585673096,0.017655786811038965,0.0,3.2936506682918186e-06
2020-11-04,0.023224000467161245,0.017516840717603052,3.5714287133443927e-06,0.04463870537050263,3.5714287133443927e-06,0.02573482419011408,3.5714287133443927e-06,0.00819569355934019,0.02234947568259238,0.0,3.5714287133443927e-06
2020-11-05,0.016816413526488303,0.01479830041497996,3.2936506682918186e-06,0.026070870193245277,3.2936506682918186e-06,0.023704646307644607,3.2936506682918186e-06,0.028732507971904686,0.019502517539754516,0.00775751742765396,3.2936506682918186e-06
2020-11-06,0.0028504110324221324,0.001871281375882694,3.3730159084948284e-06,0.0007472631313321099,3.3730159084948284e-06,-0.0008214614654348991,3.3730159084948284e-06,0.0010094347112689084,-0.00022786870114743785,0.03445470528307615,3.3730159084948284e-06
2020-11-09,-0.009921244004657883,-0.0013677905293925027,3.2936506682918186e-06,-0.020433797168958434,3.2936506682918186e-06,0.00756466150940179,3.2936506682918186e-06,0.011510906891681105,0.012565211807914256,0.010228150504159261,3.2936506682918186e-06
2020-11-10,-0.0065824154627066814,-0.004152327888566754,3.492063473141383e-06,-0.01791465471027276,3.492063473141383e-06,-0.00357758977201524,3.492063473141383e-06,0.0018003354861508003,-0.0014665528886659285,0.015835945044196276,3.492063473141383e-06
2020-11-11,0.010787887579783781,0.007620487754125196,3.5714287133443927e-06,0.022369654417961682,3.5714287133443927e-06,0.009487299532201213,3.5714287133443927e-06,-0.005155658426239579,0.007428768653581441,0.01124453398156211,3.5714287133443927e-06
2020-11-12,-0.007146072630273384,-0.006491098068237629,3.5714287133443927e-06,-0.004693555203876487,3.5714287133443927e-06,-0.009180389128828272,3.5714287133443927e-06,-0.01419948407241256,-0.00970102536547568,-0.03588572605248341,3.5714287133443927e-06
2020-11-13,0.008615617620938355,0.00863790040765528,3.3730159084948284e-06,0.008772614413157465,3.3730159084948284e-06,0.014512934979327891,3.3730159084948284e-06,0.016032072126909436,0.01384456203181239,0.03250321924439192,3.3730159084948284e-06
2020-11-16,0.009680588620748541,0.007280188964346476,3.2936506682918186e-06,0.0078026138305402615,3.2936506682918186e-06,0.014673892105965553,3.2936506682918186e-06,0.016707435396865422,0.01248268321648971,0.010408729468522226,3.2936506682918186e-06
2020-11-17,0.001909129859712409,-0.0010970397587747307,2.9761905944536602e-06,-0.0031721808943109275,2.9761905944536602e-06,0.000159523323732295,2.9761905944536602e-06,-0.004028768783909509,-0.005378689373159773,0.009547765713557865,2.9761905944536602e-06
2020-11-18,-0.005386275313014419,-0.00569510645876883,3.1746031036452638e-06,-0.007390338199259383,3.1746031036452638e-06,-0.008292363325979268,3.1746031036452638e-06,-0.0075635113786849395,-0.012034682876476688,-0.01891493604923067,3.1746031036452638e-06
2020-11-19,0.0061959170937656155,0.004078878307612011,2.9761905944536602e-06,0.007824887109514345,2.9761905944536602e-06,0.005713110499158865,2.9761905944536602e-06,0.004923337675630746,0.004210228345496558,0.00913243599882163,2.9761905944536602e-06
2020-11-20,-0.005338333359293518,-0.0028329110244409844,2.380952327733948e-06,-0.00684068924566239,2.380952327733948e-06,-7.845817963865942e-05,2.380952327733948e-06,-0.0063588831707385995,-0.006847548409906978,0.0007542130446156481,2.380952327733948e-06
2020-11-23,0.005985963343157804,0.0027120638694370335,2.3015872353599184e-06,3.4618658063312324e-05,2.3015872353599184e-06,0.0071295633836219174,2.3015872353599184e-06,0.008947970274152978,0.0059941079511185436,0.005777431155544743,2.3015872353599184e-06
2020-11-24,0.009275616515198384,0.00926336765341001,2.7777777896040964e-06,0.014050116501903576,2.7777777896040964e-06,0.015423605795701935,2.7777777896040964e-06,0.0177830447044951,0.01611385611865468,0.008991024028971895,2.7777777896040964e-06
2020-11-25,0.0030117687862924987,0.0018395321007667951,3.1746031036452638e-06,0.006146525102783906,3.1746031036452638e-06,-0.0009633214221116035,3.1746031036452638e-06,-0.0036620079771127467,-0.0015419959551188356,0.01856435573448123,3.1746031036452638e-06
2020-11-27,0.0023498853859347246,0.003740742981306334,3.1746031036452638e-06,0.009214144708132421,3.1746031036452638e-06,0.007647961983925662,3.1746031036452638e-06,0.002745212226481275,0.0027849338400300905,-0.003888209999493797,3.1746031036452638e-06
2020-11-30,-0.0014179248436006237,-0.0019553010150520213,2.896825354250651e-06,0.002040111443347481,2.896825354250651e-06,-0.014102896312618962,2.896825354250651e-06,-0.0045793736233913085,-0.004427014716136823,0.00878255137626427,2.896825354250651e-06
2020-12-01,0.00731951050261283,0.006603511613877126,2.9761905944536602e-06,0.012816184350988635,2.9761905944536602e-06,0.013932366816815422,2.9761905944536602e-06,0.00718089478459924,0.010937309083278945,-0.004594888360827776,2.9761905944536602e-06
2020-12-02,0.002621361133404507,0.0003928974602942927,3.1746031036452638e-06,0.001285370475564207,3.1746031036452638e-06,0.0012447088394917927,3.1746031036452638e-06,-0.0048048093268689696,0.0021037882109393724,0.004130271726744628,3.1746031036452638e-06
2020-12-03,0.0013125711554701604,0.0009154006102722859,2.9761905944536602e-06,0.001415119956437394,2.9761905944536602e-06,0.006167341151214274,2.9761905944536602e-06,-0.000536604259632617,-0.00027252498867413877,-0.005806960266971584,2.9761905944536602e-06
2020-12-04,0.00901894525222905,0.005027902943693519,2.9761905944536602e-06,0.004074797922353879,2.9761905944536602e-06,0.012559295683910232,2.9761905944536602e-06,0.010764733079643929,0.00861751199062355,0.008031102826283165,2.9761905944536602e-06
2020-12-07,-0.00012301017594436,0.001239208688696598,2.9761905944536602e-06,0.005662651724362755,2.9761905944536602e-06,0.002206266705756595,2.9761905944536602e-06,-0.0026975124472719825,-0.002054805182675312,-0.0016899975354586205,2.9761905944536602e-06
2020-12-08,0.003532239882350077,0.003034387063793186,2.7777777896040964e-06,0.003385065298908696,2.7777777896040964e-06,0.005541571779729432,2.7777777896040964e-06,0.002900899574070276,0.0029261119090782106,0.016928676874741644,2.7777777896040964e-06
2020-12-09,-0.01213022763640016,-0.009656806872865303,2.6984128450590464e-06,-0.02264088104221762,2.6984128450590464e-06,-0.012858433622660813,2.6984128450590464e-06,-0.004329111672970398,-0.0089686820159941,-0.019262724691796462,2.6984128450590464e-06
2020-12-10,0.006105078788875091,0.0017133083972521574,2.7777777896040964e-06,0.004015713277484512,2.7777777896040964e-06,0.008855479404763573,2.7777777896040964e-06,-0.0037705382403559473,-0.00032740935856812037,-0.004364701693738482,2.7777777896040964e-06
2020-12-11,-0.0020927068159451853,-0.0027688805989460057,2.7777777896040964e-06,-0.002214667695873085,2.7777777896040964e-06,-0.00472593536694991,2.7777777896040964e-06,-0.005060133678111922,-0.001172202629371788,-0.018265951654055868,2.7777777896040964e-06
2020-12-14,-0.0012576963785885123,0.0001752316339305312,2.579364984754532e-06,0.007255065355387336,2.579364984754532e-06,0.0010754987439321648,2.579364984754532e-06,-0.008943225988700093,-0.004477248190131289,-0.011411631939926337,2.579364984754532e-06
2020-12-15,0.011253801465764612,0.00858171019998896,2.380952327733948e-06,0.010689634915675539,2.380952327733948e-06,0.01550376014087303,2.380952327733948e-06,0.015652358462381943,0.013519464150272942,0.020075359658478842,2.380952327733948e-06
2020-12-16,0.003169900337924523,0.002615573123628147,2.7777777896040964e-06,0.005499485789488778,2.7777777896040964e-06,0.0022194225325130974,2.7777777896040964e-06,-0.0013330881115281574,0.0015691351904820738,0.01845018380928054,2.7777777896040964e-06
2020-12-17,0.0017299324871300435,0.004225585366050589,2.9761905944536602e-06,0.006537628811237983,2.9761905944536602e-06,0.008317568243137563,2.9761905944536602e-06,0.005487811203368997,0.005592018287759126,0.007487863458168542,2.9761905944536602e-06
2020-12-18,-0.0041983808264645485,-0.0023559596913646967,3.1746031036452638e-06,-0.0030223358486599627,3.1746031036452638e-06,-0.0030125688436752154,3.1746031036452638e-06,-0.002746593455762086,-0.003992823424564085,-0.011508020924771878,3.1746031036452638e-06
2020-12-21,-0.0014616257284720642,-0.004407936053579652,3.1746031036452638e-06,-0.0018708545533439036,3.1746031036452638e-06,-0.005697160783483294,3.1746031036452638e-06,-0.008296653546328692,-0.0035756310901859933,-0.039776847146660965,3.1746031036452638e-06
2020-12-22,0.0003364267619502244,0.0007067833700866073,3.0952381591002147e-06,0.0027193048581604096,3.0952381591002147e-06,0.0020427231334689076,3.0952381591002147e-06,-0.006718757664128411,-0.0016851844388018344,0.010356146648948794,3.0952381591002147e-06
2020-12-23,-0.0002459067511274432,0.0009096085274985779,3.0952381591002147e-06,-0.005036354657161124,3.0952381591002147e-06,0.004568124368033,3.0952381591002147e-06,0.003400762621543291,0.0008986074545123124,0.021500015258788974,3.0952381591002147e-06
2020-12-24,0.002497395463138865,0.0025099632631980684,2.9761905944536602e-06,0.0044128379274928076,2.9761905944536602e-06,-0.00020327967858435603,2.9761905944536602e-06,0.0036134319534786297,0.003890320236791256,0.0156632251612423,2.9761905944536602e-06
2020-12-28,0.0033422213592427348,0.004140537355395161,2.9761905944536602e-06,0.01007881014669798,2.9761905944536602e-06,0.0030511640269282876,2.9761905944536602e-06,0.0033716566494702838,0.008590700770888082,0.003614494599491813,2.9761905944536602e-06
2020-12-29,-0.001423092638727744,-0.0026163528698926897,3.1746031036452638e-06,0.0008952321997794943,3.1746031036452638e-06,-0.007459906363751452,3.1746031036452638e-06,-0.004146748099846137,-0.0019075292295412938,-0.023289344181666394,3.1746031036452638e-06
2020-12-30,0.0022177846056296658,0.002233509350447087,3.5714287133443927e-06,3.1961986006967535e-05,3.5714287133443927e-06,0.003192608391546115,3.5714287133443927e-06,0.007166482876301561,0.0014265292214972192,0.01843657803278287,3.5714287133443927e-06
2020-12-31,0.0020836942025684335,0.0009465942141463143,2.7777777896040964e-06,0.002460288501644703,2.7777777896040964e-06,-0.0039931016144712315,2.7777777896040964e-06,0.0053643648164127256,0.005081087305031762,0.0002413304721109455,2.7777777896040964e-06
2021-01-04,-0.011390558125619281,-0.009488683511456313,2.579364984754532e-06,-0.014119532913979271,2.579364984754532e-06,-0.007596623729610858,2.579364984754532e-06,-0.01639330496625077,-0.0136142521630217,-0.0431949121657641,2.579364984754532e-06
2021-01-05,0.01012478672422058,0.006840833676464317,2.6984128450590464e-06,0.008243725697189008,2.6984128450590464e-06,0.015911520879148117,2.6984128450590464e-06,0.01081286724177416,0.00688749941147182,0.015888959121648005,2.6984128450590464e-06
2021-01-06,-0.0021591539518131327,0.0003455774754670338,3.0952381591002147e-06,-0.013852131684038316,3.0952381591002147e-06,0.006205045114382506,3.0952381591002147e-06,0.022919172820708017,0.005978472565431048,0.0027308990487879825,3.0952381591002147e-06
2021-01-07,0.021120684541508356,0.01105753898993765,3.0952381591002147e-06,0.024191821506260425,3.0952381591002147e-06,0.008778044435999943,3.0952381591002147e-06,0.011167814309867075,0.014857754019373948,0.02921516026262183,3.0952381591002147e-06
2021-01-08,0.0013509836001848441,0.006018878889968019,3.1746031036452638e-06,0.012858181722009254,3.1746031036452638e-06,0.011716806559347592,3.1746031036452638e-06,0.0031776415869122776,0.005697586002417321,0.006013952413647106,3.1746031036452638e-06
2021-01-11,-0.005440004135571582,-0.007144218390602556,3.1746031036452638e-06,-0.014450466846019916,3.1746031036452638e-06,-0.009821761383853229,3.1746031036452638e-06,-0.003940641066001893,-0.006740952765800667,-0.023194673069860783,3.1746031036452638e-06
2021-01-12,0.005628338449321349,0.002497268355256733,3.1746031036452638e-06,-0.0015900765733669608,3.1746031036452638e-06,0.008051527962055438,3.1746031036452638e-06,0.012050784796760805,0.00021107299732525675,0.009302352076119957,3.1746031036452638e-06
2021-01-13,0.0018732960388855905,0.0019182222980933341,3.1746031036452638e-06,0.006753108221014381,3.1746031036452638e-06,0.0006024758402686606,3.1746031036452638e-06,-0.004878777219427283,0.0026929179337651377,0.008489019954021959,3.1746031036452638e-06
2021-01-14,-0.0027492882328612996,-0.0007463586293060926,3.1746031036452638e-06,-0.0053471376114894165,3.1746031036452638e-06,0.007988761300953235,3.1746031036452638e-06,-0.0004566886994352426,-0.0035016801367359074,-0.006012505747733821,3.1746031036452638e-06
2021-01-15,-0.01091247892446702,-0.0063889774044572105,2.9761905944536602e-06,-0.00792123415140844,2.9761905944536602e-06,-0.012326817059805612,2.9761905944536602e-06,-0.012877794197933834,-0.007292885651669079,-0.014517354518177816,2.9761905944536602e-06
2021-01-19,0.008201125857623219,0.007411230022585175,2.9761905944536602e-06,0.014590052667301512,2.9761905944536602e-06,0.014653604438019736,2.9761905944536602e-06,0.0037426881880308627,0.00785221096768085,0.012030485734689789,2.9761905944536602e-06
2021-01-20,0.009603605729364648,0.010277525824395235,2.896825354250651e-06,0.023260740006749492,2.896825354250651e-06,0.015073708646330767,2.896825354250651e-06,0.006044695410316631,0.013838574416001004,0.01115960870572752,2.896825354250651e-06
2021-01-21,0.002375714199544527,0.0015924291818293613,2.9761905944536602e-06,0.007999425375406544,2.9761905944536602e-06,0.0003674842529893807,2.9761905944536602e-06,-0.007118281607411819,0.0009115580166638715,0.003598884951550252,2.9761905944536602e-06
2021-01-22,-0.0014458928205966454,-0.0017838957316577255,2.896825354250651e-06,-0.0028800048265968936,2.896825354250651e-06,1.3842035722337435e-05,2.896825354250651e-06,-0.005145916916254295,-0.003539242200011783,-0.0057375488396134156,2.896825354250651e-06
2021-01-25,0.0003886682891804268,0.0016687311198885601,2.7777777896040964e-06,0.008266342826424022,2.7777777896040964e-06,0.004937493748387367,2.7777777896040964e-06,-0.0038924183519088162,0.0039437816210310395,-0.02091846426287236,2.7777777896040964e-06
2021-01-26,-0.001217071058925177,-0.0010806970541169785,2.7777777896040964e-06,0.0014627596398359977,2.7777777896040964e-06,-0.004254342891618598,2.7777777896040964e-06,-0.007903033038270502,-0.0015608585699278255,0.00196458776913655,2.7777777896040964e-06
2021-01-27,-0.022469312712433312,-0.020509352234980526,2.6984128450590464e-06,-0.027876582437721398,2.6984128450590464e-06,-0.02465530220728736,2.6984128450590464e-06,-0.02740155647739731,-0.024440341655874054,-0.10539214013402864,2.6984128450590464e-06
2021-01-28,0.006524554800535185,0.003515150593245823,2.380952327733948e-06,0.005916680455296364,2.380952327733948e-06,0.0032388714205944247,2.380952327733948e-06,0.009543910337099837,0.008599798974880946,-0.001,2.380952327733948e-06
2021-01-29,-0.01420507876825171,-0.013173953607672186,2.182539670713364e-06,-0.02103796829412241,2.182539670713364e-06,-0.020351451402113214,2.182539670713364e-06,-0.021579833596624437,-0.020019404125819706,-0.024060289602373164,2.182539670713364e-06
2021-02-01,0.014924979534986617,0.01421592575715374,1.9047619213187506e-06,0.024987207511961707,1.9047619213187506e-06,0.025521980771972503,1.9047619213187506e-06,0.015310621830473825,0.016645435712945078,0.027214757084494945,1.9047619213187506e-06
2021-02-02,0.013579182379504846,0.011205263453425023,1.9047619213187506e-06,0.016314223995853583,1.9047619213187506e-06,0.01450902852590478,1.9047619213187506e-06,0.017535082536430324,0.014140217304682734,0.04271419152914491,1.9047619213187506e-06
2021-02-03,0.0037006241864367684,0.0005319986597350657,1.9841270136927804e-06,-0.00396744079268696,1.9841270136927804e-06,0.0013589373046712185,1.9841270136927804e-06,-0.00035945254917607583,0.0007863247538504314,0.02592688638610996,1.9841270136927804e-06
2021-02-04,0.008410586466360058,0.007857708196383057,1.5873015518226319e-06,0.011826464364274258,1.5873015518226319e-06,0.010860698283230663,1.5873015518226319e-06,0.013197308771107086,0.011365657186556577,0.02198632647446197,1.5873015518226319e-06
2021-02-05,0.0023984218806040922,0.0030053950121244778,1.190476163866974e-06,0.0033913794007884857,1.190476163866974e-06,0.008619868706730704,1.190476163866974e-06,0.005071654771503231,0.003935916246732729,0.0012364751101843208,1.190476163866974e-06
2021-02-08,0.007507616695922392,0.0049415071630570075,9.126984144723604e-07,0.006699744961168985,9.126984144723604e-07,0.011337804740961945,9.126984144723604e-07,0.008263697166303208,0.007222058871018566,0.003951589053581062,9.126984144723604e-07
2021-02-09,-0.003926856668596248,0.0002797540382670551,7.936507759113159e-07,-0.00020943099754711092,7.936507759113159e-07,0.005049173944202752,7.936507759113159e-07,-0.0025257896806649967,-0.0006658564232322473,-0.002460080813396659,7.936507759113159e-07
2021-02-10,0.0018029869900109924,-0.0007945284767764074,1.3095238024280185e-06,-0.0022791509020428924,1.3095238024280185e-06,-0.0017782458126437042,1.3095238024280185e-06,0.006784209505715705,-0.00043547590348369525,-0.012083794648304225,1.3095238024280185e-06
2021-02-11,0.0008400517365315999,0.002821110814944309,1.3888888948020482e-06,0.005499564825620196,1.3888888948020482e-06,0.005009665163717111,1.3888888948020482e-06,-0.0016318592051482728,0.0016147839134816877,0.014727911441891672,1.3888888948020482e-06
2021-02-12,0.005389157355468507,0.003966541520032553,1.3888888948020482e-06,0.005589543224342242,1.3888888948020482e-06,0.003093229084258464,1.3888888948020482e-06,0.008609178059930722,0.004939927763043306,0.017466151483921832,1.3888888948020482e-06
2021-02-16,0.0025814321385499656,0.00035398333995002965,1.3888888948020482e-06,-0.002705098326755584,1.3888888948020482e-06,0.0004457714811390755,1.3888888948020482e-06,0.010778960474130711,-0.0008660698244775666,-0.001,1.3888888948020482e-06
2021-02-17,-0.0006123979048472893,-0.0008463037460002809,1.3888888948020482e-06,-0.004798085618288317,1.3888888948020482e-06,-0.004449212599773378,1.3888888948020482e-06,0.005541435216981527,0.0002296180009762061,0.008975665757512519,1.3888888948020482e-06
2021-02-18,-0.007333541041821443,-0.004235101802376779,1.3888888948020482e-06,-0.004372084540701038,1.3888888948020482e-06,-0.011420827557129733,1.3888888948020482e-06,-0.009897422884226736,-0.0042561941904027956,-0.0024090213963997575,1.3888888948020482e-06
2021-02-19,0.0034398075826062953,0.003041428004042666,9.126984144723604e-07,-0.00436138703743727,9.126984144723604e-07,0.010073262848235323,9.126984144723604e-07,0.015334310648314364,-0.001766033714943771,0.02439020345942655,9.126984144723604e-07
2021-02-22,-0.007154472852647692,-0.009043960787654003,9.126984144723604e-07,-0.025919952901583887,9.126984144723604e-07,-0.01278377258429386,9.126984144723604e-07,0.012738535642504711,-0.007691356374823322,-0.026874102754747553,9.126984144723604e-07
2021-02-23,0.003881249511373478,0.0009354236686690438,9.920635068463902e-07,-0.0029772576387214755,9.920635068463902e-07,-0.001135929888894919,9.920635068463902e-07,0.007291891168896447,0.0012141194377865983,0.020591141326405715,9.920635068463902e-07
2021-02-24,0.011798774334101637,0.006905422833016013,9.126984144723604e-07,0.008243095998534011,9.126984144723604e-07,0.006787814283901553,9.126984144723604e-07,0.020621586978673556,0.01101934207048072,0.01875141421318327,9.126984144723604e-07
2021-02-25,-0.022374607929210238,-0.02043634402311762,1.1111111454074344e-06,-0.03486246427431716,1.1111111454074344e-06,-0.025590423195178565,1.1111111454074344e-06,-0.019746959059969815,-0.024095747194895933,-0.08201297281539244,1.1111111454074344e-06
2021-02-26,-0.0016916912767917483,-0.0011770260478539104,1.3095238024280185e-06,0.004187448065416044,1.3095238024280185e-06,-0.0096321863181917,1.3095238024280185e-06,-0.01649392504944633,-0.005152474997699108,0.025126848361142207,1.3095238024280185e-06
2021-03-01,0.021233907308463824,0.017955122665281372,1.3888888948020482e-06,0.03008218230296067,1.3888888948020482e-06,0.027042546265388934,1.3888888948020482e-06,0.027028474876913455,0.02424001298644818,0.03713790598334188,1.3888888948020482e-06
2021-03-02,-0.006908679617430604,-0.006823316020212788,1.1111111454074344e-06,-0.016038757633051626,1.1111111454074344e-06,-0.010030347657924765,1.1111111454074344e-06,-0.005332283811258387,-0.007803080079061719,-0.003819523746559139,1.1111111454074344e-06
2021-03-03,-0.01115753174563003,-0.010113267205940048,1.3888888948020482e-06,-0.029020261073038234,1.3888888948020482e-06,-0.0063150050246575384,1.3888888948020482e-06,0.0023227938053631547,-0.013245752269536282,-0.02300501066387528,1.3888888948020482e-06
2021-03-04,-0.004699807308124137,-0.009168154463364704,1.3888888948020482e-06,-0.01636675326605297,1.3888888948020482e-06,-0.020242863482801833,1.3888888948020482e-06,-0.0013124625463873107,-0.012375055219559172,-0.019622252344326574,1.3888888948020482e-06
2021-03-05,0.015549726803676054,0.011326464380745669,1.1111111454074344e-06,0.015060622577953042,1.1111111454074344e-06,0.012855681855030943,1.1111111454074344e-06,0.025890919521423472,0.01839677488141178,0.03327490557264556,1.1111111454074344e-06
2021-03-08,-0.011896235737288827,-0.008417370616993769,1.1111111454074344e-06,-0.02831372361407647,1.1111111454074344e-06,-0.008563205049804122,1.1111111454074344e-06,0.0029437565315907077,-0.004978791333153376,0.00048427259402283873,1.1111111454074344e-06
2021-03-09,0.022880274764103536,0.01389346240755159,1.3888888948020482e-06,0.03944087466747903,1.3888888948020482e-06,0.01881032620279773,1.3888888948020482e-06,-0.0048880059539455345,0.014277442946936558,0.012584715914913502,1.3888888948020482e-06
2021-03-10,0.0022723678860744447,0.002515745244092338,1.3888888948020482e-06,-0.002854360992356475,1.3888888948020482e-06,0.005711554170143462,1.3888888948020482e-06,0.016184936913955172,0.006224645309845567,0.0057361777627038535,1.3888888948020482e-06
2021-03-11,0.017209877008778345,0.01051716774871558,1.190476163866974e-06,0.023031189841615785,1.190476163866974e-06,0.01960521233113499,1.190476163866974e-06,0.004280018852841544,0.010139310330012918,0.012595027477060095,1.190476163866974e-06
2021-03-12,-0.005958119058537524,-0.0019498672935241317,1.1111111454074344e-06,-0.00811209498062515,1.1111111454074344e-06,-0.004193885210385402,1.1111111454074344e-06,0.005706745136664998,0.001346693831062229,0.0007040314214308285,1.1111111454074344e-06
2021-03-15,0.00703878356915818,0.005548785654916484,9.920635068463902e-07,0.010682424847923366,9.920635068463902e-07,0.0039749428319780416,9.920635068463902e-07,-0.00041819960562969327,0.005963469859201709,0.03752350637244106,9.920635068463902e-07
2021-03-16,-0.005107120204887744,-0.00018176818743260217,5.95238081933487e-07,0.005488686376175389,5.95238081933487e-07,-0.0045779306555586334,5.95238081933487e-07,-0.010666978117354148,-0.0012612751138160183,0.005876996195046669,5.95238081933487e-07
2021-03-17,0.0013946316005590963,0.002540775423082659,3.1746033253887344e-07,0.0041179131090411936,3.1746033253887344e-07,0.004341581390317151,3.1746033253887344e-07,0.006542228845178577,0.0034097850419847475,-0.001,3.1746033253887344e-07
2021-03-18,-0.02549545549592847,-0.013446975408375961,3.1746033253887344e-07,-0.030630648822886353,3.1746033253887344e-07,-0.02178619769502917,3.1746033253887344e-07,-0.014302573878176073,-0.014549724469206216,0.0,3.1746033253887344e-07
2021-03-19,0.0045779506959754334,0.0023047323679466253,1.1904762008242191e-07,0.00352517277745501,1.1904762008242191e-07,0.006885910635863486,1.1904762008242191e-07,-0.002567373609702772,-0.0018500496934692467,0.01572009951414588,1.1904762008242191e-07
2021-03-22,0.006027887475199193,0.006492687970917883,1.9841269397782899e-07,0.01875331843236072,1.9841269397782899e-07,-0.003192610380010804,1.9841269397782899e-07,-0.003657068990901874,0.007985085154033511,0.04100021896482908,1.9841269397782899e-07
2021-03-23,-0.008045605707438017,-0.006528988748532504,1.9841269397782899e-07,-0.004362581405838228,1.9841269397782899e-07,-0.023077565407941997,1.9841269397782899e-07,-0.01336456636022948,-0.00787088578645656,-0.001,1.9841269397782899e-07
2021-03-24,-0.013309131644730228,-0.007184556572039197,3.9682538795565797e-07,-0.01686513702178727,3.9682538795565797e-07,-0.017014061974741385,3.9682538795565797e-07,0.002699608278540988,-0.005083525357764018,-0.0060997682930811195,3.9682538795565797e-07
2021-03-25,0.008158461997267897,0.0033382504222629365,5.95238081933487e-07,-0.001731512054143236,5.95238081933487e-07,0.011938264612554908,5.95238081933487e-07,0.007893787798279844,0.005625678326689476,0.015377812744183705,5.95238081933487e-07
2021-03-26,0.022988735893496738,0.009782225344540535,5.95238081933487e-07,0.014999939264124018,5.95238081933487e-07,0.019064180631828426,5.95238081933487e-07,0.02013805286671616,0.01611486259582695,-0.001,5.95238081933487e-07
2021-03-29,-0.0019411515558004824,-0.0026547380875858815,5.95238081933487e-07,-0.0002847306009700068,5.95238081933487e-07,-0.013003813217678368,5.95238081933487e-07,-0.0059528438796711824,-0.0005052335880151304,0.0,5.95238081933487e-07
2021-03-30,-0.0021522778264599757,0.00048359264202744306,3.1746033253887344e-07,-0.005033136419215656,3.1746033253887344e-07,0.006246833805358398,3.1746033253887344e-07,-2.6935028071800593e-05,-0.0026529873759687517,0.02012832114848717,3.1746033253887344e-07
2021-03-31,0.004453557058039368,0.004224142702223257,5.158730265167025e-07,0.015303025532915848,5.158730265167025e-07,0.0047322968038940125,5.158730265167025e-07,-0.005656324248668437,0.004053420860578916,-0.001,5.158730265167025e-07
2021-04-01,0.009827995785208592,0.008253940302747443,5.158730265167025e-07,0.017046234464528354,5.158730265167025e-07,0.011823425880254756,5.158730265167025e-07,0.014087697861327297,0.010799071462810561,0.0,5.158730265167025e-07
2021-04-05,0.008659021344753102,0.007700825727505574,3.1746033253887344e-07,0.019965029471913587,3.1746033253887344e-07,0.007989534470901708,3.1746033253887344e-07,0.004345476495300371,0.014353164863384116,0.0,3.1746033253887344e-07
2021-04-06,-0.0016569222902185561,-0.0007334488995691007,5.95238081933487e-07,-0.0006948399730898336,5.95238081933487e-07,-0.0026763929780682094,5.95238081933487e-07,-0.0011417237552041881,-0.0005906804859016068,0.0,5.95238081933487e-07
2021-04-07,0.0021308644476620573,-0.00046010237347732,5.95238081933487e-07,0.002418055423510701,5.95238081933487e-07,-0.009592735000267175,5.95238081933487e-07,0.0028730194088149863,0.001157315032359385,0.0,5.95238081933487e-07
2021-04-08,0.0035497897245815166,0.0038287900910621607,3.9682538795565797e-07,0.010433767656299109,3.9682538795565797e-07,0.007459306303490823,3.9682538795565797e-07,-0.0025469582656511836,0.004746921197037235,0.0,3.9682538795565797e-07
2021-04-09,0.0032323177269348666,0.0020825114153421678,1.9841269397782899e-07,0.006058056975004389,1.9841269397782899e-07,-0.0017650278588753712,1.9841269397782899e-07,0.0028742582252690996,0.007270147250265646,0.0,1.9841269397782899e-07
2021-04-12,-0.0019132850360722162,-0.0009509238867118949,1.1904762008242191e-07,-0.001304961902853008,1.1904762008242191e-07,-0.0036859186739360834,1.1904762008242191e-07,-0.0009917052723606157,0.00036448302468405913,0.0,1.1904762008242191e-07
2021-04-13,0.0034129907527470217,0.0031518327343594064,3.9682538795565797e-07,0.011673135724786565,3.9682538795565797e-07,0.002050013389149859,3.9682538795565797e-07,-0.002963721102384076,0.0029638658237014504,0.0,3.9682538795565797e-07
2021-04-14,-0.0034341772510231247,-0.0022776167812861075,5.95238081933487e-07,-0.012008207551569283,5.95238081933487e-07,0.0024040262392892586,5.95238081933487e-07,0.006197706139277059,-0.003415105274553465,0.0,5.95238081933487e-07
2021-04-15,0.006512213841379053,0.005959564603618516,5.95238081933487e-07,0.015155235690254676,5.95238081933487e-07,0.007804004884315392,5.95238081933487e-07,0.001942936220184377,0.010742238320166297,0.0,5.95238081933487e-07
2021-04-16,0.0007766103396505933,0.0011691912684126712,3.9682538795565797e-07,0.0011710706975582852,3.9682538795565797e-07,0.004062625529560678,3.9682538795565797e-07,0.00016222624010761577,0.0033423756310286823,0.0,3.9682538795565797e-07
2021-04-19,-0.004396437928126614,-0.004005335307848866,3.1746033253887344e-07,-0.009151660926433713,3.1746033253887344e-07,-0.006558919547354324,3.1746033253887344e-07,-0.0036520717644564766,-0.004913041897329551,0.0,3.1746033253887344e-07
2021-04-20,-0.005723300649809285,-0.006302767045970223,5.95238081933487e-07,-0.0072887362910732945,5.95238081933487e-07,-0.015245715790207873,5.95238081933487e-07,-0.016448082596716485,-0.007321477298342649,0.0,5.95238081933487e-07
2021-04-21,0.005208324786707801,0.006520711714865128,5.95238081933487e-07,0.00856102689604743,5.95238081933487e-07,0.01473427232643217,5.95238081933487e-07,0.014604557459250433,0.009462199247823655,0.0,5.95238081933487e-07
2021-04-22,-0.007294269792786382,-0.005646821414074339,5.158730265167025e-07,-0.012054571597356123,5.158730265167025e-07,-0.005526359713115029,5.158730265167025e-07,-0.011194107570327405,-0.00913308612625241,0.0,5.158730265167025e-07
2021-04-23,0.00801085681378413,0.0073376149533684485,5.95238081933487e-07,0.01258938762309314,5.95238081933487e-07,0.013309275861993486,5.95238081933487e-07,0.013805188966377835,0.010842190923756378,0.0,5.95238081933487e-07
2021-04-26,0.0027461861925843233,0.0027885059413343925,5.95238081933487e-07,0.006511228612674724,5.95238081933487e-07,0.004418677539343996,5.95238081933487e-07,0.0034111902784529635,0.002087795693895833,0.0,5.95238081933487e-07
2021-04-27,-0.001492311786552591,-0.0005582449264530487,3.1746033253887344e-07,-0.004332356022545891,3.1746033253887344e-07,-0.0006703071262955662,3.1746033253887344e-07,0.006414589613719407,-0.00021562650469675315,0.0,3.1746033253887344e-07
2021-04-28,0.0008018554817937128,0.00041876178609104737,3.9682538795565797e-07,-0.003380699945438548,3.9682538795565797e-07,0.001318492925414564,3.9682538795565797e-07,0.01087595267186467,-0.0002874853573207048,0.0,3.9682538795565797e-07
2021-04-29,0.00357586498908057,0.0031224590557683072,3.1746033253887344e-07,0.0035988270902658215,3.1746033253887344e-07,0.0010126267123289714,3.1746033253887344e-07,0.015927922541175588,0.0063728379683583025,0.0,3.1746033253887344e-07
2021-04-30,-0.007168600044944512,-0.005096520855268939,3.1746033253887344e-07,-0.006554645201031883,3.1746033253887344e-07,-0.010894402300754003,3.1746033253887344e-07,-0.013310119261888492,-0.006570539444227919,0.0,3.1746033253887344e-07
2021-05-03,0.0024063259979944297,0.0011766339237917465,1.1904762008242191e-07,-0.0053256059396600275,1.1904762008242191e-07,0.006019318428986287,1.1904762008242191e-07,0.014433356379249529,0.0021568442127644083,0.0,1.1904762008242191e-07
2021-05-04,-0.005204306999690503,-0.006012291571309792,1.9841269397782899e-07,-0.017995770961483304,1.9841269397782899e-07,-0.01097743040690376,1.9841269397782899e-07,0.005958968519981289,-0.006169274747027664,0.0,1.9841269397782899e-07
2021-05-05,0.004348473196102951,0.0010332759038909527,3.9682538795565797e-07,-0.003362161955764331,3.9682538795565797e-07,0.003317156424153718,3.9682538795565797e-07,0.013526583788849245,0.00031274109430623476,0.0,3.9682538795565797e-07
2021-05-06,0.006705598768532448,0.00415678784241897,3.1746033253887344e-07,0.007537202076647986,3.1746033253887344e-07,0.004792359018678767,3.1746033253887344e-07,0.009546105977856378,0.007985595974152604,0.0,3.1746033253887344e-07
2021-05-07,0.011417787658711612,0.005073337868697243,3.1746033253887344e-07,0.008114422704983193,3.1746033253887344e-07,0.00972555330908742,3.1746033253887344e-07,0.010399445957568088,0.007278019009645975,0.0,3.1746033253887344e-07
2021-05-10,-0.020135013678192086,-0.009187533441098404,3.1746033253887344e-07,-0.025254306462296094,3.1746033253887344e-07,-0.013557461747547534,3.1746033253887344e-07,-0.000977672300691096,-0.009902313439082877,0.0,3.1746033253887344e-07
2021-05-11,0.0008908192937671048,-0.0036504398418161933,1.9841269397782899e-07,-0.0013815797238543315,1.9841269397782899e-07,-0.008413385230459794,1.9841269397782899e-07,-0.013737198441048787,-0.008925090217390741,0.0,1.9841269397782899e-07
2021-05-12,-0.023876889076390854,-0.017292815631707464,3.9682538795565797e-07,-0.02588274454956707,3.9682538795565797e-07,-0.023226723825698938,3.9682538795565797e-07,-0.013653067473618802,-0.021244841688630278,-0.08759160029405577,3.9682538795565797e-07
2021-05-13,0.004809152094893009,0.007612908447408771,3.9682538795565797e-07,0.007731174437588084,3.9682538795565797e-07,0.012629504332163734,3.9682538795565797e-07,0.006098828298000375,0.012012129992066356,0.0454953528146218,3.9682538795565797e-07
2021-05-14,0.03349531345211843,0.014504512852367165,3.1746033253887344e-07,0.022076870992735254,3.1746033253887344e-07,0.01884118318073232,3.1746033253887344e-07,0.019634001017912905,0.01535560027845495,0.06087888659580032,3.1746033253887344e-07
2021-05-17,0.00012164015875055224,-0.0012640859820941782,1.9841269397782899e-07,-0.006066309873755227,1.9841269397782899e-07,-0.0010242128866381575,1.9841269397782899e-07,0.006469073405997838,-0.0025446454051329948,-0.001,1.9841269397782899e-07
2021-05-18,-0.00655306609555964,-0.004656560017688149,1.9841269397782899e-07,-0.006750709474881211,1.9841269397782899e-07,-0.004688540651645812,1.9841269397782899e-07,-0.016194982220683496,-0.008615570843708897,0.0,1.9841269397782899e-07
2021-05-19,-0.003371392754924013,-0.0034042452493682363,3.9682538795565797e-07,0.0011483325655614607,3.9682538795565797e-07,-0.00637084708698458,3.9682538795565797e-07,-0.011679700661485853,-0.0026218576253501658,-0.027424418158243036,3.9682538795565797e-07
2021-05-20,0.009894958489178396,0.009011458842696819,1.9841269397782899e-07,0.019343441384249482,1.9841269397782899e-07,0.010198501658032747,1.9841269397782899e-07,0.004182020301232742,0.010758147501896298,0.028413913420769932,1.9841269397782899e-07
2021-05-21,-0.0006940101010037497,-0.0004997673183754615,1.1904762008242191e-07,-0.005534911237953355,1.1904762008242191e-07,0.0010517887066768075,1.1904762008242191e-07,0.002720988517560391,-0.0008187903286264175,0.010309278350515427,1.1904762008242191e-07
2021-05-24,0.009248912518977062,0.008136452760296736,1.1904762008242191e-07,0.016818966073046004,1.1904762008242191e-07,0.007605926298299259,1.1904762008242191e-07,0.010466398267183985,0.010194038367630665,0.019591818050462395,1.1904762008242191e-07
2021-05-25,-0.004399903098553113,-0.0014297243021147833,1.1904762008242191e-07,0.0013836732995600176,1.1904762008242191e-07,-0.0038786655536661896,1.1904762008242191e-07,-0.009774868472925052,-0.002218595161851744,-0.001,1.1904762008242191e-07
2021-05-26,0.003232093539874272,0.0023341308538693166,3.9682538795565797e-07,0.0034838862334958254,3.9682538795565797e-07,0.006672592639765902,3.9682538795565797e-07,0.003132970291833737,0.0019845920279468743,0.0,3.9682538795565797e-07
2021-05-27,0.0006354392532220338,0.00021434860041267894,1.9841269397782899e-07,-0.0037413548312918987,1.9841269397782899e-07,0.004228705946153211,1.9841269397782899e-07,0.0047594467837098475,0.0005249633842152601,0.0,1.9841269397782899e-07
2021-05-28,0.0011100689773534524,0.0011151998281396939,1.9841269397782899e-07,0.0031544191311225767,1.9841269397782899e-07,0.001160109146474871,1.9841269397782899e-07,0.00018363959332418122,0.0017886697323981071,0.0,1.9841269397782899e-07
2021-06-01,0.0036016948091735614,0.0013668945082346048,3.1746033253887344e-07,-0.0033239080438292046,3.1746033253887344e-07,0.004686440814565003,3.1746033253887344e-07,0.015608692165711313,-0.0008808932556273463,0.0,3.1746033253887344e-07
2021-06-02,0.0030108607566813606,0.001502928773200936,3.9682538795565797e-07,0.0019526091966464154,3.9682538795565797e-07,0.0020283855079172852,3.9682538795565797e-07,0.005924241702897515,0.0015728734574786962,0.0,3.9682538795565797e-07
2021-06-03,-0.001434184933180696,-0.0036585735270617515,5.95238081933487e-07,-0.010405560267194303,5.95238081933487e-07,-0.005663694634906272,5.95238081933487e-07,0.0007053714702266733,-0.003711464859020408,0.0,5.95238081933487e-07
2021-06-04,0.016947762496197963,0.006337026530619471,5.95238081933487e-07,0.016969691413361465,5.95238081933487e-07,0.007331149580255787,5.95238081933487e-07,0.0030879691149062194,0.009145878351646486,0.0,5.95238081933487e-07
2021-06-07,0.005028559663259644,0.0011209838719863801,5.95238081933487e-07,0.00297963621017705,5.95238081933487e-07,0.005249256374199743,5.95238081933487e-07,-0.0033874152516020495,-0.0009702075187235648,0.0,5.95238081933487e-07
2021-06-08,-3.63158593201671e-05,0.000980977020460379,7.142856835372864e-07,0.00047562510293119864,7.142856835372864e-07,0.003437679004447247,7.142856835372864e-07,0.003302135354997099,0.00021297620951510332,0.0,7.142856835372864e-07
2021-06-09,-0.002949394721226246,-0.0011540508872690811,7.936507759113159e-07,0.00023751233066127142,7.936507759113159e-07,-0.003611141185532814,7.936507759113159e-07,-0.005601278717783126,-0.0014918380910444728,0.0,7.936507759113159e-07
2021-06-10,0.006195500343290966,0.002734002227261301,7.936507759113159e-07,0.010420273609486497,7.936507759113159e-07,-4.19617065405809e-06,7.936507759113159e-07,-0.00219331087991384,0.004648485359693311,0.0,7.936507759113159e-07
2021-06-11,0.0008391744129637383,0.0015158647195983143,7.936507759113159e-07,0.002614986341254344,7.936507759113159e-07,0.004852840996461587,7.936507759113159e-07,0.0001000131949080163,0.0016524363843002376,0.0,7.936507759113159e-07
2021-06-14,0.0031160528957296487,0.0020828067379774374,7.142856835372864e-07,0.009582546593688734,7.142856835372864e-07,0.0003441310336977922,7.142856835372864e-07,-0.005326073610908644,0.002239008703257328,0.0,7.142856835372864e-07
2021-06-15,-0.0013285339801027774,-0.0018428128793481413,5.95238081933487e-07,-0.00653102168981623,5.95238081933487e-07,-0.0011528661849280844,5.95238081933487e-07,0.001002396690603175,-0.0018341420078908932,0.0,5.95238081933487e-07
2021-06-16,-0.00033277605763175805,-0.0026305309628799453,7.936507759113159e-07,-0.0036520240410029547,7.936507759113159e-07,-0.004621690414815452,7.936507759113159e-07,-0.006057682423412508,-0.0055834811275707885,0.0,7.936507759113159e-07
2021-06-17,-0.0028510207132036326,0.0008350381191292613,1.1111111454074344e-06,0.01269733509651072,1.1111111454074344e-06,-0.006163688191438532,1.1111111454074344e-06,-0.01390223073330557,-0.0003317395209911922,0.0,1.1111111454074344e-06
2021-06-18,-0.008993863443903976,-0.007847804494047634,1.1111111454074344e-06,-0.00784695396335644,1.1111111454074344e-06,-0.018965287413522137,1.1111111454074344e-06,-0.02029870151589333,-0.013490184676175021,0.0,1.1111111454074344e-06
2021-06-21,0.011098359315665452,0.008789528202408595,1.1111111454074344e-06,0.006214574785207816,1.1111111454074344e-06,0.0133047878239884,1.1111111454074344e-06,0.023880367738227437,0.014315798475463826,0.03556167123807186,1.1111111454074344e-06
2021-06-22,0.003928651370805624,0.003393964479039509,1.190476163866974e-06,0.009321923275355415,1.190476163866974e-06,0.002670447153919694,1.190476163866974e-06,0.0031156357130100176,0.005346214814112571,-0.001,1.190476163866974e-06
2021-06-23,-0.00024536095418370863,7.535660152867187e-05,1.5079364594486024e-06,0.0004890610625341019,1.5079364594486024e-06,0.00019158462067799496,1.5079364594486024e-06,0.0001425074177899277,-0.001205162377798219,0.0,1.5079364594486024e-06
2021-06-24,0.006094182786764995,0.003945798364075173,1.5873015518226319e-06,0.006183055148354821,1.5873015518226319e-06,0.008741514386745159,1.5873015518226319e-06,0.006446171391066596,0.005915658758182563,0.0,1.5873015518226319e-06
2021-06-25,-0.0009283888087243327,0.0008044551162420984,1.7063492642981665e-06,-0.0012290299740806976,1.7063492642981665e-06,0.0013349951045849018,1.7063492642981665e-06,0.006444990146888319,0.0035521302116641174,0.0,1.7063492642981665e-06
2021-06-28,0.002744324488045142,0.002770625594354432,1.7063492642981665e-06,0.012161480376403189,1.7063492642981665e-06,0.002085296818330066,1.7063492642981665e-06,-0.007342907099812723,0.0020159616529933366,0.0,1.7063492642981665e-06
2021-06-29,0.000482018366991926,0.0005529007441064885,1.5873015518226319e-06,0.0036188815125115514,1.5873015518226319e-06,-0.00020554452008647605,1.5873015518226319e-06,-0.0036186025043327685,0.0005380856189400873,0.0,1.5873015518226319e-06
2021-06-30,0.000444426988969261,-0.00018350166759049062,1.5873015518226319e-06,-0.0015776846998191152,1.5873015518226319e-06,-0.00020173898430997378,1.5873015518226319e-06,0.0017754211220085692,0.0008416315974077992,0.0,1.5873015518226319e-06
2021-07-01,0.0029772723933409327,0.0021719507077008543,1.5873015518226319e-06,0.00039477798867149083,1.5873015518226319e-06,0.0049127150178991386,1.5873015518226319e-06,0.009205977806322818,0.0055364707228198196,0.0,1.5873015518226319e-06
2021-07-02,0.005551557604988707,0.004135136684212526,1.5873015518226319e-06,0.011479022700586539,1.5873015518226319e-06,0.0032049449318048238,1.5873015518226319e-06,0.0021085305356173256,0.007643604569721241,0.0,1.5873015518226319e-06
2021-07-06,-0.0015931956770605647,-0.0007005223523362564,1.5079364594486024e-06,0.004321949942759806,1.5079364594486024e-06,-0.004009643557758273,1.5079364594486024e-06,-0.010434478675824838,-0.0018214068817240525,0.0,1.5079364594486024e-06
2021-07-07,-0.001856037086535201,0.00032920018483866866,1.5873015518226319e-06,0.002109857672437654,1.5873015518226319e-06,-0.0012179641724126,1.5873015518226319e-06,-0.002811530216762337,0.003534233883507154,0.0,1.5873015518226319e-06
2021-07-08,-0.005143029581011568,-0.004515743068301336,1.7063492642981665e-06,-0.0060396176030949045,1.7063492642981665e-06,-0.009686050212492135,1.7063492642981665e-06,-0.009423734453663735,-0.008148163383977503,0.0,1.7063492642981665e-06
2021-07-09,0.003994337958275153,0.005323171458314803,1.7063492642981665e-06,0.0062434601117487,1.7063492642981665e-06,0.01130644317494885,1.7063492642981665e-06,0.012651702132304987,0.010674869031918721,0.0,1.7063492642981665e-06
2021-07-12,0.0027074226586920377,0.002386460475719852,1.7063492642981665e-06,0.0039058204956610165,1.7063492642981665e-06,0.003920391596181849,1.7063492642981665e-06,0.005527543767521875,0.003581835628189811,0.0,1.7063492642981665e-06
2021-07-13,-0.0006737968482823235,-0.0015354380014385041,1.7063492642981665e-06,0.0,1.7063492642981665e-06,-0.0028885624875798857,1.7063492642981665e-06,-0.008470267438274726,-0.0034090859731326084,0.0,1.7063492642981665e-06
2021-07-14,-0.0009344663956395948,0.00017825553896331982,1.7857143566721963e-06,0.001793401190395283,1.7857143566721963e-06,0.0018500962650204547,1.7857143566721963e-06,-0.006601034826585445,0.0014921856947207601,0.0,1.7857143566721963e-06
2021-07-15,-0.005113359172508922,-0.003416505839092962,1.7857143566721963e-06,-0.007023255745399637,1.7857143566721963e-06,-0.006659783155864314,1.7857143566721963e-06,-0.004061422309343032,-0.0034155007412669525,0.0,1.7857143566721963e-06
2021-07-16,-0.00637390309407876,-0.004956988260819673,1.5079364594486024e-06,-0.008099652133627289,1.5079364594486024e-06,-0.007764822044496689,1.5079364594486024e-06,-0.011795666463160798,-0.007843671383621187,0.0,1.5079364594486024e-06
2021-07-19,-0.007398761213385972,-0.007562027644927,1.5079364594486024e-06,-0.0081933445514496,1.5079364594486024e-06,-0.01369729024251043,1.5079364594486024e-06,-0.023520057691683027,-0.014767763744920726,0.0,1.5079364594486024e-06
2021-07-20,0.011514592095328739,0.009678974656040708,1.5873015518226319e-06,0.011616457731249419,1.5873015518226319e-06,0.011076376910361747,1.5873015518226319e-06,0.02054372239458957,0.014330483119159076,0.0396745868054772,1.5873015518226319e-06
2021-07-21,0.011452436134880116,0.005506553848835156,1.7857143566721963e-06,0.007720388187333116,1.7857143566721963e-06,0.010350142715962091,1.7857143566721963e-06,0.014661419256751962,0.008096174823552627,-0.001,1.7857143566721963e-06
2021-07-22,0.0019469331956358188,0.0014417322133340844,1.7857143566721963e-06,0.006610308776798579,1.7857143566721963e-06,0.00302864065612507,1.7857143566721963e-06,-0.008227826903204116,0.002094150051602295,0.0,1.7857143566721963e-06
2021-07-23,0.007059343264452943,0.005423952821329451,1.7063492642981665e-06,0.011677380712986851,1.7063492642981665e-06,0.009652158941018563,1.7063492642981665e-06,0.002846287082068938,0.010288007069495508,0.0,1.7063492642981665e-06
2021-07-26,0.0014407841755941604,0.001454965185959955,1.7857143566721963e-06,0.0007875565383008709,1.7857143566721963e-06,0.0015436910459503128,1.7857143566721963e-06,0.008418267338479501,0.002454870713044288,0.0,1.7857143566721963e-06
2021-07-27,-0.005133085202158943,-0.004412425834874542,1.5873015518226319e-06,-0.011018054612319195,1.5873015518226319e-06,-0.006536451114029635,1.5873015518226319e-06,-0.003361432576604012,-0.00455756173378985,0.0,1.5873015518226319e-06
2021-07-28,0.002633976114084367,0.001557001639746274,1.7857143566721963e-06,0.003841784836727369,1.7857143566721963e-06,0.002578284179669173,1.7857143566721963e-06,0.0023998892611142852,-0.00041008639551054493,0.0,1.7857143566721963e-06
2021-07-29,0.00045637578171227474,0.0015700133184376542,1.7857143566721963e-06,0.0017768564320654878,1.7857143566721963e-06,0.00428526176536459,1.7857143566721963e-06,0.001713651999553506,0.004147525179937661,0.0,1.7857143566721963e-06
2021-07-30,-0.0028875447045469457,-0.0030392991843279315,1.5873015518226319e-06,-0.0052118576590292065,1.5873015518226319e-06,-0.0050666958516986105,1.5873015518226319e-06,-0.006126019164509222,-0.004856591311590108,0.0,1.5873015518226319e-06
2021-08-02,-0.0010821700811870511,-0.00024716796523233624,1.5873015518226319e-06,8.228555245293201e-05,1.5873015518226319e-06,0.0010055434964133894,1.5873015518226319e-06,-0.002617419245539015,-0.00209793101677358,0.0,1.5873015518226319e-06
2021-08-03,0.004343536086151179,0.003789400526872909,1.5079364594486024e-06,0.006061520182087277,1.5079364594486024e-06,0.007110575690345048,1.5079364594486024e-06,0.005967918592657578,0.008135362522456724,0.0,1.5079364594486024e-06
2021-08-04,0.0017005543015164411,-0.0011154876238046209,1.7857143566721963e-06,0.0014447195051550121,1.7857143566721963e-06,-0.0021523861295214366,1.7857143566721963e-06,-0.007854664297747949,-0.0049189801074170925,0.0,1.7857143566721963e-06
2021-08-05,0.00312640052637689,0.0034789685528366972,1.7857143566721963e-06,0.006342882233657088,1.7857143566721963e-06,0.005845801250995282,1.7857143566721963e-06,0.0054083456496645255,0.006332838461876822,0.0,1.7857143566721963e-06
2021-08-06,-0.0008603313039843831,-0.0007353283123154716,1.7063492642981665e-06,-0.004382118483757358,1.7063492642981665e-06,-0.0021504856126030405,1.7063492642981665e-06,0.005582812028268241,0.0016525117890213714,0.0,1.7063492642981665e-06
2021-08-09,0.0002855917925142502,0.0003788557960324964,1.7063492642981665e-06,0.0018475607570980213,1.7063492642981665e-06,0.00017869767523204233,1.7063492642981665e-06,-0.0004938106050984548,-0.0008135006337048889,0.0,1.7063492642981665e-06
2021-08-10,-0.0018991513497156275,-0.0010784022000777055,1.7857143566721963e-06,-0.005125930795153555,1.7857143566721963e-06,-0.0005465641636376308,1.7857143566721963e-06,0.0019118955387499303,0.0012439361628722168,0.0,1.7857143566721963e-06
2021-08-11,-0.0008303055025912333,0.0011860747598229071,1.9841270136927804e-06,-0.0017172182882889686,1.9841270136927804e-06,0.0025347437623441196,1.9841270136927804e-06,0.010481698657696714,0.002484707473258796,0.0,1.9841270136927804e-06
2021-08-12,0.002009454944537934,0.0014570932560284266,1.7857143566721963e-06,0.0036045223371821145,1.7857143566721963e-06,0.0019124727168227846,1.7857143566721963e-06,0.0004373040159632857,0.0029970800726297764,0.0,1.7857143566721963e-06
2021-08-13,0.0022404295103878044,0.0015919728048591052,1.7063492642981665e-06,0.00350978227941523,1.7063492642981665e-06,0.003794788837342929,1.7063492642981665e-06,8.257957631074885e-05,0.0018199518434918183,0.0,1.7063492642981665e-06
2021-08-16,0.0015790849200857289,0.0004762913493657867,1.7857143566721963e-06,0.00043399843914193603,1.7857143566721963e-06,-0.0007898954578137162,1.7857143566721963e-06,0.0030908695890139453,0.002354783229133961,0.0,1.7857143566721963e-06
2021-08-17,-0.005515047636243863,-0.0038290150955404756,2.3015872353599184e-06,-0.008808095264541849,2.3015872353599184e-06,-0.008248876481265155,2.3015872353599184e-06,0.0010125862939251444,-0.006555552699456624,0.0,2.3015872353599184e-06
2021-08-18,-0.006552672435722081,-0.005560646059682524,2.5000000402094826e-06,-0.00962450222580924,2.5000000402094826e-06,-0.008144153416640024,2.5000000402094826e-06,-0.011128466120799846,-0.010944845048897256,0.0,2.5000000402094826e-06
2021-08-19,0.00338884312756139,0.00040834336141961475,2.182539670713364e-06,0.004831206722304637,2.182539670713364e-06,-0.0011680560266432716,2.182539670713364e-06,0.001896432179842256,0.0015484086197803393,-0.018614662100415735,2.182539670713364e-06
2021-08-20,0.008542785632375028,0.006550156762467075,1.7063492642981665e-06,0.010358459952396704,1.7063492642981665e-06,0.0056600772102441965,1.7063492642981665e-06,0.00562390931807033,0.0079569714512282,0.03903623677342449,1.7063492642981665e-06
2021-08-23,0.006696670874922282,0.005368233248599145,1.7063492642981665e-06,0.014956590935102154,1.7063492642981665e-06,0.00769626987757288,1.7063492642981665e-06,-0.001356528247483529,0.008796577259001737,-0.001,1.7063492642981665e-06
2021-08-24,-0.00033930000066580385,0.0006547118813719727,1.5873015518226319e-06,0.0030542991195716684,1.5873015518226319e-06,0.0015872553816151202,1.5873015518226319e-06,-0.004665166407247401,0.0015873274927624692,0.0,1.5873015518226319e-06
2021-08-25,0.0012362255882243163,0.0005641643452683312,1.9047619213187506e-06,0.0011485802001589551,1.9047619213187506e-06,0.001206680388000351,1.9047619213187506e-06,-0.000619723366753866,0.00209827368105997,0.0,1.9047619213187506e-06
2021-08-26,-0.003588725908827148,-0.0032042383421900353,1.7857143566721963e-06,-0.006349837451552043,1.7857143566721963e-06,-0.005825757038089369,1.7857143566721963e-06,-0.0030077203614199965,-0.005902983261500516,0.0,1.7857143566721963e-06
2021-08-27,0.006131699297594841,0.005254181789095877,1.7063492642981665e-06,0.00972005829769751,1.7063492642981665e-06,0.009263064655802733,1.7063492642981665e-06,0.0076359615350678756,0.008940757323778747,0.0,1.7063492642981665e-06
2021-08-30,0.005959295476524208,0.004790121626916201,1.7063492642981665e-06,0.011222252943810407,1.7063492642981665e-06,0.005124065505122343,1.7063492642981665e-06,0.008855730155823083,0.004397613148027224,0.0,1.7063492642981665e-06
2021-08-31,-0.0016239092540043308,-0.00037729208731066927,1.5079364594486024e-06,-0.0008149795307273999,1.5079364594486024e-06,-0.0009308447030960121,1.5079364594486024e-06,0.0007671316719575216,-0.0014816499427932062,0.0,1.5079364594486024e-06
2021-09-01,0.0012883738171848395,0.001117332160089452,1.5873015518226319e-06,0.0016580486193573662,1.5873015518226319e-06,0.000621526775588244,1.5873015518226319e-06,0.005691971408801122,0.0005317063336989225,0.0,1.5873015518226319e-06
2021-09-02,-0.0009002015304581003,0.0006527745895233642,1.5873015518226319e-06,-0.00047310943567147046,1.5873015518226319e-06,0.0023230863095541343,1.5873015518226319e-06,0.0019132762295793193,0.0030766067472778325,0.0,1.5873015518226319e-06
2021-09-03,0.0019000277489972899,0.000564825294134597,1.5873015518226319e-06,0.0030756739249415688,1.5873015518226319e-06,-0.0020870776570748686,1.5873015518226319e-06,0.0012665951053176805,-0.00024275896100900418,0.0,1.5873015518226319e-06
2021-09-07,-0.0002804319192775724,-0.0008020487025590045,1.5873015518226319e-06,0.0014153160693812783,1.5873015518226319e-06,-0.0035321053062947376,1.5873015518226319e-06,-0.0035840886216709777,-0.0035755857972981087,0.0,1.5873015518226319e-06
2021-09-08,-0.0021457279709568406,-0.0009404128262631614,1.3888888948020482e-06,-0.0034807308447354357,1.3888888948020482e-06,0.0007022382961383205,1.3888888948020482e-06,-0.0008464465950773492,-0.0012183011851083503,0.0,1.3888888948020482e-06
2021-09-09,-0.004437864867875066,-0.0019989973956324398,1.5873015518226319e-06,-0.0034403117972702235,1.5873015518226319e-06,0.0014600597770045112,1.5873015518226319e-06,-0.010374361781284869,-0.004280108103218883,0.0,1.5873015518226319e-06
2021-09-10,-0.003903017590528083,-0.0046563426507407425,1.5079364594486024e-06,-0.007589654782818922,1.5079364594486024e-06,-0.00809684893273499,1.5079364594486024e-06,-0.009535427151916798,-0.007884653057112057,0.0,1.5079364594486024e-06
2021-09-13,0.0005628473908029688,0.0014881909891700396,1.5079364594486024e-06,-0.000690435190662475,1.5079364594486024e-06,0.0026443231456059943,1.5079364594486024e-06,0.002288652945127784,0.0025591839770069402,0.016857142857142793,1.5079364594486024e-06
2021-09-14,-0.0014431895153990228,-0.002309059534609135,1.5079364594486024e-06,-0.002843195798584497,1.5079364594486024e-06,-0.004798818464391156,1.5079364594486024e-06,-0.004241949423196167,-0.005396439364453887,-0.001,1.5079364594486024e-06
2021-09-15,0.003973297785381313,0.0035491110630936082,1.3888888948020482e-06,0.007434894655898416,1.3888888948020482e-06,0.0034268583836903903,1.3888888948020482e-06,0.005494575803740853,0.008352662297340663,0.0,1.3888888948020482e-06
2021-09-16,-0.0013504828614908113,-0.0002461460427336489,1.3888888948020482e-06,0.0006876854675381683,1.3888888948020482e-06,-0.0018265317071802418,1.3888888948020482e-06,-0.00025654271368877324,-0.0015851302808411738,0.0,1.3888888948020482e-06
2021-09-17,-0.009278826338635426,-0.005878921209907532,1.190476163866974e-06,-0.01184204504701658,1.190476163866974e-06,-0.00879565561052235,1.190476163866974e-06,-0.008688502094934047,-0.009741310691131821,0.0,1.190476163866974e-06
2021-09-20,-0.015000451898188303,-0.01197986374234843,1.1111111454074344e-06,-0.020663213086185128,1.1111111454074344e-06,-0.008311894118499308,1.1111111454074344e-06,-0.013898399154758517,-0.016673983578233686,-0.058544975606122596,1.1111111454074344e-06
2021-09-21,0.002637963788588241,0.001187407303178425,9.920635068463902e-07,0.0012303963088453607,9.920635068463902e-07,-0.0001917358691237251,9.920635068463902e-07,-0.0005113493662474433,-0.0009448631850286215,0.020604917223956187,9.920635068463902e-07
2021-09-22,0.0077315335885854,0.006347690278870267,7.936507759113159e-07,0.009340465270536225,7.936507759113159e-07,0.008353394944174678,7.936507759113159e-07,0.005829655472876533,0.009755087440178167,0.028894193556136427,7.936507759113159e-07
2021-09-23,0.0095295849913241,0.005372015213342474,9.920635068463902e-07,0.009227057595557309,9.920635068463902e-07,-0.0004065489242575113,9.920635068463902e-07,0.006484986136175541,0.012150052945222312,0.0313231629588564,9.920635068463902e-07
2021-09-24,-0.00047234779165258243,-0.0003391188618223828,9.920635068463902e-07,0.000938211889030427,9.920635068463902e-07,-0.0023961973366619276,9.920635068463902e-07,-0.0028809238216720707,0.0016470363726237558,-0.001,9.920635068463902e-07
2021-09-27,-0.002500996626850547,-0.0036080054135338934,9.920635068463902e-07,-0.007982023160846174,9.920635068463902e-07,-0.004839509454770703,9.920635068463902e-07,-0.006723303230760924,-0.0028608707022717006,0.0,9.920635068463902e-07
2021-09-28,-0.016123601925138238,-0.013518915607262524,9.920635068463902e-07,-0.02829784033056093,9.920635068463902e-07,-0.021342271407483678,9.920635068463902e-07,-0.017320459476559608,-0.02015188381978006,0.0,9.920635068463902e-07
2021-09-29,0.00028635524535737577,-0.0002443039221974041,1.190476163866974e-06,-0.0016394081459615295,1.190476163866974e-06,0.0005929389879589797,1.190476163866974e-06,0.003286911987509689,0.0016831110976700536,-0.007574083394606967,1.190476163866974e-06
2021-09-30,-0.00390310289830035,-0.004122241878775558,1.190476163866974e-06,-0.0036740056051777215,1.190476163866974e-06,-0.005344935865598661,1.190476163866974e-06,-0.014765278782551045,-0.012222213126395043,-0.00018386279319704268,1.190476163866974e-06
2021-10-01,0.009801425646152016,0.006178526803180559,1.1111111454074344e-06,0.006201906653241052,1.1111111454074344e-06,0.008834029860384025,1.1111111454074344e-06,0.015287513696127297,0.011884251247692434,0.017650286730015452,1.1111111454074344e-06
2021-10-04,-0.008848096389085958,-0.00887405254192211,1.1111111454074344e-06,-0.020989633644104333,1.1111111454074344e-06,-0.012143781968990056,1.1111111454074344e-06,-0.0016072276826165632,-0.012896111795506426,-0.013550135874902725,1.1111111454074344e-06
2021-10-05,0.009620347425248322,0.006364800666880964,1.1111111454074344e-06,0.013498969005240724,1.1111111454074344e-06,0.0047490752604144966,1.1111111454074344e-06,0.0059036620157221775,0.010404997931027449,0.018131899379741467,1.1111111454074344e-06
2021-10-06,0.002661240585393795,0.0029610026497929134,1.3888888948020482e-06,0.00640799873655995,1.3888888948020482e-06,0.005401744506263887,1.3888888948020482e-06,-0.00042219968643350536,0.004155753438053189,0.005576567232237872,1.3888888948020482e-06
2021-10-07,0.00708956977545442,0.004824543541524446,1.5873015518226319e-06,0.009174789946380768,1.5873015518226319e-06,0.0024540808567455144,1.5873015518226319e-06,0.005477696652558928,0.008645859404681877,0.019320178656121012,1.5873015518226319e-06
2021-10-08,-0.0005817034048437106,-0.0015961383961383881,1.5873015518226319e-06,-0.0049865838777487514,1.5873015518226319e-06,-0.004602885331727369,1.5873015518226319e-06,0.005271969317476782,-0.0018236324225882061,-0.001,1.5873015518226319e-06
2021-10-11,-0.00374537664672088,-0.0037795088306228544,1.5873015518226319e-06,-0.007669764550982894,1.5873015518226319e-06,-0.005815576520837269,1.5873015518226319e-06,-0.004472548965241463,-0.00723989588308982,0.0,1.5873015518226319e-06
2021-10-12,-0.0010814764177742308,-0.0003472532361918743,1.5873015518226319e-06,-0.003487567376351919,1.5873015518226319e-06,0.003716920524285775,1.5873015518226319e-06,0.001511970233840615,-0.0024614982284688613,0.0,1.5873015518226319e-06
2021-10-13,0.004612353722353591,0.0034705093639685993,1.5873015518226319e-06,0.008008071726374855,1.5873015518226319e-06,0.007110630278115944,1.5873015518226319e-06,0.001315643846080683,0.0035975551072677803,0.0,1.5873015518226319e-06
2021-10-14,0.012364651233472208,0.009452843375676393,1.7857143566721963e-06,0.01841660871462447,1.7857143566721963e-06,0.0129844863794956,1.7857143566721963e-06,0.01638869934595888,0.016820905977788403,0.0,1.7857143566721963e-06
2021-10-15,0.004349607640524538,0.003257693388769489,1.5873015518226319e-06,0.0063006133117256,1.5873015518226319e-06,0.002696337021752722,1.5873015518226319e-06,0.007064189639821583,0.007615395607849074,0.0,1.5873015518226319e-06
2021-10-18,0.005524336516580657,0.0039004017618615733,1.5079364594486024e-06,0.010055532729060568,1.5079364594486024e-06,0.005901658296578885,1.5079364594486024e-06,0.002787218379356693,0.0029607722376614465,0.0,1.5079364594486024e-06
2021-10-19,0.004204833057916099,0.0034369312213886017,1.7063492642981665e-06,0.007567611900237914,1.7063492642981665e-06,0.0004961020293970577,1.7063492642981665e-06,0.008914319535674953,0.007715018997882295,0.0,1.7063492642981665e-06
2021-10-20,0.0005190835812478669,0.00047806139996729903,1.9841270136927804e-06,-0.0013049871226420429,1.9841270136927804e-06,-0.0013760163650512838,1.9841270136927804e-06,0.007155062213878627,0.003927460969575858,0.0,1.9841270136927804e-06
2021-10-21,0.00024322794675699663,0.0014309444357808415,1.9841270136927804e-06,0.006106897881528184,1.9841270136927804e-06,0.0006629772959416321,1.9841270136927804e-06,-0.0039150333409231075,0.0026084248509388175,0.0,1.9841270136927804e-06
2021-10-22,-0.0016836094923755708,-0.0015213150192455401,1.9841270136927804e-06,-0.008402315683336381,1.9841270136927804e-06,-0.00014194444990574663,1.9841270136927804e-06,0.006776318687006039,-0.0010362818787418293,0.0,1.9841270136927804e-06
2021-10-25,0.005073932053221407,0.004034403901706969,1.9841270136927804e-06,0.010237994477011902,1.9841270136927804e-06,0.0038710634993680926,1.9841270136927804e-06,0.004913820987769518,0.00536291756656504,0.0,1.9841270136927804e-06
2021-10-26,0.004192383826315675,0.001655212736409899,1.9841270136927804e-06,0.0031483394445890323,1.9841270136927804e-06,0.0034391482198761945,1.9841270136927804e-06,0.0028412435791782546,0.0008998192411191486,0.0,1.9841270136927804e-06
2021-10-27,-0.00014793559546069087,0.00018601237317221057,1.9841270136927804e-06,0.0023215187813614424,1.9841270136927804e-06,0.005361726839997434,1.9841270136927804e-06,-0.008670048419579496,-0.004430217966523542,0.0,1.9841270136927804e-06
2021-10-28,0.006758614800209212,0.0054977380273998275,1.9841270136927804e-06,0.011105250859233973,1.9841270136927804e-06,0.005790256484142664,1.9841270136927804e-06,0.01128568272036029,0.00964898302205941,0.0,1.9841270136927804e-06
2021-10-29,0.0026495302818797316,0.0015909970519153327,1.9047619213187506e-06,0.004918902272805115,1.9047619213187506e-06,0.0033346515535298913,1.9047619213187506e-06,-0.002917441905216256,0.0020293185810902337,0.0,1.9047619213187506e-06
2021-11-01,0.0016059194201602576,0.001790893540320263,1.9047619213187506e-06,0.0034188691248722147,1.9047619213187506e-06,-0.0006870825108280518,1.9047619213187506e-06,0.009096310884175757,0.0017198466624588349,0.0,1.9047619213187506e-06
2021-11-02,0.00425505906852261,0.0018162064799150035,1.5873015518226319e-06,0.004181234382457655,1.5873015518226319e-06,0.0027729410037939206,1.5873015518226319e-06,0.0005119706115953859,0.0040432506609016095,0.0,1.5873015518226319e-06
2021-11-03,0.004726823064838042,0.005375114070949087,1.7857143566721963e-06,0.010615533823648216,1.7857143566721963e-06,0.011530776248175926,1.7857143566721963e-06,0.00533138943266398,0.006105265031711049,0.0,1.7857143566721963e-06
2021-11-04,0.011019049963946965,0.004639763997156143,1.7857143566721963e-06,0.012818583234980752,1.7857143566721963e-06,0.005718021405971145,1.7857143566721963e-06,0.00223401775222859,0.004712437935020075,0.0,1.7857143566721963e-06
2021-11-05,0.0015671225028147967,0.0014364430279572636,1.3888888948020482e-06,0.0009544689566236553,1.3888888948020482e-06,0.005793097988854967,1.3888888948020482e-06,0.0006818688446301735,0.003469637561590355,0.0,1.3888888948020482e-06
2021-11-08,0.0022158737022315287,-0.00029105999599724993,1.5873015518226319e-06,-0.0013548455192122777,1.5873015518226319e-06,0.00020015364905767773,1.5873015518226319e-06,-0.0004692701369223835,0.0008538596951341848,0.0,1.5873015518226319e-06
2021-11-09,-0.0033116905268417967,-0.0031377745936263042,1.3888888948020482e-06,-0.006883263674442697,1.3888888948020482e-06,-0.005333850365223121,1.3888888948020482e-06,-0.003694297292065468,-0.0033053703988856764,0.0,1.3888888948020482e-06
2021-11-10,-0.011785237417182681,-0.007718459962300474,1.5873015518226319e-06,-0.014697104961913454,1.5873015518226319e-06,-0.014341691296224866,1.5873015518226319e-06,-0.012900743752059796,-0.008044953669156585,0.0,1.5873015518226319e-06
2021-11-11,0.0029779557975755633,0.0009542117181339427,1.7857143566721963e-06,0.002772685332061098,1.7857143566721963e-06,0.0005375021839819637,1.7857143566721963e-06,0.001555754639168655,0.0003234564858478617,0.0,1.7857143566721963e-06
2021-11-12,0.003646855598015883,0.004388175987645588,1.5873015518226319e-06,0.010522479634280435,1.5873015518226319e-06,0.005690836242376726,1.5873015518226319e-06,0.003373959301750551,0.0075469178605276355,0.0,1.5873015518226319e-06
2021-11-15,-0.00037423289634299,7.899429164299557e-05,1.7063492642981665e-06,-0.00022791932914445479,1.7063492642981665e-06,-0.001283962194898458,1.7063492642981665e-06,0.0030233112114270433,0.00034243691347035643,0.0,1.7063492642981665e-06
2021-11-16,0.0035570621597379695,0.0032651195767678877,1.5079364594486024e-06,0.007120975223082748,1.5079364594486024e-06,0.004307710434396853,1.5079364594486024e-06,0.005413920934172228,0.003957827107615053,0.0,1.5079364594486024e-06
2021-11-17,-0.000571709695081238,-0.000932151061686259,1.5873015518226319e-06,0.000528277398723187,1.5873015518226319e-06,-0.00499922349379045,1.5873015518226319e-06,-0.0013266245930555198,-0.0024292040132970483,0.0,1.5873015518226319e-06
2021-11-18,0.007599566818639276,0.004000755140802739,1.7857143566721963e-06,0.010361406530353445,1.7857143566721963e-06,0.0051728012154259595,1.7857143566721963e-06,0.0037918353961387263,0.003396259054942563,0.0,1.7857143566721963e-06
2021-11-19,0.003885542705071896,0.0019325577738055488,1.7857143566721963e-06,0.0055756878096946405,1.7857143566721963e-06,0.004781977997454723,1.7857143566721963e-06,-0.0004513366496685096,-0.0017881009391385039,0.0,1.7857143566721963e-06
2021-11-22,-0.0054739553775185485,-0.004999139183899621,1.7857143566721963e-06,-0.011609152111445864,1.7857143566721963e-06,-0.008717658808286935,1.7857143566721963e-06,-0.005786527947275466,-0.002815065296446484,0.0,1.7857143566721963e-06
2021-11-23,-0.001428355774303461,-0.00187078882019796,1.5873015518226319e-06,-0.004557924047933648,1.5873015518226319e-06,-0.005896999079404516,1.5873015518226319e-06,0.000532954935143326,0.001325742495699389,0.0,1.5873015518226319e-06
2021-11-24,0.0031857342181078542,0.002662250820728753,1.7857143566721963e-06,0.003220288864056231,1.7857143566721963e-06,0.007315319815971444,1.7857143566721963e-06,0.005590505169978249,0.0026699967754031384,0.0,1.7857143566721963e-06
2021-11-26,-0.0128394654132014,-0.009286505018320452,1.9841270136927804e-06,-0.01895888678351121,1.9841270136927804e-06,-0.005331263136644707,1.9841270136927804e-06,-0.020750086162753867,-0.022303067692666767,0.0,1.9841270136927804e-06
2021-11-29,0.016564983887200537,0.012553002309309114,1.7063492642981665e-06,0.02170258163545724,1.7063492642981665e-06,0.008643656868427569,1.7063492642981665e-06,0.013953834309072377,0.012266511025122773,0.07029764097756652,1.7063492642981665e-06
2021-11-30,-0.011113116408188788,-0.011648800672644462,1.5079364594486024e-06,-0.014686438230540833,1.5079364594486024e-06,-0.0063137165815406356,1.5079364594486024e-06,-0.015593144328733377,-0.019457749203476093,-0.08023956167986868,1.5079364594486024e-06
2021-12-01,-0.00937731806932025,-0.00917106805908835,1.9047619213187506e-06,-0.017013019551283537,1.9047619213187506e-06,-0.007317213620198992,1.9047619213187506e-06,-0.011649141419755316,-0.011106935490675207,-0.03645831744171746,1.9047619213187506e-06
2021-12-02,0.006237323186171003,0.0070373154005467274,1.9841270136927804e-06,0.007207175595671078,1.9841270136927804e-06,0.007923540208972272,1.9841270136927804e-06,0.013918463512510859,0.015316085656165823,0.030115857070802887,1.9841270136927804e-06
2021-12-03,-0.010699685213303634,-0.008836203993646277,1.7063492642981665e-06,-0.01738870133595416,1.7063492642981665e-06,-0.004719270565183212,1.7063492642981665e-06,-0.009832987166996904,-0.008701213192099821,-0.04291605864567949,1.7063492642981665e-06
2021-12-06,0.00698848135468646,0.006221305203886047,1.7063492642981665e-06,0.008013147608993965,1.7063492642981665e-06,0.002040389054071519,1.7063492642981665e-06,0.010259057987466513,0.011843200112144014,0.03994519145716957,1.7063492642981665e-06
2021-12-07,0.020708643986920197,0.01613966139812402,1.7063492642981665e-06,0.030113667866680016,1.7063492642981665e-06,0.01423935701906413,1.7063492642981665e-06,0.022214921764335593,0.0206847440553799,0.05403876668992891,1.7063492642981665e-06
2021-12-08,0.0027197763470199247,0.002383787143163201,2.3015872353599184e-06,0.004474389099787146,2.3015872353599184e-06,-0.0033871483657619272,2.3015872353599184e-06,0.0010017038441706987,0.0026480230164231955,0.029474839931608043,2.3015872353599184e-06
2021-12-09,-0.007380249752324425,-0.006099633826659952,2.380952327733948e-06,-0.014714087618217908,2.380952327733948e-06,-0.005290908554159516,2.380952327733948e-06,-0.010718922908734857,-0.006751428768194345,-0.001,2.380952327733948e-06
2021-12-10,0.010679168269325856,0.006592852533089544,2.1031745783393345e-06,0.010870125976673473,2.1031745783393345e-06,0.005957125287353889,2.1031745783393345e-06,0.008293713452421858,0.009413482737435475,0.028913723270605707,2.1031745783393345e-06
2021-12-13,-0.009853683876981816,-0.005700803801615016,1.9841270136927804e-06,-0.014446724257850208,1.9841270136927804e-06,-0.0028420558020564313,1.9841270136927804e-06,-0.009490751456194463,-0.008858454166720042,-0.001,1.9841270136927804e-06
2021-12-14,-0.006882713050453354,-0.00556577091382947,1.7063492642981665e-06,-0.010350145770491426,1.7063492642981665e-06,-0.006537823041851242,1.7063492642981665e-06,-0.010316990218866617,-0.006879993554988806,-0.009008340798580039,1.7063492642981665e-06
2021-12-15,0.016507005581437917,0.011817565718737912,1.9047619213187506e-06,0.02279707282643062,1.9047619213187506e-06,0.009600216512587504,1.9047619213187506e-06,0.01759523939878832,0.01562525086169675,0.03492456466223226,1.9047619213187506e-06
2021-12-16,-0.015243290578715625,-0.009885095475639101,1.7857143566721963e-06,-0.025714510395351442,1.7857143566721963e-06,-0.011381500124284183,1.7857143566721963e-06,-0.010384188573940745,-0.008818724772406084,-0.001,1.7857143566721963e-06
2021-12-17,-0.0048474050512725495,-0.003958371495139975,1.3888888948020482e-06,-0.0049891426404659045,1.3888888948020482e-06,-0.0014334952235418585,1.3888888948020482e-06,-0.007984881346820377,-0.010642879652036585,-0.017996176635964978,1.3888888948020482e-06
2021-12-20,-0.00494219245645613,-0.006283584233058274,1.190476163866974e-06,-0.009700249196676669,1.190476163866974e-06,-0.009275171918174433,1.190476163866974e-06,-0.008409159562234009,-0.010633355409267242,-0.016584308779955093,1.190476163866974e-06
2021-12-21,0.011958988672057589,0.01062250377777604,1.5079364594486024e-06,0.02238028157511862,1.5079364594486024e-06,0.012110546772408933,1.5079364594486024e-06,0.007930485360782391,0.017758894972869976,0.021707912594844725,1.5079364594486024e-06
2021-12-22,0.008702462200432044,0.0077776545896544175,2.579364984754532e-06,0.012178573681984384,2.579364984754532e-06,0.008934870789346405,2.579364984754532e-06,0.010880375648132212,0.009998794386940846,0.03107990226605062,2.579364984754532e-06
2021-12-23,0.0036402269049996467,0.002964299044616739,2.579364984754532e-06,0.0075390371721022476,2.579364984754532e-06,0.0016945815656181544,2.579364984754532e-06,0.004078588837704233,0.006222071191439804,-0.001,2.579364984754532e-06
2021-12-27,0.010371922558823923,0.00826178359439868,2.3015872353599184e-06,0.016527190263725844,2.3015872353599184e-06,0.011034461280774677,2.3015872353599184e-06,0.014126668184013591,0.014152026694642217,0.0,2.3015872353599184e-06
2021-12-28,-0.0026467292393649944,-0.0016521578281022316,1.7063492642981665e-06,-0.004634773699385142,1.7063492642981665e-06,-0.002357582167028156,1.7063492642981665e-06,-0.000790928010062419,-0.0008171845427517033,0.0,1.7063492642981665e-06
2021-12-29,0.0006007360036000865,0.00037221908209223884,1.9841270136927804e-06,-0.00014919352221742788,1.9841270136927804e-06,0.00025037361521111173,1.9841270136927804e-06,0.002753629019452975,0.0012793823618690858,0.0,1.9841270136927804e-06
2021-12-30,-0.002425009545636049,-0.0014743186291289406,1.7857143566721963e-06,-0.0029885387731506396,1.7857143566721963e-06,-0.002791659093821656,1.7857143566721963e-06,-0.001016640355325837,-0.0027646852453515613,0.0,1.7857143566721963e-06
2021-12-31,-0.0021891141809993984,-0.0022305968025758574,9.920635068463902e-07,-0.006244510687691607,9.920635068463902e-07,-0.0029345853260433295,9.920635068463902e-07,-0.0004059572377007048,-0.0025201070482148147,0.0,9.920635068463902e-07
2022-01-03,0.004329311761015589,0.002775254020620654,1.3095238024280185e-06,0.009626863244757144,1.3095238024280185e-06,-0.003610830185487468,1.3095238024280185e-06,0.00475485298300557,0.0057900245829085595,0.0,1.3095238024280185e-06
2022-01-04,-0.0050322051877430525,-0.003807241206983023,2.1031745783393345e-06,-0.012970613457549907,2.1031745783393345e-06,-0.005604908513889691,2.1031745783393345e-06,0.0030058522266742387,-0.0003349375988996872,0.0,2.1031745783393345e-06
2022-01-05,-0.016349023191421924,-0.01556819830519524,3.1746031036452638e-06,-0.03072098371781129,3.1746031036452638e-06,-0.02793098129028241,3.1746031036452638e-06,-0.022591605807515208,-0.0192023512994296,0.0,3.1746031036452638e-06
2022-01-06,-0.00017097445186824712,-0.0006792315700541314,3.3730159084948284e-06,-0.0007027734791920093,3.3730159084948284e-06,-0.002903127964905956,3.3730159084948284e-06,1.2826177993475064e-05,-0.0009393047131979193,0.0,3.3730159084948284e-06
2022-01-07,-0.005703767719460503,-0.003447453536636575,3.5714287133443927e-06,-0.010832612552069465,3.5714287133443927e-06,-0.003952493365910007,3.5714287133443927e-06,0.0014892017507332493,-0.003953430441838268,0.0,3.5714287133443927e-06
2022-01-10,-0.0007688269411952014,-0.0009904244958838426,3.492063473141383e-06,0.0006582253658826698,3.492063473141383e-06,-0.003284557160636248,3.492063473141383e-06,-0.005701092968487365,-0.0012443051605214306,0.0,3.492063473141383e-06
2022-01-11,0.008444592359881833,0.0077757035322530196,3.5714287133443927e-06,0.015021740939017203,3.5714287133443927e-06,0.011673868824284561,3.5714287133443927e-06,0.015849109293753882,0.009108217735317448,0.0,3.5714287133443927e-06
2022-01-12,0.0022224205629223126,0.002499382809998809,4.682539710922847e-06,0.003965587352315003,4.682539710922847e-06,0.005476573667459202,4.682539710922847e-06,0.00482214277612697,0.0027035175837657466,0.0,4.682539710922847e-06
2022-01-13,-0.012808856813780752,-0.010508913225545122,4.5634921462762925e-06,-0.025015993538213266,4.5634921462762925e-06,-0.015358463526659814,4.5634921462762925e-06,-0.009192393675795635,-0.013778521058144144,0.0,4.5634921462762925e-06
2022-01-14,0.0024220821357919128,0.0022076775339316397,4.365079341426728e-06,0.006222546701529774,4.365079341426728e-06,0.001873328082171148,4.365079341426728e-06,0.0010985466738334397,0.00040890520216718684,0.004582008757833545,4.365079341426728e-06
2022-01-18,-0.011798079623247467,-0.011610738322623765,4.682539710922847e-06,-0.0248942685269522,4.682539710922847e-06,-0.019095898829412462,4.682539710922847e-06,-0.011460896349757471,-0.017709580758721977,-0.001,4.682539710922847e-06
2022-01-19,-0.007930207614005202,-0.005156266521007943,5.158729969509064e-06,-0.010983505165472973,5.158729969509064e-06,-0.002495546486668054,5.158729969509064e-06,-0.005056912831758881,-0.01038366119162637,-0.015065379426634329,5.158729969509064e-06
2022-01-20,-0.008273439392151142,-0.007358126167726264,6.547619307798053e-06,-0.012988329483606509,6.547619307798053e-06,-0.008851681316632793,6.547619307798053e-06,-0.009154568242408678,-0.011067830633221698,-0.020797509077445153,6.547619307798053e-06
2022-01-21,-0.00912209945921013,-0.0084443911839693,6.666666576786647e-06,-0.006952280327724989,6.666666576786647e-06,-0.012113320264062272,6.666666576786647e-06,-0.010846127150585083,-0.019630868636643317,-0.046691237325188206,6.666666576786647e-06
2022-01-24,0.005479727199445082,0.0004475969917962662,6.269841558403438e-06,0.002507006204182094,6.269841558403438e-06,0.004870501368726132,6.269841558403438e-06,-0.0008184233501312144,-0.001,-0.015098502561030736,6.269841558403438e-06
2022-01-25,-0.009341956703443536,5.442313896622695e-05,6.150793698098924e-06,0.005405745593424216,6.150793698098924e-06,-0.004505928501689793,6.150793698098924e-06,0.00404942394995686,-0.013208991547706495,-0.0007478204201187832,6.150793698098924e-06
2022-01-26,-0.0022010824295346544,-7.793197331002421e-05,7.3412699358803885e-06,0.013825920836096905,7.3412699358803885e-06,-0.017166464916677393,7.3412699358803885e-06,-0.003723295463270826,-0.001,-0.010289976224694408,7.3412699358803885e-06
2022-01-27,-0.0035876219868678635,0.0006158299871175245,7.063492186485775e-06,0.00901931220615726,7.063492186485775e-06,-0.012898211138547944,7.063492186485775e-06,0.004352163471579934,-0.0,-0.002835567515164006,7.063492186485775e-06
2022-01-28,0.011343194444076353,0.001873384355113711,7.3412699358803885e-06,-0.0002860244216900121,7.3412699358803885e-06,-0.0029832934474428585,7.3412699358803885e-06,0.008165389939167406,0.0,0.03146919142013482,7.3412699358803885e-06
2022-01-31,0.02073041148675058,0.004369156255559174,6.865079085978251e-06,-0.004470702260029102,6.865079085978251e-06,0.01096769795328345,6.865079085978251e-06,0.009003331336180309,0.01701085851449935,0.033265969093310144,6.865079085978251e-06
2022-02-01,0.01216620600050675,0.004574778668917233,6.865079085978251e-06,0.004382987980340758,6.865079085978251e-06,0.003794960042025286,6.865079085978251e-06,0.005509050905295826,0.006757036553212581,0.03699747369609563,6.865079085978251e-06
2022-02-02,0.0063254339355670545,0.004774596780209915,8.055555323759714e-06,0.006125420979559372,8.055555323759714e-06,0.006488505014242251,8.055555323759714e-06,0.009641742953213184,0.009714102112602818,0.011492315478739634,8.055555323759714e-06
2022-02-03,-0.0206753642404937,-0.019434548516633766,7.3412699358803885e-06,-0.04054372829402453,7.3412699358803885e-06,-0.02182336040051062,7.3412699358803885e-06,-0.012122258975078654,-0.023504946608168598,-0.06104802805319387,7.3412699358803885e-06
2022-02-04,0.005941750037267516,0.004238413541429807,7.658730305376506e-06,0.011729310561375385,7.658730305376506e-06,0.002455473712576299,7.658730305376506e-06,-0.0015786230394013168,0.00470220188883097,0.014809458382561536,7.658730305376506e-06
2022-02-07,-0.00041051916694208746,-0.001033609045727708,8.849206543157971e-06,-0.008399066766972663,8.849206543157971e-06,0.0020966973380690535,8.849206543157971e-06,0.002242048176414824,-0.003209187317713802,0.015305225687312518,8.849206543157971e-06
2022-02-08,0.004455032203734654,0.003580614336620605,8.055555323759714e-06,0.002894046856018573,8.055555323759714e-06,0.00564226966771364,8.055555323759714e-06,0.0020789429011404685,0.008227668660010456,0.02366349354727726,8.055555323759714e-06
2022-02-09,0.006703759175007016,0.003477579315966041,1.0912698649224782e-05,-0.002357701045714089,1.0912698649224782e-05,0.009017730920899969,1.0912698649224782e-05,0.007055449232321931,0.014636283417975626,0.018150642652364102,1.0912698649224782e-05
2022-02-10,-0.013653518748311727,-0.01058172781014418,1.0714286140033178e-05,-0.024632539859170022,1.0714286140033178e-05,-0.010129610326792306,1.0714286140033178e-05,-0.015101973913838745,-0.017965813972592892,-0.001,1.0714286140033178e-05
2022-02-11,-0.00774582796983646,-0.006584872318312748,1.4682539871760777e-05,-0.002,1.4682539871760777e-05,-0.005274787272864086,1.4682539871760777e-05,-0.004809813543563662,-0.019718674122416013,-0.06677088278607779,1.4682539871760777e-05
2022-02-14,0.0006960382365719655,0.0034342717147786126,1.3412698393776302e-05,0.014834998324774862,1.3412698393776302e-05,0.004017382664788758,1.3412698393776302e-05,-0.007969834530051012,-0.001,-0.00018921880212585673,1.3412698393776302e-05
2022-02-15,0.0045851770407174825,-0.0012281628657503456,1.428571485337757e-05,-0.01017068344617622,1.428571485337757e-05,-0.009499848975192515,1.428571485337757e-05,0.006810869540481518,0.0,0.04107511061394176,1.428571485337757e-05
2022-02-16,0.0016788632284830754,0.0019439946538808255,1.5873016109542244e-05,-0.0003481765287611793,1.5873016109542244e-05,0.004702472832460392,1.5873016109542244e-05,0.0033873029466525706,0.00012069121341940024,0.019454539905894963,1.5873016109542244e-05
2022-02-17,-0.013121251732262557,-0.007962602805636638,1.4801587140749371e-05,-0.006794576143732689,1.4801587140749371e-05,-0.0038466965095380057,1.4801587140749371e-05,-0.011379860000084924,-0.021361466799849738,-0.059033375981925706,1.4801587140749371e-05
2022-02-18,-0.0012390231944671192,-0.000284364729454937,1.3690476143170916e-05,0.003683634990384821,1.3690476143170916e-05,-0.0017334549100845855,1.3690476143170916e-05,-0.0026818511343424944,-0.001,-0.01213039063701471,1.3690476143170916e-05
2022-02-22,-0.0017381767638951372,0.0018701583106980023,1.2619047174378047e-05,0.01156940689028918,1.2619047174378047e-05,0.0020890378623359407,1.2619047174378047e-05,-0.01454771875034186,-0.0,0.002302431869556587,1.2619047174378047e-05
2022-02-23,-0.001967479321551207,0.00013120250591120092,1.3095238615596106e-05,0.006806910115563225,1.3095238615596106e-05,0.0045072272703239324,1.3095238615596106e-05,-0.008534657051860822,-0.0,-0.02794798721784364,1.3095238615596106e-05
2022-02-24,0.004174397028299345,0.0021741450413652044,1.3492063633979314e-05,0.013796467617083419,1.3492063633979314e-05,-0.006450131470019049,1.3492063633979314e-05,-0.010503167972599814,0.0,0.014769594683522902,1.3492063633979314e-05
2022-02-25,0.0021624389910277113,-0.004043000042084084,1.1230158427404978e-05,-0.028503709836212643,1.1230158427404978e-05,-0.003330678220184624,1.1230158427404978e-05,0.02560052377198413,0.0,0.020376539426189,1.1230158427404978e-05
2022-02-28,0.0037583205600590147,0.0020706028412167694,1.1825397137611633e-05,0.008258366823895802,1.1825397137611633e-05,0.010365345791119474,1.1825397137611633e-05,-0.004210227284938667,-0.0,-0.022632225180019172,1.1825397137611633e-05
2022-03-01,-0.001768954897748368,0.004089814026273947,1.1428570936596582e-05,0.02087442880214252,1.1428570936596582e-05,0.018163415997793697,1.1428570936596582e-05,-0.010841082930615947,-0.0,-0.05545823132847072,1.1428570936596582e-05
2022-03-02,0.017561674772524925,0.008325936503733283,1.2420634665186443e-05,0.0260333811419855,1.2420634665186443e-05,-0.010406339832951472,1.2420634665186443e-05,0.017881840134060967,0.0,0.03172642947014692,1.2420634665186443e-05
2022-03-03,0.004714624947605194,0.006091698721191916,1.2896824923772659e-05,0.018806925346302572,1.2896824923772659e-05,0.005953415398956663,1.2896824923772659e-05,0.006325431586162611,-0.0,-0.002795591038874279,1.2896824923772659e-05
2022-03-04,0.006994836624357354,0.005056315741138664,1.329365112478771e-05,0.01198260782986127,1.329365112478771e-05,0.015929145881701023,1.329365112478771e-05,0.008083405286763629,-0.0,-0.022827381277474523,1.329365112478771e-05
2022-03-07,-0.012321394029337634,0.004707676787769742,1.2103174887006245e-05,0.018017228320468037,1.2103174887006245e-05,0.014862865283030269,1.2103174887006245e-05,-0.0024720889228284633,-0.0,-0.035655694487144785,1.2103174887006245e-05
2022-03-08,-0.000418076865955258,0.007397909671258849,1.2103174887006245e-05,0.018075490449731113,1.2103174887006245e-05,0.027358997610294145,1.2103174887006245e-05,-0.011787461145563283,-0.0,-0.001,1.2103174887006245e-05
2022-03-09,0.002152145948774537,-0.01779323656124376,1.428571485337757e-05,-0.05175080999619208,1.428571485337757e-05,-0.029711176156992036,1.428571485337757e-05,-0.004035004959742822,0.0,0.0,1.428571485337757e-05
2022-03-10,-0.0028178690052917217,0.0027976252089324536,1.4682539871760777e-05,0.002181731297230316,1.4682539871760777e-05,0.0031212277978962533,1.4682539871760777e-05,0.007127886115115167,-0.0,0.021328955559411944,1.4682539871760777e-05
2022-03-11,-0.013813677217596652,0.0013897825561189597,1.428571485337757e-05,0.01488118251450432,1.428571485337757e-05,-0.007027884128157469,1.428571485337757e-05,-0.007604567574805404,-0.0,-0.010410331062606137,1.428571485337757e-05
2022-03-14,-0.018541727751741583,-0.004474039499087176,1.4484127362569173e-05,-0.002849322593158954,1.4484127362569173e-05,-0.015073711931138378,1.4484127362569173e-05,-0.006802776733380006,-0.0,-0.016501634583630298,1.4484127362569173e-05
2022-03-15,0.0021685463681130504,-0.005340921127463786,1.4999999649940975e-05,-0.014608686412241112,1.4999999649940975e-05,-0.01870545038411886,1.4999999649940975e-05,0.002522940299977461,0.0,0.01719798006660689,1.4999999649940975e-05
2022-03-16,0.02644606383189788,0.0011663101892459768,1.777777832651895e-05,-0.010133255124907925,1.777777832651895e-05,0.006260803404375848,1.777777832651895e-05,0.002598822087209657,0.0,0.04989686946278993,1.777777832651895e-05
2022-03-17,0.02068345612700162,0.008472559157255878,1.71825396163123e-05,0.022811066397770308,1.71825396163123e-05,0.004888644573449508,1.71825396163123e-05,0.016184979577072822,0.0,0.008248271774265792,1.71825396163123e-05
2022-03-18,0.01608873066399287,0.0004291366737250509,1.428571485337757e-05,0.0015126361561734747,1.428571485337757e-05,-0.008789852082788041,1.428571485337757e-05,-0.00027863979107151104,0.0,0.027853531377593832,1.428571485337757e-05
2022-03-21,0.012756419790783378,0.008929090682942415,1.5198412159132579e-05,0.028631051420029197,1.5198412159132579e-05,0.002674270756019893,1.5198412159132579e-05,0.01414792293004713,-0.0012922565575065317,0.0009474935877737956,1.5198412159132579e-05
2022-03-22,0.0002454684171356681,0.002464174297723023,1.8055556075913566e-05,0.0027802502449680855,1.8055556075913566e-05,0.0022252816118565333,1.8055556075913566e-05,0.001732051508951421,0.011701338514964021,0.007572917989208117,1.8055556075913566e-05
2022-03-23,0.0016474834108388763,0.0009139898406321876,2.0634919878036257e-05,0.006324040858212143,2.0634919878036257e-05,0.0003906487410927362,2.0634919878036257e-05,0.0014899846945532758,-0.01287836431478695,0.0016910964021714658,2.0634919878036257e-05
2022-03-24,0.009180807949571438,0.005945011412716753,1.9047618621871583e-05,0.00606759641717991,1.9047618621871583e-05,0.011167340732189723,1.9047618621871583e-05,0.00997226482454272,0.015074314367166775,0.012380413250988598,1.9047618621871583e-05
2022-03-25,0.008238379292192708,0.005373664683281989,1.916666707349202e-05,0.012000368215498769,1.916666707349202e-05,-0.0006820069675896134,1.916666707349202e-05,0.013992761334646331,0.004883667702511252,0.014081865931877546,1.916666707349202e-05
2022-03-28,-0.0060912538900756595,-0.005491100948670852,2.0634919878036257e-05,-0.02459788575559607,2.0634919878036257e-05,0.0014605133076857797,2.0634919878036257e-05,-0.004663227308721041,0.007113042463376296,0.0073086338246763916,2.0634919878036257e-05
2022-03-29,-0.0011581303239517103,-0.0006923867750878742,2.015873080208188e-05,-0.014713235491246035,2.015873080208188e-05,0.01000902700109396,2.015873080208188e-05,0.006002115439200706,0.012370732215050584,-0.001,2.015873080208188e-05
2022-03-30,-0.002647796071334709,-0.0037468541585586592,2.2023809807641167e-05,-0.013045412523372988,2.2023809807641167e-05,-0.0030605440455039323,2.2023809807641167e-05,0.004295207648133181,-0.006174638985208314,0.0,2.2023809807641167e-05
2022-03-31,-0.007807084003634947,-0.006531314901134809,2.083333238722786e-05,-0.013024217724259766,2.083333238722786e-05,-0.009132894810984596,2.083333238722786e-05,-0.007577402705709502,-0.015391424145027699,0.0,2.083333238722786e-05
2022-04-01,0.003919205560911141,0.0019779937113642647,1.956349209187523e-05,6.336599474576765e-05,1.956349209187523e-05,-0.001811647696559319,1.956349209187523e-05,0.010660743457882094,0.00283421971328246,0.018978008158949344,1.956349209187523e-05
2022-04-04,0.0038834664540756173,0.004302044657865568,1.984126984126984e-05,0.009468031019929324,1.984126984126984e-05,0.011333943114916126,1.984126984126984e-05,-0.003639913611886702,0.008566511788481002,-0.001,1.984126984126984e-05
2022-04-05,-0.01220794136353643,-0.009507929760117792,2.1349205857231504e-05,-0.0242039679722843,2.1349205857231504e-05,-0.013700041543612262,2.1349205857231504e-05,-0.004615214708762305,-0.012631314087096612,0.0,2.1349205857231504e-05
2022-04-06,0.000729507370292422,-0.001713670997637885,2.650793582674057e-05,-0.0007937139783511498,2.650793582674057e-05,-0.009789233940525851,2.650793582674057e-05,0.012934223524361188,-0.00999926553138808,-0.01197899857393847,2.650793582674057e-05
2022-04-07,0.0031446758093156336,0.0035059660003081182,2.6309523317548965e-05,0.0033673027710410253,2.6309523317548965e-05,0.0037452157785688263,2.6309523317548965e-05,0.010498403545334045,0.005038878650236223,0.01332102184766426,2.6309523317548965e-05
2022-04-08,0.005933270034655034,0.004354181465100591,2.619047723119221e-05,0.012777558488196172,2.619047723119221e-05,0.001796013260150664,2.619047723119221e-05,0.010276478934947653,-0.0026739427918820446,0.0010955152965039794,2.619047723119221e-05
2022-04-11,-0.005715550163409209,-0.003583918936297486,2.650793582674057e-05,0.006779234916902244,2.650793582674057e-05,-0.0060664979771767324,2.650793582674057e-05,-0.016910920913436017,-0.017092459724840747,-0.028086829547671388,2.650793582674057e-05
2022-04-12,0.005094537505160448,0.004432409128949827,2.6984127267958627e-05,0.014131675252536668,2.6984127267958627e-05,0.006676751619003053,2.6984127267958627e-05,0.002738360158827391,-0.001,-0.006192565685592455,2.6984127267958627e-05
2022-04-13,0.006474511511701117,0.005631213739059994,2.9285713320686706e-05,0.01024278086965702,2.9285713320686706e-05,0.004788537865617837,2.9285713320686706e-05,0.005866770823060974,0.0,0.03512085805335485,2.9285713320686706e-05
2022-04-14,0.004726216018062066,0.0045710951039947415,2.9365079743521554e-05,0.02301863694913009,2.9365079743521554e-05,-0.003303550666205468,2.9365079743521554e-05,-0.0003176020224137377,-0.0,-0.013316299640644624,2.9365079743521554e-05
2022-04-18,0.005380022706081484,0.005416281736931867,2.9682540704333593e-05,0.019475704392490467,2.9682540704333593e-05,0.0030971927027434454,2.9682540704333593e-05,-0.0025040353024367856,0.0,0.006470668758250087,2.9682540704333593e-05
2022-04-19,-0.0016312259494088597,-0.004905525564633216,2.9960317271096366e-05,-0.017973323242252093,2.9960317271096366e-05,-0.015112904376299419,2.9960317271096366e-05,0.005775523821723194,0.0,0.025349028341785873,2.9960317271096366e-05
2022-04-20,-0.00016854840092840866,-0.0009642758773166489,3.3055555725854536e-05,-0.013208563752355684,3.3055555725854536e-05,0.004894947496407287,3.3055555725854536e-05,0.010106499188294815,-0.0,0.011644599237415898,3.3055555725854536e-05
2022-04-21,-0.003236403302659707,-0.0004464298081991963,3.154761970989288e-05,0.013764498796309477,3.154761970989288e-05,-0.0035576001936850066,3.154761970989288e-05,-0.015047710995534369,-0.0,-0.037187927101521856,3.154761970989288e-05
2022-04-22,-0.014324593158520622,-0.010187648851706418,3.174603221908449e-05,-0.013663919051194573,3.174603221908449e-05,-0.0097220932450649,3.174603221908449e-05,-0.02334891926379362,-0.0,-0.05977561272479759,3.174603221908449e-05
2022-04-25,-0.007323256779587606,-0.007130336563774495,3.0952379817054386e-05,-0.015282306837676729,3.0952379817054386e-05,-0.017970993150090764,3.0952379817054386e-05,-0.010545327395934473,0.0,0.008607246686224146,3.0952379817054386e-05
2022-04-26,-0.0021742166230233266,0.0008967083912327818,3.166666579624963e-05,0.01735561561864829,3.166666579624963e-05,0.001525017044941901,3.166666579624963e-05,-0.009950485185702324,-0.0,-0.05372382435968248,3.166666579624963e-05
2022-04-27,0.0037378251399645427,0.0016151999282292926,3.3055555725854536e-05,0.01187779460414995,3.3055555725854536e-05,-0.00755702425744631,3.3055555725854536e-05,0.00188729763168341,0.0,-0.008403358059409838,3.3055555725854536e-05
2022-04-28,0.010270310848435665,0.006136982403118349,3.206349317989652e-05,0.008688733149343264,3.206349317989652e-05,0.005398323510093839,3.206349317989652e-05,0.01863110900250664,0.0,0.025630381074686515,3.206349317989652e-05
2022-04-29,-0.011952711068468158,-0.008123637952481487,3.115079469150967e-05,-0.011466037355028047,3.115079469150967e-05,-0.00011297696546286318,3.115079469150967e-05,-0.032752968806225496,-0.0,-0.03950018393114474,3.115079469150967e-05
2022-05-02,0.003918509223856497,0.002193460541519909,3.206349317989652e-05,0.019908753952616376,3.206349317989652e-05,-0.018540493535693647,3.206349317989652e-05,-0.0039075039241981135,0.0,0.0075535168171241285,3.206349317989652e-05
2022-05-03,0.002637470411897818,0.0028452008612694906,3.0357142289479574e-05,0.0006223774634310786,3.0357142289479574e-05,0.00264926246698316,3.0357142289479574e-05,0.008038023708540315,0.0,0.029570973665322686,3.0357142289479574e-05
2022-05-04,0.010191256814575396,0.007827867000978374,3.551587225898864e-05,0.005456635656409414,3.551587225898864e-05,0.009822544372671826,3.551587225898864e-05,0.02713409843802611,0.0,0.045307478573769266,3.551587225898864e-05
2022-05-05,-0.005790985296442,-0.001980366676467217,3.3055555725854536e-05,0.019570794965318106,3.3055555725854536e-05,-0.003811138551277793,3.3055555725854536e-05,-0.01929398959536835,-0.0,-0.08765477462358284,3.3055555725854536e-05
2022-05-06,0.003881283829771772,0.0025283865674200893,3.186507830544124e-05,0.00444036214427479,3.186507830544124e-05,0.0016558743678838361,3.186507830544124e-05,0.008414259289518916,-0.0,0.006362655935353123,3.186507830544124e-05
2022-05-09,-0.017363340528754892,-0.014531420320066268,3.2341269746659296e-05,-0.029654030826814726,3.2341269746659296e-05,-0.014479496708730832,3.2341269746659296e-05,-0.029122393672302932,-0.0,-0.040885193049806645,3.2341269746659296e-05
2022-05-10,-0.0012418041915771678,-0.001110260094970518,3.174603221908449e-05,-0.006536442614485827,3.174603221908449e-05,-0.001,3.174603221908449e-05,-0.0016046165864399553,0.0,0.01647989513647463,3.174603221908449e-05
2022-05-11,0.008388307742525716,0.003796989918651615,3.4841270673842654e-05,0.013700115133532309,3.4841270673842654e-05,0.0,3.4841270673842654e-05,0.0024174384601035603,-0.0,0.002377877525783667,3.4841270673842654e-05
2022-05-12,0.012031552272221793,0.0021418620965992525,3.503968318303426e-05,0.006181577428536755,3.503968318303426e-05,0.0,3.503968318303426e-05,0.0008906635335799995,-0.0,0.009920269781451552,3.503968318303426e-05
2022-05-13,0.028202320645948235,0.00353169175811155,3.5912697277371846e-05,0.0005864395476589124,3.5912697277371846e-05,0.0,3.5912697277371846e-05,0.017932271521534315,0.0,0.03160366184856489,3.5912697277371846e-05
2022-05-16,-0.006412091498828666,0.005064572755351817,3.742063565859719e-05,0.011972762130224135,3.742063565859719e-05,0.0,3.742063565859719e-05,0.010345901750483666,-0.0,0.020492606823167447,3.742063565859719e-05
2022-05-17,0.005967559336073224,0.0015172745828777162,3.888888964577327e-05,0.004991899242562159,3.888888964577327e-05,-0.007279296383541522,3.888888964577327e-05,0.007197531687475944,0.0,0.012576043437718676,3.888888964577327e-05
2022-05-18,-0.02506350900657877,-0.010590896999910135,4.1190475698501346e-05,-0.015806458609388896,4.1190475698501346e-05,0.0005314848929158789,4.1190475698501346e-05,-0.03136642317060928,-0.0,-0.07191499338082752,4.1190475698501346e-05
2022-05-19,0.00378400644780836,-0.0018493441165230667,3.980158813416012e-05,-0.020214767294351232,3.980158813416012e-05,0.014697234801531733,3.980158813416012e-05,-0.005348650125657772,-0.0,0.030433839665143125,3.980158813416012e-05
2022-05-20,0.00026525159111625467,0.003684186557828246,3.968253968253968e-05,0.01237908863075754,3.968253968253968e-05,0.0006980112537449124,3.968253968253968e-05,0.005346577081941861,0.0,-0.0012568364302777413,3.968253968253968e-05
2022-05-23,0.003650521164132882,0.0034021799464106564,3.880952322293842e-05,0.0025580249978318648,3.880952322293842e-05,0.004650369455528214,3.880952322293842e-05,0.016959614016845204,0.0,0.007130875637829659,3.880952322293842e-05
2022-05-24,-0.01180320363139745,-0.000159808404308047,3.940476075051323e-05,-0.009140401202107018,3.940476075051323e-05,0.007521859850632806,3.940476075051323e-05,0.010779174831353266,-0.0,-0.0018742222351091353,3.940476075051323e-05
2022-05-25,0.007451024039465298,0.0016430459048373998,4.1388888207692946e-05,0.006055444919171427,4.1388888207692946e-05,-0.006029994959596108,4.1388888207692946e-05,0.004986385424002898,0.0,0.010431879758323381,4.1388888207692946e-05
2022-05-26,-0.004307895181664983,4.062770905583591e-05,4.1468252265264115e-05,-0.002362526066909121,4.1468252265264115e-05,-0.0018488983177334939,4.1468252265264115e-05,0.0071960763610477985,0.0,0.0035101831070429856,4.1468252265264115e-05
2022-05-27,0.008732986672179118,0.002293464052701143,4.079365068011814e-05,-0.0014378884843326833,4.079365068011814e-05,0.00052102106703944,4.079365068011814e-05,0.015532911392918736,0.0,0.020164678759309718,4.079365068011814e-05
2022-05-31,-0.006202000760385941,-0.0029468106758268405,4.06746022284977e-05,-0.0027950843203441433,4.06746022284977e-05,-0.009893009276743081,4.06746022284977e-05,-0.012311163765603067,-0.0,0.00907617853213405,4.06746022284977e-05
2022-06-01,0.003637756416930846,0.006652817900727726,4.0873014737689306e-05,0.023329545394300544,4.0873014737689306e-05,0.006369033199590923,4.0873014737689306e-05,-0.003181072053376699,-0.0,0.003398000955237457,4.0873014737689306e-05
2022-06-02,0.012597256762858802,-0.000259036301414981,4.376984304851956e-05,-0.013114313848357373,4.376984304851956e-05,0.012309182073779512,4.376984304851956e-05,0.0065097320262637315,0.0,0.010159328959805869,4.376984304851956e-05
2022-06-03,-0.006539425697419376,0.001896586729649651,4.4166668066902766e-05,0.01597994726904295,4.4166668066902766e-05,-0.010152017266979896,4.4166668066902766e-05,-0.003335936226554203,-0.0,-0.005127160840608491,4.4166668066902766e-05
2022-06-06,0.006498124495786272,0.007254230806968371,4.503968216124035e-05,0.02897352152224597,4.503968216124035e-05,-0.0044037229040009285,4.503968216124035e-05,0.003297164446237788,0.0,0.006541090413616724,4.503968216124035e-05
2022-06-07,0.00844443202603583,0.0024870922791064686,4.6031744707198374e-05,-0.0013408509113219669,4.6031744707198374e-05,0.006518420844169315,4.6031744707198374e-05,0.012092575348651602,0.0,0.012406480568331268,4.6031744707198374e-05
2022-06-08,0.0013478369544830389,-0.0011787944257027156,4.861111205721658e-05,0.0004296203215790051,4.861111205721658e-05,-0.0009251975242893229,4.861111205721658e-05,-0.012604743480614355,-0.0,0.0019451171837754355,4.861111205721658e-05
2022-06-09,-0.009724724339381294,-0.0009977651149545444,4.892857301802862e-05,0.011380633846813426,4.892857301802862e-05,-0.0031832564859568535,4.892857301802862e-05,-0.021194466944784746,-0.0,-0.025237803910335144,4.892857301802862e-05
2022-06-10,-0.01801899672483806,0.0019156146377409605,4.9126985527220226e-05,0.011677291579339277,4.9126985527220226e-05,0.013412283666592417,4.9126985527220226e-05,-0.014880005813392577,-0.0,-0.03087032992079619,4.9126985527220226e-05
2022-06-13,-0.023852516646345023,-0.006686437523855076,5.1111110619136266e-05,0.01888787269737624,5.1111110619136266e-05,-0.026412288230091452,5.1111110619136266e-05,-0.039695427314999504,-0.0,-0.06987261686273372,5.1111110619136266e-05
2022-06-14,-0.0005523937839827717,-0.002493080002129622,5.9444445466238355e-05,-0.0046345176714530645,5.9444445466238355e-05,-0.008003209616781914,5.9444445466238355e-05,-0.010702150799362264,-0.0,0.018338529868212605,5.9444445466238355e-05
2022-06-15,0.003526686284735246,-0.005549293416921433,6.916666787768168e-05,-0.03414384359769285,6.916666787768168e-05,0.013050939388113303,6.916666787768168e-05,-0.003711922907133486,0.0,0.027554793958757706,6.916666787768168e-05
2022-06-16,-0.01633940135926637,-0.0006284713728444086,6.72619068433368e-05,0.008837626972372226,6.72619068433368e-05,0.011243181594596585,6.72619068433368e-05,-0.02983715978268639,-0.0,-0.03124998993164796,6.72619068433368e-05
2022-06-17,-0.0007998305534552566,-0.004993440352436653,5.884920793866354e-05,-0.01114920790522611,5.884920793866354e-05,-0.008222816311715064,5.884920793866354e-05,-0.01754702369471453,0.0,0.015257208950370416,5.884920793866354e-05
2022-06-21,0.015973285816242657,0.005122941493661989,5.992063454219273e-05,0.008322038467464488,5.992063454219273e-05,-0.0037367862070599722,5.992063454219273e-05,0.03111171383710354,0.0,0.009446084358365914,5.992063454219273e-05
2022-06-22,-0.000886835577093159,-0.005570857151780495,5.904762044785515e-05,-0.027156521554636104,5.904762044785515e-05,0.003985188163408093,5.904762044785515e-05,-0.004089046876839253,-0.0,0.020204184468113784,5.904762044785515e-05
2022-06-23,-0.004940872048494037,-0.004922729111561229,6.130952210653396e-05,-0.018883528642031466,6.130952210653396e-05,-0.006129257292171064,6.130952210653396e-05,0.00708041455608982,0.0,-0.00020850815042616766,6.130952210653396e-05
2022-06-24,0.008064451622590275,0.003333356304982167,6.190475963410877e-05,0.005300005581510447,6.190475963410877e-05,-0.0009984622015154487,6.190475963410877e-05,0.016688634378114076,0.0,0.00938283510278759,6.190475963410877e-05
2022-06-27,0.005361386272946178,0.0029930311901214097,6.341270038059779e-05,0.005549365763467096,6.341270038059779e-05,-0.001,6.341270038059779e-05,0.009604472789703389,-0.0,0.015492666853212045,6.341270038059779e-05
2022-06-28,0.00231338913750391,0.0018284279716661495,6.480158794493902e-05,0.012417240675533847,6.480158794493902e-05,-0.0026480211262837052,6.480158794493902e-05,-0.0018777782231435836,-0.0,-0.014239234440850068,6.480158794493902e-05
2022-06-29,-0.003809097390917071,-0.0036388922919243505,6.896825536849007e-05,-0.011992435762374742,6.896825536849007e-05,-0.0007663579045243951,6.896825536849007e-05,-0.0047602014709219875,-0.0,-0.0014444840310913198,6.896825536849007e-05
2022-06-30,-0.011802012165307046,-0.011295154879786795,6.765873186172e-05,-0.03972409044285441,6.765873186172e-05,-0.006077047294322124,6.765873186172e-05,-0.0028857510443507095,-0.0,-0.0037197831668972503,6.765873186172e-05
2022-07-01,0.005509367011341628,0.0038285564792537997,6.349206443816897e-05,0.006894541092937301,6.349206443816897e-05,-0.0008310541616338707,6.349206443816897e-05,0.016281506072835017,0.0,0.011615876040772966,6.349206443816897e-05
2022-07-05,-0.011988011399636983,-0.01280986313525998,6.36111128897894e-05,-0.02995715463436699,6.36111128897894e-05,-0.02120964335120412,6.36111128897894e-05,-0.02149547191442036,0.0,-0.00020508788469519867,6.36111128897894e-05
2022-07-06,-0.0008402391849543734,-0.0015366680885922086,6.468253949331859e-05,-0.007647122071732015,6.468253949331859e-05,-0.001,6.468253949331859e-05,0.0007340766911999308,0.0,0.00861365869770947,6.468253949331859e-05
2022-07-07,0.010334256999746197,0.009158697449426793,7.301587434042068e-05,0.03141668006797116,7.301587434042068e-05,0.0,7.301587434042068e-05,0.010062949795683618,0.0,0.005490045874100069,7.301587434042068e-05
2022-07-08,0.0055114788258587965,0.004632699596734614,7.353174781042433e-05,0.01637931989170638,7.353174781042433e-05,0.0,7.353174781042433e-05,-0.0006236761387645728,-0.0,0.01152678839292176,7.353174781042433e-05
2022-07-11,0.0015144353994219323,0.0018412030261283968,7.313492279204111e-05,0.011026293312403235,7.313492279204111e-05,0.0,7.313492279204111e-05,-0.0017944090190459283,-0.0,-0.01519396499950465,7.313492279204111e-05
2022-07-12,-0.01101716754964968,-0.008977215410400339,7.74999979942564e-05,-0.03104024460197652,7.74999979942564e-05,0.0,7.74999979942564e-05,-0.00998738559957621,-0.0,-0.004872063985934427,7.74999979942564e-05
2022-07-13,0.0007079493143196806,0.0019624388636709034,8.384920301891509e-05,0.007503544375480509,8.384920301891509e-05,0.0,8.384920301891509e-05,-0.0036909292234647284,-0.0,0.008567894023322031,8.384920301891509e-05
2022-07-14,0.002675970079878678,0.0028722288025902513,9.218253786601717e-05,0.013749647063930448,9.218253786601717e-05,0.0,9.218253786601717e-05,-0.005243497146059789,-0.0,-0.0014158514718567439,9.218253786601717e-05
2022-07-15,0.0060708934949464995,0.0017897430813824948,9.019841277410113e-05,-0.002543096049480109,9.019841277410113e-05,0.0,9.019841277410113e-05,0.011403775080269907,0.0,0.02511650203147897,9.019841277410113e-05
2022-07-18,-0.0015869765603896148,0.00014773139248931146,8.888888926733108e-05,0.005665760471488701,8.888888926733108e-05,0.0,8.888888926733108e-05,-0.005467557579781124,-0.0,-0.015016837128332683,8.888888926733108e-05
2022-07-19,0.005231299121467603,0.0015859875644890302,8.96825393040975e-05,-0.0016901030775197112,8.96825393040975e-05,0.0,8.96825393040975e-05,0.016182826356051838,0.0,0.0072216774597988476,8.96825393040975e-05
2022-07-20,-0.0018975659963651943,-0.0010352319384394843,9.722222411443316e-05,-0.00479677331658146,9.722222411443316e-05,0.0,9.722222411443316e-05,-0.005049584783354183,0.0,0.012746452924082163,9.722222411443316e-05
2022-07-21,0.00028269184945105817,-0.0003121145872541939,9.436508019765218e-05,-0.003969454583976129,9.436508019765218e-05,0.0,9.436508019765218e-05,0.0009893990610703451,0.0,0.011012810031371334,9.436508019765218e-05
2022-07-22,-0.00564131641156645,-0.00505761877395068,9.365078948792958e-05,-0.02200404241893361,9.365078948792958e-05,0.0,9.365078948792958e-05,0.0019898798189599,-0.0,0.004279346846063126,9.365078948792958e-05
2022-07-25,0.008559835055773114,0.005770937607089241,9.345238170926534e-05,0.01609569249787235,9.345238170926534e-05,0.0,9.345238170926534e-05,0.014842215222839461,0.0,0.004648418725633929,9.345238170926534e-05
2022-07-26,0.0005212382855956951,0.0005140246820200998,9.496031299469963e-05,0.004583257267956942,9.496031299469963e-05,0.0,9.496031299469963e-05,-7.166563009688987e-05,-0.0,-0.013109703473654477,9.496031299469963e-05
2022-07-27,-0.000403759387168343,-0.001374938935168738,9.821428192986383e-05,-0.01283156561664911,9.821428192986383e-05,0.0,9.821428192986383e-05,0.009121874749293601,0.0,0.017776907048739465,9.821428192986383e-05
2022-07-28,0.0007983537499278322,-0.0007120894052504549,9.456348797631641e-05,-0.01415356292506631,9.456348797631641e-05,0.0,9.456348797631641e-05,0.015959520344493716,0.0,0.02399232315948896,9.456348797631641e-05
2022-07-29,0.0022435178417869635,1.7378668297952915e-05,9.158730506896972e-05,-0.005566974215575504,9.158730506896972e-05,0.0,9.158730506896972e-05,0.010232166301589851,0.0,0.007122794357708573,9.158730506896972e-05
2022-08-01,-0.009450390237619474,-0.006704740013504542,9.119048005058652e-05,-0.021803122545565712,9.119048005058652e-05,0.0,9.119048005058652e-05,-0.0036232523138563233,-0.0,-0.01842542103487843,9.119048005058652e-05
2022-08-02,0.003940633867347585,0.004759416293594818,8.988095654381647e-05,0.02168658895808928,8.988095654381647e-05,0.0,8.988095654381647e-05,-0.003975463870420803,-0.0,-0.005877917395243237,8.988095654381647e-05
2022-08-03,-0.0007411415039555542,0.0013900641650232371,9.773809758443682e-05,0.0008846068522401218,9.773809758443682e-05,0.0,9.773809758443682e-05,-0.0016935531351151,0.0,0.026130057675195495,9.773809758443682e-05
2022-08-04,-0.011910777085783777,-0.007887776532645911,9.634920528956822e-05,-0.026804121198890307,9.634920528956822e-05,0.0,9.634920528956822e-05,-0.011622999110322413,-0.0,-0.001115196272204022,9.634920528956822e-05
2022-08-05,0.005723709373292771,0.00560934633068995,9.436508019765218e-05,0.018765085741477838,9.436508019765218e-05,0.0,9.436508019765218e-05,0.003384667818815218,-0.0,0.010978789247494625,9.436508019765218e-05
2022-08-08,4.9710328053418764e-05,-0.0005726626534527398,9.563492404090033e-05,-0.0029709050794274328,9.563492404090033e-05,0.0,9.563492404090033e-05,0.0021260809745326514,-0.0,-0.0014725166272487877,9.563492404090033e-05
2022-08-09,0.004920372792838546,0.0038510619053266693,9.761904913281637e-05,0.013408844575742096,9.761904913281637e-05,0.0,9.761904913281637e-05,0.00605374824689256,-0.0,-0.0027650050853255115,9.761904913281637e-05
2022-08-10,-0.0029712089182303194,-0.003751037128882098,0.00010198412433503166,-0.023522521657958095,0.00010198412433503166,0.0,0.00010198412433503166,0.0074709267777802735,0.0,0.02698711534841025,0.00010198412433503166
2022-08-11,0.008499926382718865,0.008070075014012884,0.0001005952415012178,0.029810287264711244,0.0001005952415012178,0.0,0.0001005952415012178,0.006348097443471784,0.0,-0.001,0.0001005952415012178
2022-08-12,0.002614708638219424,-0.0001881801152636553,9.880952418796599e-05,-0.00692972063702213,9.880952418796599e-05,0.0,9.880952418796599e-05,0.012912817380182462,0.0,0.004417104212250834,9.880952418796599e-05
2022-08-15,0.00021945307187174652,0.0002243314166870766,9.92063492063492e-05,-0.00038279508237504256,9.92063492063492e-05,0.0025436149406833372,9.92063492063492e-05,-0.00043754117313726804,0.0,-0.001,9.92063492063492e-05
2022-08-16,0.0010870050189346113,0.001982174301244123,9.972222267635285e-05,0.008541952956343746,9.972222267635285e-05,-0.00021965863213091377,9.972222267635285e-05,-0.0015277486539199137,0.0,0.0,9.972222267635285e-05
2022-08-17,0.005684335522683835,0.0028811798260347785,0.00010309524006313749,0.022196294294611674,0.00010309524006313749,-0.012440322940483507,0.00010309524006313749,-0.002280011747308158,-0.008098001131137567,0.0,0.00010309524006313749
2022-08-18,0.005739875317464969,0.005762477687894305,0.00010190476500798786,0.017999969392885395,0.00010190476500798786,0.004101112049664272,0.00010190476500798786,0.006891994835957205,-0.001,0.0,0.00010190476500798786
2022-08-19,0.00036454198682650714,0.0018154338072092332,0.00010178571655636741,0.007858512672727747,0.00010178571655636741,-0.001,0.00010178571655636741,-0.0003227471885352273,-0.0,0.0,0.00010178571655636741
2022-08-22,-0.0021020077207485064,-0.0002887527643560966,0.00010238094935341486,0.009468105005658645,0.00010238094935341486,0.0,0.00010238094935341486,-0.009690581360809303,-0.0,-0.034399893764593736,0.00010238094935341486
2022-08-23,0.001194920678436885,0.0016696207920061416,0.00010507936515505352,0.003862082701630687,0.00010507936515505352,0.0,0.00010507936515505352,0.0029436103571283956,-0.0,0.007511765744204757,0.00010507936515505352
2022-08-24,0.002742251799237286,0.0020181666765794817,0.00010726190748668851,0.002473211413713594,0.00010726190748668851,0.0,0.00010726190748668851,0.004796384457873615,0.0,0.017707305148610963,0.00010726190748668851
2022-08-25,0.0014656553449487882,-0.0002219688179316933,0.00010765873250507173,-0.007127192622509271,0.00010765873250507173,0.0,0.00010765873250507173,0.007372938811465168,0.0,0.015750927369699186,0.00010765873250507173
2022-08-26,-0.00691397483811303,-0.00300130013729381,0.00010833333409021771,0.005521787752349461,0.00010833333409021771,0.0,0.00010833333409021771,-0.019917853123907397,-0.0,-0.04850340193139513,0.00010833333409021771
2022-08-29,0.0030476533351450367,0.0031614822820680414,0.0001093254013667031,0.010982930095811083,0.0001093254013667031,0.0,0.0001093254013667031,0.00238094964505034,-0.0,0.0028424807633211646,0.0001093254013667031
2022-08-30,-0.004318274439956806,-0.0022022705730952953,0.00011103174989185636,-0.0008147563985992923,0.00011103174989185636,0.0,0.00011103174989185636,-0.016378431116260944,-0.0,-0.007936473610684613,0.00011103174989185636
2022-08-31,-0.0012453954198134967,0.00046054757399783554,0.00011400793279920305,0.0027181481367062332,0.00011400793279920305,0.0,0.00011400793279920305,-0.007036622485319194,-0.0,0.008952404203869113,0.00011400793279920305
2022-09-01,0.0025033653175852797,0.0016908418466380771,0.00011349205932919941,0.0043372005189719065,0.00011349205932919941,0.0,0.00011349205932919941,0.0029591968778958644,0.0,0.0054747421964704834,0.00011349205932919941
2022-09-02,-0.0021525484899132846,-0.000683688042069344,0.00011361110778081984,0.0,0.00011361110778081984,0.0,0.00011361110778081984,-0.004953038494948742,-0.0,-0.004506156052064725,0.00011361110778081984
2022-09-06,0.0015824154613713372,0.0014217504341513978,0.00011190475925566658,0.00890691875570404,0.00011190475925566658,0.0,0.00011190475925566658,-0.0028495434878473003,-0.0,-0.011127879054959489,0.00011190475925566658
2022-09-07,-0.004439473775937023,-0.005103271397626608,0.00011289682653215196,-0.03130015939167874,0.00011289682653215196,0.0,0.00011289682653215196,0.013499620496369269,0.0,0.02670229864066398,0.00011289682653215196
2022-09-08,0.005329717166546498,0.003736201561321727,0.00011638889237055703,0.011322866328435044,0.00011638889237055703,0.0,0.00011638889237055703,0.004589658418934356,0.0,0.008173854945981995,0.00011638889237055703
2022-09-09,0.0012828956395701124,0.000241125784948985,0.00011706349395570301,-0.00505192962937373,0.00011706349395570301,0.0,0.00011706349395570301,0.011896674632151993,0.0,0.005527901870832297,0.00011706349395570301
2022-09-12,0.002002735202380846,0.001158990938011118,0.00011777777520437089,0.0004117426124621293,0.00011777777520437089,0.0,0.00011777777520437089,0.009628009882303501,0.0,0.0010995303944763002,0.00011777777520437089
2022-09-13,-0.006945563513515077,0.0010946168979829333,0.00011884920180790008,0.02469122306816729,0.00011884920180790008,0.0,0.00011884920180790008,-0.02956828987223531,-0.0,-0.04319971744845852,0.00011884920180790008
2022-09-14,0.00448875530772493,-0.0005137501775399848,0.00012511905223604232,-0.00602402053119766,0.00012511905223604232,0.0,0.00012511905223604232,0.009133275219616627,0.0,0.0007652748264210807,0.00012511905223604232
2022-09-15,-0.0019147035571687161,-0.001407164826759373,0.00012412698495955693,-0.0006735224732702383,0.00012412698495955693,0.0,0.00012412698495955693,-0.013364735544651923,-0.0,0.0011469615182304604,0.00012412698495955693
2022-09-16,-0.007927910139550742,-0.0032454104938839036,0.0001228174614527869,-0.01078139242916265,0.0001228174614527869,0.0,0.0001228174614527869,-0.00637714588279456,-0.0,0.0009547305342811896,0.0001228174614527869
2022-09-19,0.004695575528909369,0.004405920016260451,0.00012182539417630151,0.013078962041156217,0.00012182539417630151,0.0,0.00012182539417630151,0.0038121041711644266,0.0,0.014307516714953117,0.00012182539417630151
2022-09-20,-0.002791153502205,-0.0008437798846133645,0.00012043651134248764,0.003496503086978908,0.00012043651134248764,0.0,0.00012043651134248764,-0.009671318117881439,-0.0,-0.01579831421512512,0.00012043651134248764
2022-09-21,-0.006961938596411561,-0.0024670243143409777,0.00012869047740149119,-0.0018762083014893793,0.00012869047740149119,0.0,0.00012869047740149119,-0.012180877006312069,-0.0,-0.016434178869858207,0.00012869047740149119
2022-09-22,0.00501196576636601,0.001860126978707123,0.00012658730385795472,0.007250222966398434,0.00012658730385795472,0.0,0.00012658730385795472,-0.0008099935342636144,-0.0,0.0017485943356008171,0.00012658730385795472
2022-09-23,-0.0027817527909043127,0.00025630487526340207,0.00012420635374765549,0.017062160810769944,0.00012420635374765549,0.0,0.00012420635374765549,-0.02565891615396676,-0.0,-0.02967421554000793,0.00012420635374765549
2022-09-26,0.0015283727141192993,0.0037072437239723272,0.00012333333492279053,0.023853209124194086,0.00012333333492279053,0.0,0.00012333333492279053,-0.014366569505552429,-0.0,-0.017189698807417164,0.00012333333492279053
2022-09-27,0.0014915704664701468,-0.00014267276098670864,0.00012559523658146933,0.00332810126204075,0.00012559523658146933,0.0,0.00012559523658146933,-0.006494428970453048,-0.0,-0.007321472626811376,0.00012559523658146933
2022-09-28,0.003526524036134413,-0.004714995846579535,0.00012896825396825398,-0.0318958843521957,0.00012896825396825398,0.0,0.00012896825396825398,0.0222341440167243,0.0,0.01987292314514555,0.00012896825396825398
2022-09-29,-0.00031147847421131487,0.0008206329991485081,0.00012817460393148755,0.012388087299567863,0.00012817460393148755,0.0,0.00012817460393148755,-0.01624997516949775,-0.0,-0.013860961101428315,0.00012817460393148755
2022-09-30,-0.004926399811213438,-0.0022541605993547063,0.00012769841012500582,-0.0013017529562671104,0.00012769841012500582,0.0,0.00012769841012500582,-0.014609556550006036,-0.0,-0.010185373771559036,0.00012769841012500582
2022-10-03,0.0025200001471505683,-0.0010225260373516406,0.00012619047883957152,-0.02085508209167697,0.00012619047883957152,0.0,0.00012619047883957152,0.03090344973377185,0.0,0.02119775213135111,0.00012619047883957152
2022-10-04,0.0033215985386188746,-0.0013570402932344791,0.0001250000037844219,-0.019435559969999572,0.0001250000037844219,0.0,0.0001250000037844219,0.02564409493675862,0.0,0.017936304087192267,0.0001250000037844219
2022-10-05,0.009684007222358465,0.0062234979000046695,0.00013154762131827217,0.02568570106005441,0.00013154762131827217,0.0,0.00013154762131827217,-0.0014169155016932606,-0.0,-0.0019797758353609085,0.00013154762131827217
2022-10-06,0.006810210718679217,0.004321133501878977,0.00013067460249340722,0.024195073006668455,0.00013067460249340722,0.0,0.00013067460249340722,-0.009865283975835915,-0.0,-0.015671511960298035,0.00013067460249340722
2022-10-07,-0.0023281799749823116,-0.000154396579341715,0.000130476194714743,0.010080236703226886,0.000130476194714743,0.0,0.000130476194714743,-0.017192810292326915,-0.0,-0.01995158978396072,0.000130476194714743
2022-10-10,-0.0014489061411515054,0.0008128512280727708,0.00013067460249340722,0.007676611540189615,0.00013067460249340722,0.0,0.00013067460249340722,-0.005421493321197068,-0.0,-0.012132431413305667,0.00013067460249340722
2022-10-11,0.0012090903145821998,0.0009873761800358197,0.00013035714626312257,0.004951585529135549,0.00013035714626312257,0.0,0.00013035714626312257,0.001338412851648929,-0.0,-0.008534551198969509,0.00013035714626312257
2022-10-12,-0.0009584951006017582,-0.0005938888148163954,0.00013253967913370285,-0.00366386581252387,0.00013253967913370285,0.0,0.00013253967913370285,0.00016562609598338995,-0.0,0.005248792659955592,0.00013253967913370285
2022-10-13,0.006575023597312597,0.002213880216142002,0.00014019841239565895,-0.0045651706941575165,0.00014019841239565895,0.0,0.00014019841239565895,0.025681724526099015,0.0,0.014828719060857809,0.00014019841239565895
2022-10-14,-0.0003682702381281864,0.0017651677365072486,0.00014218253748757498,0.017579781188018728,0.00014218253748757498,0.0,0.00014218253748757498,-0.0209973521659432,-0.0,-0.011525033371731497,0.00014218253748757498
2022-10-17,-0.0019583467848333573,-0.0033496723683462772,0.0001439682548008268,-0.022283506951391363,0.0001439682548008268,0.0,0.0001439682548008268,0.01528981871430346,0.0,0.01290865630521898,0.0001439682548008268
2022-10-18,-0.0005916945341244632,-0.0009538341599124017,0.00014634920491112604,-0.01126750259997844,0.00014634920491112604,0.0,0.00014634920491112604,0.013118830874881082,0.0,0.010071898219959685,0.00014634920491112604
2022-10-19,0.0029613219221191244,0.002515780038140568,0.00015210317240820992,0.011395906000467804,0.00015210317240820992,0.0,0.00015210317240820992,-0.00199479497067348,-0.0,-0.0036630099188340592,0.00015210317240820992
2022-10-20,-0.00047382450017961086,-0.0004248677994360838,0.00015448412251850915,0.0012804182982280032,0.00015448412251850915,0.0,0.00015448412251850915,-0.010811300806723545,-0.0,0.005719007337215087,0.00015448412251850915
2022-10-21,0.003935471146610115,9.573817848639345e-05,0.00015436508352794344,-0.010997493669577807,0.00015436508352794344,0.0,0.00015436508352794344,0.027137101922816875,0.0,0.0016246550290515138,0.00015436508352794344
2022-10-24,0.0025576760919709747,0.0009869358586034205,0.00015416666628822448,-0.0031031115686624977,0.00015416666628822448,0.0,0.00015416666628822448,0.012665444692298855,0.0,0.008921302299909728,0.00015416666628822448
2022-10-25,-0.001932643290371383,-0.0020494223894039565,0.0001552777820163303,-0.015823665982382717,0.0001552777820163303,0.0,0.0001552777820163303,0.008512056420170722,0.0,0.02009646370038687,0.0001552777820163303
2022-10-26,-0.0018384137275773032,-0.0035636823233484737,0.00015734126643529014,-0.019767958227292937,0.00015734126643529014,0.0,0.00015734126643529014,0.007657021253017038,-0.0,0.011229383931631753,0.00015734126643529014
2022-10-27,-0.0011094187241466008,-0.0010710637649212849,0.00015595238360147627,-0.008335699578057132,0.00015595238360147627,0.0,0.00015595238360147627,0.00455653495126121,-0.0,0.010130462195927947,0.00015595238360147627
2022-10-28,0.00819864910824479,0.005458786906883039,0.00015595238360147627,0.012472922043587742,0.00015595238360147627,0.0,0.00015595238360147627,0.017016359713126372,0.0,0.011764718000059737,0.00015595238360147627
2022-10-31,0.0036948657517650156,0.0036188937002333966,0.0001575396836750091,0.012854910375873274,0.0001575396836750091,-7.211402086892884e-05,0.0001575396836750091,-0.00035524079690327226,-0.0,0.008006137837827332,0.0001575396836750091
2022-11-01,-0.0008391988064265785,-0.00022853361290502068,0.00015773809145367334,-0.004230663078687913,0.00015773809145367334,0.0013636588926162485,0.00015773809145367334,0.0029911544109792465,-0.0,0.005484060041083039,0.00015773809145367334
2022-11-02,-0.0014306347577805226,-0.0047009112410146894,0.0001607142932831295,0.01062153626703588,0.0001607142932831295,-0.033173318705020716,0.0001607142932831295,-0.01783668776102873,-0.0,-0.012977217424693932,0.0001607142932831295
2022-11-03,0.005078596603664688,0.004018436997682264,0.0001597222260066441,0.016289969349114086,0.0001597222260066441,-0.006704861234319681,0.0001597222260066441,0.003662262236851871,-0.0,0.010670757968286981,0.0001597222260066441
2022-11-04,-0.0014859892203567897,-0.002192349615587008,0.0001597222260066441,-0.014994906791125251,0.0001597222260066441,-0.001,0.0001597222260066441,0.0131510027339376,0.0,0.006787341706967709,0.0001597222260066441
2022-11-07,0.003368488392328836,0.0019754176484440694,0.0001592460322001624,-0.0002624232432015816,0.0001592460322001624,0.0035335055360482545,0.0001592460322001624,0.012157985540427019,0.0,0.004868882286589438,0.0001592460322001624
2022-11-08,-0.002633825688319917,-0.0035373002503765434,0.00015805555714501276,-0.012864286425555704,0.00015805555714501276,-0.001,0.00015805555714501276,0.005135204428528495,0.0,-0.014722342858251913,0.00015805555714501276
2022-11-09,-0.010623772127159849,-0.008305666821413728,0.00016230159335666234,-0.004255301406952627,0.00016230159335666234,-0.02845569415883409,0.00016230159335666234,-0.022602077724696384,-0.0,-0.015320551824434703,0.00016230159335666234
2022-11-10,0.0195961112538393,-0.008175243803698311,0.00016242063234722803,-0.05181622589577817,0.00016242063234722803,-0.001,0.00016242063234722803,0.03502610417812718,0.0,0.027468310938413287,0.00016242063234722803
2022-11-11,0.011689974715257914,-0.00031444789792333387,0.000160912691600739,-0.010704272380142377,0.000160912691600739,0.007939006494945389,0.000160912691600739,0.008380470721637334,0.0,0.00560851051872957,0.000160912691600739
2022-11-14,-0.0011540452799608221,-0.0005814576729864723,0.00016123016675313314,0.006264303877201227,0.00016123016675313314,-0.009844602842891792,0.00016123016675313314,-0.007139456264242144,-0.0,-0.00018594787247128153,0.00016123016675313314
2022-11-15,0.00010173601847156732,-0.0007672499107889743,0.00016142856507074264,-0.012450490106893364,0.00016142856507074264,0.011677676099478118,0.00016142856507074264,0.007829809108888919,0.0,-0.004834479870484687,0.00016142856507074264
2022-11-16,-0.005612457519978786,-0.005441798682105533,0.00016388889343019517,-0.012034426856966207,0.00016388889343019517,-0.012612134760033644,0.00016388889343019517,-0.01192542393265636,-0.0,0.011958134980837754,0.00016388889343019517
2022-11-17,0.0028575376509167687,0.0019201551543274401,0.0001636904761904762,0.013341169552562482,0.0001636904761904762,-0.010280853048028393,0.0001636904761904762,-0.001847009081855699,-0.0,0.005169844536294876,0.0001636904761904762
2022-11-18,0.004127522743204108,0.001480684012587043,0.00016321428238399446,0.0031482251319969734,0.00016321428238399446,-0.001,0.00016321428238399446,0.004966818177023713,0.0,0.0058780254022126055,0.00016321428238399446
2022-11-21,-0.0012529415315963486,0.0014180400475472242,0.00016408731066991413,0.0031384070365023664,0.00016408731066991413,0.0,0.00016408731066991413,-0.0005904346993781113,-0.0,0.012783067647834434,0.00016408731066991413
2022-11-22,0.005832036552383698,-0.00016790121485736533,0.00016261904958694698,-0.00995449765292411,0.00016261904958694698,0.0,0.00016261904958694698,0.013753353188251272,0.0,0.017850733768655536,0.00016261904958694698
2022-11-23,-0.006652841868567683,-0.006300388381108954,0.00016658729977077908,-0.02757841456829435,0.00016658729977077908,0.0,0.00016658729977077908,8.631991717228393e-05,0.0,0.010628847936438035,0.00016658729977077908
2022-11-25,0.002071898394410937,0.001019444786595303,0.0001666666590978229,0.0036042785901386765,0.0001666666590978229,0.0,0.0001666666590978229,0.0016937844285518644,-0.0,-0.002103399360026903,0.0001666666590978229
2022-11-28,-0.002793753526580781,0.0006290497779016869,0.00016567461074344696,0.011715451512210429,0.00016567461074344696,0.0,0.00016567461074344696,-0.014226882922497519,-0.0,-0.018619381127855772,0.00016567461074344696
2022-11-29,0.003191639724317159,0.001695943631275552,0.00016599206697373163,0.004655203040186295,0.00016599206697373163,0.0,0.00016599206697373163,0.0009337326099243541,-0.0,0.007696443769401595,0.00016599206697373163
2022-11-30,0.0031428648871487897,-0.0007580827802609928,0.00016876983264135935,-0.014769751013189336,0.00016876983264135935,0.0,0.00016876983264135935,0.019381181098831024,0.0,0.018827733350895937,0.00016876983264135935
2022-12-01,0.002158177052687268,0.0026004330141316074,0.00016876983264135935,0.008922174816763608,0.00016876983264135935,0.0012533624140778086,0.00016876983264135935,-0.001786336296662916,-0.0017356720941307238,0.008716875778933764,0.00016876983264135935
2022-12-02,0.0009439536035479422,0.000825296976292401,0.00016638888253106012,0.002030485098603041,0.00016638888253106012,0.0013129456786630245,0.00016638888253106012,0.0020318880764753633,-0.0011537512617059154,-0.001,0.00016638888253106012
2022-12-05,-0.010151537615318652,-0.008352922200125222,0.00016698413425021702,-0.010133086949799752,0.00016698413425021702,-0.01955919806692019,0.00016698413425021702,-0.015908424408008964,-0.017989308739569054,0.0,0.00016698413425021702
2022-12-06,-0.0032896708721023887,-0.001764048214316133,0.00016499999969724625,0.006142232983124218,0.00016499999969724625,-0.011405064827088918,0.00016499999969724625,-0.00860601950646539,-0.001,-0.014137395705778322,0.00016499999969724625
2022-12-07,0.0017141680498152225,0.001810969021235773,0.0001674603091345893,0.008750473053559471,0.0001674603091345893,-0.0015481821874905322,0.0001674603091345893,0.0017775210524719198,-0.0,-0.007531972394928976,0.0001674603091345893
2022-12-08,0.0004087007548591673,0.0006493299685704091,0.00016599206697373163,-0.005648544723926174,0.00016599206697373163,0.006728319243987312,0.00016599206697373163,0.005305698345476284,0.0,0.009354020132795293,0.00016599206697373163
2022-12-09,-0.005796361179971508,-0.0045803114284943235,0.00016468254346696157,-0.007405177359494752,0.00016468254346696157,-0.006382585368729672,0.00016468254346696157,-0.012481272742494137,-0.0,-0.011540476713770675,0.00016468254346696157
2022-12-12,0.004301580767125998,0.002962693208470752,0.0001655952324942937,-0.0014304640847909722,0.0001655952324942937,0.009720923668521026,0.0001655952324942937,0.016845247101037353,0.0,0.0024765503745192152,0.0001655952324942937
2022-12-13,0.004019137698857136,0.005619986874518628,0.0001653968341766842,0.00900617479795085,0.0001653968341766842,0.010011923624254626,0.0001653968341766842,0.007100243232564196,0.0,0.022057526740577593,0.0001653968341766842
2022-12-14,0.0009887664610330814,-0.0004589894684803793,0.00016857143432374985,0.002738700192878918,0.00016857143432374985,-0.004613248194952568,0.00016857143432374985,-0.00832476185778841,-0.007393494702899627,0.017610505697677414,0.00016857143432374985
2022-12-15,-0.005817791793073842,-0.006941531340793403,0.0001674603091345893,0.0019459569987232417,0.0001674603091345893,-0.02501102748749843,0.0001674603091345893,-0.020270175577393718,-0.001,-0.03257547020157636,0.0001674603091345893
2022-12-16,-0.0026047751968857,-0.0030958432285754815,0.00016718253256782652,-0.0025292127941531906,0.00016718253256782652,-0.009350305290262595,0.00016718253256782652,-0.010188706417741417,-0.0,-0.001929158356163918,0.00016718253256782652
2022-12-19,-0.0021293929241974993,-0.002842453081463033,0.00016519841693696523,-0.008112559183606316,0.00016519841693696523,-0.008153284794348847,0.00016519841693696523,-0.0029516088696099896,-0.0,0.013003016700947168,0.00016519841693696523
2022-12-20,-0.0008349903186933989,-0.0004961090250310847,0.00016519841693696523,-0.007259393787808599,0.00016519841693696523,0.003547634974749932,0.00016519841693696523,0.005074074528653161,0.0,0.004509944746774908,0.00016519841693696523
2022-12-21,0.005554269931669343,0.004881877281612717,0.00016785714361402723,0.0012360313924257849,0.00016785714361402723,0.014188094321516612,0.00016785714361402723,0.015007917653993896,0.0,0.01778619896409661,0.00016785714361402723
2022-12-22,-0.004632563221544997,-0.004502237774723743,0.00016686507633754187,-0.00030860405242838507,0.00016686507633754187,-0.011833023369353952,0.00016686507633754187,-0.013555349272019096,-0.0,-0.0269765895764269,0.00016686507633754187
2022-12-23,0.002291666107292304,0.0013839840781111328,0.00016698413425021702,-0.00452723271069444,0.00016698413425021702,0.0030173514203037937,0.00016698413425021702,0.012591371069255397,0.0,0.014995651843646263,0.00016698413425021702
2022-12-27,-0.0012761622344052814,-0.001527363355545107,0.00016638888253106012,-0.008371979589177792,0.00016638888253106012,0.0010795232348116785,0.00016638888253106012,0.0035821481752363327,-0.0,-0.0001717629563727785,0.00016638888253106012
2022-12-28,-0.002970000510177479,-0.0030752015888083507,0.00016646826078021336,-0.00239725869355778,0.00016646826078021336,-0.008223359100279565,0.00016646826078021336,-0.013566224292083762,-0.0,0.0012027438815567226,0.00016646826078021336
2022-12-29,0.004492416337563603,0.0043924617069753214,0.00017214285002814398,0.00491052963841776,0.00017214285002814398,0.010686908224664116,0.00017214285002814398,0.011883599985086646,0.0,0.0063497327780690505,0.00017214285002814398
2022-12-30,-0.00108332569200805,-0.001651074130446689,0.00017043651096404543,-0.004158581563817321,0.00017043651096404543,-0.0034590438341006724,0.00017043651096404543,-0.0018207122343485427,-0.0,0.0006821438598856311,0.00017043651096404543
2023-01-03,-0.0006611014328067734,0.0010947118453954927,0.00016904762813023158,0.004219354488855355,0.00016904762813023158,0.0039004633108268294,0.00016904762813023158,-0.007620306054484216,-0.0,0.0032378770572745186,0.00016904762813023158
2023-01-04,0.00014696210341302526,0.000963929374130432,0.00016884921089051262,-0.01073520111102122,0.00016884921089051262,0.011719085223018084,0.00016884921089051262,0.01053606468290283,0.0,0.015627688132066497,0.00016884921089051262
2023-01-05,0.0023067662388118852,0.0010095492924642382,0.0001746031783875965,0.012824695697488675,0.0001746031783875965,-0.01104829962337539,0.0001746031783875965,-0.003954218622106737,-0.0,-0.004014077183338349,0.0001746031783875965
2023-01-06,0.00922845577573545,0.009113506241748321,0.00017849206924438476,0.010869163032487751,0.00017849206924438476,0.02106330766676841,0.00017849206924438476,0.025741743733841083,0.0,0.012090700754451733,0.00017849206924438476
2023-01-09,-0.0018013985359423322,0.001043847303114507,0.00017829365200466577,0.0025415539481932203,0.00017829365200466577,0.004662823817974744,0.00017829365200466577,-0.0013321238844135053,-0.0,-0.004313956101803518,0.00017829365200466577
2023-01-10,0.0012194844147956829,0.0010402427460321614,0.00017789681752522789,-0.0062863742237972975,0.00017789681752522789,0.004594305398771369,0.00017789681752522789,0.007067310142856165,0.0,0.0231628602436893,0.00017789681752522789
2023-01-11,0.004397099495071209,0.003006099754263175,0.0001811507959214468,0.006428004419557487,0.0001811507959214468,0.003690678084770341,0.0001811507959214468,0.009413480392903073,0.0,-0.003094502226130502,0.0001811507959214468
2023-01-12,0.005001337593318153,0.006047496430548273,0.00018075396144200885,0.008921363280204542,0.00018075396144200885,0.01040641092878632,0.00018075396144200885,0.007659160632514872,0.002640966957470626,0.024669206972975033,0.00018075396144200885
2023-01-13,-0.0006167880121455742,0.0005083237814594313,0.00017757936129494318,-0.005325828173084912,0.00017757936129494318,0.007951926690272115,0.00017757936129494318,0.003483179413186016,0.0038794744993384533,-0.001,0.00017757936129494318
2023-01-17,-0.0027979231021600546,-0.0018883819387530926,0.00017809523476494682,-0.0031317135945748698,0.00017809523476494682,-0.0029982866343906496,0.00017809523476494682,-0.005762065477384781,-0.0018317993134787658,0.0,0.00017809523476494682
2023-01-18,-0.0026966094524685227,-0.00013959931880672322,0.00017829365200466577,0.013579228913046748,0.00017829365200466577,-0.0044076156312880714,0.00017829365200466577,-0.017471024951555697,-0.01578809525494862,0.0,0.00017829365200466577
2023-01-19,-0.001898998524154352,-0.0002938850612221527,0.00017976191308763294,-0.0018994305180262128,0.00017976191308763294,0.007302674305179946,0.00017976191308763294,-0.00687078883742645,-0.001,-0.004215446310068537,0.00017976191308763294
2023-01-20,0.002440636396607765,0.0017700880904925839,0.00017956349584791396,-0.0066114385853114355,0.00017956349584791396,0.006933721485501643,0.00017956349584791396,0.01493887200992311,0.0,0.016612883537046264,0.00017956349584791396
2023-01-23,0.0007519250887856524,0.0013625729098120946,0.0001800793693179176,-0.003226874996279605,0.0001800793693179176,0.0043898759878893134,0.0001800793693179176,0.0067739939259227056,0.010998467641040066,-0.001,0.0001800793693179176
2023-01-24,0.001757431277840545,0.0016705195081013658,0.00017996031140524242,0.005766703839100273,0.00017996031140524242,0.00102329381972599,0.00017996031140524242,0.0009733970849454543,-0.0010730311244513402,0.0,0.00017996031140524242
2023-01-25,0.000839463615655696,0.0010820037142625692,0.00018146825215173144,0.0011064213917333365,0.00018146825215173144,0.004051729859191111,0.00018146825215173144,0.001105699134771737,0.0003745572269877595,0.0,0.00018146825215173144
2023-01-26,0.0036944238565988514,0.0012212050777185238,0.00018035714588468036,-0.0036172989787619514,0.00018035714588468036,0.0004276377891878256,0.00018035714588468036,0.011784792960743695,0.010990517140585965,0.0,0.00018035714588468036
2023-01-27,-0.00044376435390195497,0.0013358777726167228,0.00018027778655763655,0.007954750746529184,0.00018027778655763655,-0.002683390838036444,0.00018027778655763655,-0.004812094941398504,0.002297572335980158,0.0,0.00018027778655763655
2023-01-30,-0.010488325054834373,-0.008503856123699697,0.00018047618487524608,-0.020219071774427055,0.00018047618487524608,-0.009695297029541415,0.00018047618487524608,-0.011124417556081262,-0.012546755068507331,0.0,0.00018047618487524608
2023-01-31,0.006067397254362532,0.003823741210849201,0.00017996031140524242,0.0030649701524618784,0.00017996031140524242,0.0024093675763685596,0.00017996031140524242,0.015348623210980128,0.014703254852983072,0.0,0.00017996031140524242
2023-02-01,0.008534863374211055,0.0072505614997286855,0.00018134921316116578,0.019383695313238247,0.00018134921316116578,0.011290827821062535,0.00018134921316116578,-0.0014502423220219829,0.010627989815794159,0.0,0.00018134921316116578
2023-02-02,0.010000226029747445,0.008331263434877275,0.000179365078608195,0.03588995585326282,0.000179365078608195,-0.009369416837272215,0.000179365078608195,-0.003858749603254913,0.01455691075906973,0.0,0.000179365078608195
2023-02-03,-0.008435680428418142,-0.008467496909193588,0.0001789682630508665,-0.017772520616567977,0.0001789682630508665,-0.017343936551530215,0.0001789682630508665,-0.00683757689684239,-0.010629110241724748,0.0,0.0001789682630508665
2023-02-06,-0.004566596630552718,-0.004112657894672383,0.0001794841175987607,-0.008458967562452568,0.0001794841175987607,-0.0076075318201560905,0.0001794841175987607,-0.004567738686212436,-0.006111262675122409,0.0,0.0001794841175987607
2023-02-07,0.012091002829760628,0.008401635282638324,0.0001798809520781986,0.020718610440589202,0.0001798809520781986,0.004460116294230525,0.0001798809520781986,0.015136198853120786,0.013078453781586008,0.0,0.0001798809520781986
2023-02-08,-0.00696165355753935,-0.006166711652704061,0.00018134921316116578,-0.01778097503776488,0.00018134921316116578,-0.0016456874353139028,0.00018134921316116578,-0.007134409100430311,-0.010934831496001385,0.0,0.00018134921316116578
2023-02-09,-0.0038388475905469493,-0.003948489165014716,0.0001819444459582132,-0.008837936008922798,0.0001819444459582132,-0.0004576616018023101,0.0001819444459582132,-0.01079307563401119,-0.008669070720652927,0.0,0.0001819444459582132
2023-02-10,-0.0011620426340611314,-0.001186096560451286,0.00018305555222526427,-0.006563220298315242,0.00018305555222526427,-0.004023725326282182,0.00018305555222526427,0.01330868286516873,0.002333723479271743,-0.01014246577731226,0.00018305555222526427
2023-02-13,0.008498549466330604,0.007132559303698548,0.00018392858051118397,0.016016082548818034,0.00018392858051118397,0.00439389629060305,0.00018392858051118397,0.005826912979866455,0.01173915092419997,0.01893099633871609,0.00018392858051118397
2023-02-14,0.005166158740204334,0.002823602931382221,0.00018432539606851245,0.007389016813890814,0.00018432539606851245,0.00028245711410353663,0.00018432539606851245,-0.0013743575269836994,-0.00046059598625047826,0.020921097174777525,0.00018432539606851245
2023-02-15,0.0010147480583418958,0.0008935552636545953,0.0001849206288655599,0.007661139154665042,0.0001849206288655599,-0.007614920982488282,0.0001849206288655599,-0.001331664632098245,0.0032476784158679273,-0.001,0.0001849206288655599
2023-02-16,-0.00972031732404718,-0.006977373369987806,0.00018424603674146864,-0.01876407464441554,0.00018424603674146864,-0.0018288757362274013,0.00018424603674146864,-0.010392352633786628,-0.013768907293495003,0.0,0.00018424603674146864
2023-02-17,-0.008289938323472032,-0.003237472763006269,0.00018511904610527886,-0.007055740328035243,0.00018511904610527886,-0.0018130713982659197,0.00018511904610527886,-0.009543583170770809,-0.0024983862482726993,-0.0024000675108850613,0.00018511904610527886
2023-02-21,-0.014508946783772798,-0.013160599937981788,0.00018571427890232633,-0.02367521725831423,0.00018571427890232633,-0.015411339747778379,0.00018571427890232633,-0.01624228849019166,-0.02006079777159686,-0.03723326239981595,0.00018571427890232633
2023-02-22,0.002312631533393645,0.00042056940190671725,0.00018603175405472046,0.0007484084789941559,0.00018603175405472046,-0.002819186509156209,0.00018603175405472046,-0.0003700100989634798,-0.0013781318929142472,0.01472491680657484,0.00018603175405472046
2023-02-23,0.01094689081657366,0.004529164094786893,0.0001863095306214832,0.008733801641983119,0.0001863095306214832,0.003917843908417909,0.0001863095306214832,0.0049322112776714055,0.005319592617887059,0.0161059185293555,0.0001863095306214832
2023-02-24,-0.007762666134911431,-0.0074459558725968695,0.00018611111338176424,-0.016744082584354003,0.00018611111338176424,-0.011070078449000948,0.00018611111338176424,0.00012268231379050643,-0.010682389645053525,-0.017419971580146743,0.00018611111338176424
2023-02-27,0.004004288483442705,0.0043384502543468186,0.00018662698685176788,0.007161226068896687,0.00018662698685176788,0.006439056503326768,0.00018662698685176788,0.003717743577761612,0.0034057624567660483,0.017888498977263856,0.00018662698685176788
2023-02-28,-0.0011437133401785194,-0.0003319254549548794,0.00018511904610527886,-0.0012928024733570576,0.00018511904610527886,-0.0008970324909357932,0.00018511904610527886,-0.002533894719619595,-0.003696111513066369,0.01192528364964951,0.00018511904610527886
2023-03-01,-0.0007235932264197743,-0.0012242237986212375,0.00018690476341853067,-0.008039024999421218,0.00018690476341853067,0.004127576215416706,0.00018690476341853067,0.007034685234327681,-0.0038358634459420005,-0.00620253588353159,0.00018690476341853067
2023-03-02,0.006584491149865932,0.004510819921613205,0.0001874999962155781,0.008275672328123651,0.0001874999962155781,0.0012701867565411509,0.0001874999962155781,0.006787551627231103,0.0077772965870011035,0.018567678411657296,0.0001874999962155781
2023-03-03,0.014098254929129988,0.009706789057970249,0.0001874206368885343,0.020673692525593035,0.0001874206368885343,0.013082976944704356,0.0001874206368885343,0.013621630177560018,0.016037928801620804,-0.001,0.0001874206368885343
2023-03-06,-0.0008986157258597355,-0.0011321647179942413,0.00018722221964881535,0.0011345791685979378,0.00018722221964881535,-0.007401627281319137,0.00018722221964881535,-0.004183666508194295,0.0006927201531694571,0.0,0.00018722221964881535
2023-03-07,-0.009920460876043981,-0.008695851939668275,0.0001876190541282533,-0.012265586108630933,0.0001876190541282533,-0.01764058458807897,0.0001876190541282533,-0.01894683408272696,-0.015328806781569115,0.0,0.0001876190541282533
2023-03-08,0.0020751113325504335,0.0014393654393889906,0.00019226189643617659,0.004994152712406219,0.00019226189643617659,0.0011581158878782123,0.00019226189643617659,-0.0016778865209996219,0.001632178851518784,0.0,0.00019226189643617659
2023-03-09,-0.012794758032671523,-0.009351115119899956,0.0001937698371826656,-0.017325734655614378,0.0001937698371826656,-0.008420086118617998,0.0001937698371826656,-0.024359078879111873,-0.018449811298357877,0.0,0.0001937698371826656
2023-03-10,-0.013355242147866387,-0.008984381559296194,0.00019238095434885176,-0.014043782592565113,0.00019238095434885176,0.0012135075798374406,0.00019238095434885176,-0.018071117940069048,-0.01442957344304785,-0.0565731211211683,0.00019238095434885176
2023-03-13,-0.0005665183879188574,0.0018450056315360737,0.00019059523703559997,0.010123509098294294,0.00019059523703559997,0.005895910218972954,0.00019059523703559997,-0.007692700123621887,-0.001,-0.015758632311156484,0.00019059523703559997
2023-03-14,0.017860213141907683,0.00863305388771807,0.0001848412695385161,0.020979832859904235,0.0001848412695385161,0.002694545464099307,0.0001848412695385161,0.014079124710571544,0.0,0.03031855938939887,0.0001848412695385161
2023-03-15,-0.005772285571529028,-0.004823716092776486,0.00018571427890232633,0.005245956770179694,0.00018571427890232633,-0.006641412117705377,0.00018571427890232633,-0.027541394887917958,-0.007254239537709205,-0.03802286308377745,0.00018571427890232633
2023-03-16,0.01708303144492914,0.0127395498069464,0.00018087301935468402,0.026360807233305694,0.00018087301935468402,0.014638355580315563,0.00018087301935468402,0.01821675461129335,-0.001,0.04296270938306068,0.00018087301935468402
2023-03-17,-0.012597576445740102,-0.005248852298510994,0.00017976191308763294,-0.004726286192296536,0.00017976191308763294,0.00416010188021565,0.00017976191308763294,-0.010707875184157473,-0.012692799243699815,-0.054539423850589075,0.00017976191308763294
2023-03-20,0.009348074581507338,0.004952820685934183,0.00017035715163700164,0.003549296965196458,0.00017035715163700164,0.006519979500039092,0.00017035715163700164,0.010997452376074357,0.009615537857885492,0.024224457367966634,0.00017035715163700164
2023-03-21,0.013730435044433376,0.008652894040546921,0.0001771825457376147,0.014281967824144148,0.0001771825457376147,0.0035009268359429777,0.0001771825457376147,0.013283967476856784,0.013130567401377524,0.04372978857931442,0.0001771825457376147
2023-03-22,-0.008765269895181864,-0.007362985413589094,0.00018273809599497962,-0.01359784639334971,0.00018273809599497962,-1.4130421549185535e-05,0.00018273809599497962,-0.01747849429868839,-0.017046487820889578,-0.019889162335641974,0.00018273809599497962
2023-03-23,0.006198811364264917,0.00453148382899473,0.00018107143659440298,0.011857903228496003,0.00018107143659440298,0.008180321794383067,0.00018107143659440298,0.006605218082702313,0.00270345823665874,-0.01164339280399096,0.00018107143659440298
2023-03-24,0.0003197538706320674,0.0024168444039245405,0.0001786904675619943,0.003680991335421435,0.0001786904675619943,-0.0035378624741455216,0.0001786904675619943,0.005009467180219107,0.006561991828478275,0.019522108681511607,0.0001786904675619943
2023-03-27,0.0033614935024154917,-0.0008553914297802715,0.0001786904675619943,-0.0068516170771419915,0.0001786904675619943,-0.002221125061231917,0.0001786904675619943,0.0005970444709914036,0.0018700533970756883,0.018652974897050978,0.0001786904675619943
2023-03-28,-0.0019545132480517555,-0.0007218946499118091,0.00018186508663116938,-0.005311666098614443,0.00018186508663116938,0.0011030489861361497,0.00018186508663116938,-0.0007406828263706311,-0.002244795224737528,0.012477725963172537,0.00018186508663116938
2023-03-29,0.009938758497293311,0.008492361121591387,0.00018365078502231174,0.018233897209859018,0.00018365078502231174,0.008453168052298824,0.00018365078502231174,0.015661207369660313,0.014534724922447007,-0.001,0.00018365078502231174
2023-03-30,0.004985393553593385,0.005007005011313566,0.000183730163271465,0.00946532871362038,0.000183730163271465,0.010054264643962307,0.000183730163271465,0.0063366407585194184,0.005855423431986084,0.0,0.000183730163271465
2023-03-31,0.009021399774262454,0.00767237787004436,0.00018511904610527886,0.016630829560643212,0.00018511904610527886,0.00549246111238962,0.00018511904610527886,0.015735380528412835,0.014094660935994874,0.0,0.00018511904610527886
2023-04-03,-0.0002607837477142991,0.0006407542280917112,0.0001819444459582132,-0.002430640855307864,0.0001819444459582132,0.004247866024578606,0.0001819444459582132,0.00266319126639597,0.0038104462220782676,0.0,0.0001819444459582132
2023-04-04,-0.00311185779357468,-0.0014106841615420655,0.00018134921316116578,-0.003373097218796528,0.00018134921316116578,0.005135506183036745,0.00018134921316116578,-0.009805623980182532,-0.005548158407434278,0.0,0.00018134921316116578
2023-04-05,-0.005573249761453514,-0.004231950496053597,0.0001876190541282533,-0.009872497635376676,0.0001876190541282533,-0.005868341554033929,0.0001876190541282533,-0.007481828004884922,-0.002618243282767052,0.0,0.0001876190541282533
2023-04-06,0.0025470598022760867,0.002644700588593756,0.0001867063461788117,0.00674223391363471,0.0001867063461788117,0.0014522146548833215,0.0001867063461788117,0.0038806710032442404,0.0039008433216005667,0.0,0.0001867063461788117
2023-04-10,0.00040239936105737926,-0.00015852904795777807,0.00018690476341853067,-0.0005661393105901302,0.00018690476341853067,-0.0028870371242929087,0.00018690476341853067,0.0027833033788119965,0.0010264928312195831,0.0,0.00018690476341853067
2023-04-11,-0.0033999541717486675,-0.001315315678478336,0.00019198411986941384,-0.006417693214269327,0.00019198411986941384,0.001080396829836479,0.00019198411986941384,0.00044524581280344644,0.0002683824050082606,0.0,0.00019198411986941384
2023-04-12,-0.0041688621352473625,-0.002630351990321132,0.00019365079819209992,-0.008833836420926833,0.00019365079819209992,0.0008095276054394713,0.00019365079819209992,-0.00300576057215729,-0.004075766374693979,0.0,0.00019365079819209992
2023-04-13,0.010205748979232888,0.009586199119815843,0.0001928571481553335,0.01958215716434819,0.0001928571481553335,0.01530320701326689,0.0001928571481553335,0.013363138679312936,0.01328248447542646,0.0,0.0001928571481553335
2023-04-14,-0.0005211500417634904,-0.0021322846675845024,0.00019265873091561453,-0.0018798915383426706,0.00019265873091561453,-0.007890247504423908,0.00019265873091561453,-0.003582042391637702,-0.0024424600762540383,0.0,0.00019265873091561453
2023-04-17,0.0010913200743647472,0.0005655519246799462,0.00019456348721943204,0.0008477740874044404,0.00019456348721943204,-0.0017937614344543476,0.00019456348721943204,0.0029033051862522308,0.0035881195470059968,0.0,0.00019456348721943204
2023-04-18,0.001306844086121137,0.0007722297665940146,0.00019535713725619844,6.247733366260277e-05,0.00019535713725619844,0.003138583125839478,0.00019535713725619844,0.0017340572554623845,0.0006523489219725231,0.0,0.00019535713725619844
2023-04-19,-0.0006233402966404271,-0.0014124768673530936,0.00019960318292890276,-0.00047030779390211386,0.00019960318292890276,-0.006649376154983288,0.00019960318292890276,-0.003496908020891004,-0.00016898303990486863,0.0,0.00019960318292890276
2023-04-20,-0.003713735963754001,-0.00262449680736292,0.00019821428117297945,-0.007624661154112755,0.00019821428117297945,0.0008056553914359553,0.00019821428117297945,-0.004943004753276942,-0.0054573199147153195,0.0,0.00019821428117297945
2023-04-21,-0.0003083340944176902,-0.0006269050141609231,0.00019623016554211814,0.0010436488285545664,0.00019623016554211814,-0.004744269967558834,0.00019623016554211814,-0.002982287709157566,0.0007770298793177144,0.0,0.00019623016554211814
2023-04-24,-0.0011397993924264227,-0.00020827476010414238,0.00019642856385972766,-0.0020846299803903845,0.00019642856385972766,0.0005117089515413643,0.00019642856385972766,0.000940471113090452,0.0010431999693172322,0.0,0.00019642856385972766
2023-04-25,-0.011068316843571888,-0.009251443599250772,0.00019337302162533715,-0.018863911485761164,0.00019337302162533715,-0.009874157538323101,0.00019337302162533715,-0.01926654940500966,-0.015873778514523762,0.0,0.00019337302162533715
2023-04-26,0.004890566896716315,0.0008104066908997802,0.0001965476217724028,0.006064835970194471,0.0001965476217724028,-0.00012132490982656274,0.0001965476217724028,-0.004337990766040356,-0.004235766208624647,0.0,0.0001965476217724028
2023-04-27,0.016969059004682357,0.012844811318669776,0.00019781746561565097,0.02719091365370163,0.00019781746561565097,0.012585143465472978,0.00019781746561565097,0.02601902238704451,0.01990824627191845,0.0,0.00019781746561565097
2023-04-28,0.0048141480637677835,0.0036785804993200175,0.0001984126984126984,0.006898700650626921,0.0001984126984126984,0.002254025883753378,0.0001984126984126984,0.009111901881615259,0.008535028519395027,0.0,0.0001984126984126984
2023-05-01,0.0017944819824487327,-0.0006380176948078193,0.00019535713725619844,-0.0011473255782873393,0.00019535713725619844,-0.002377671964100917,0.00019535713725619844,0.0001769559878295468,-0.0010096289868275488,0.0,0.00019535713725619844
2023-05-02,-0.006782835092382912,-0.0039420106001141425,0.00019305554647294302,-0.00872147869536899,0.00019305554647294302,0.00016952758249022537,0.00019305554647294302,-0.010068682581224425,-0.011239264775022573,0.0,0.00019305554647294302
2023-05-03,-0.003985288461152825,-0.0026186009170839856,0.00019999999848623124,-0.006543767107147436,0.00019999999848623124,0.0015154476966239652,0.00019999999848623124,-0.007601797783948344,-0.006863953545385493,0.0,0.00019999999848623124
2023-05-04,-0.0030014157560308576,-0.002051287670743681,0.00020218253135681152,-0.0035299486478013176,0.00020218253135681152,0.0004823002655536255,0.00020218253135681152,-0.007756343949582245,-0.0070829396847884585,0.0,0.00020218253135681152
2023-05-05,0.014848564958471528,0.011345520094686742,0.0002005952312832787,0.021254326175839777,0.0002005952312832787,0.006767424618606909,0.0002005952312832787,0.016775147768499588,0.01851247219624197,0.03771362432401182,0.0002005952312832787
2023-05-08,0.0011454105250834124,0.0011037531231009058,0.00020158729855976408,0.0024776765230052344,0.00020158729855976408,0.001325135966099733,0.00020158729855976408,0.0025005477787488906,0.0002665726337043317,-0.001,0.00020158729855976408
2023-05-09,-0.00413528191042554,-0.002445550165582863,0.00020170635647243925,-0.006333167781059412,0.00020170635647243925,-0.0011022251275735933,0.00020170635647243925,-0.00433578135703705,-0.004385345084424119,0.0,0.00020170635647243925
2023-05-10,0.006032108520862743,0.004122527363544114,0.00020329365654597208,0.010881513281869815,0.00020329365654597208,0.002471653802005425,0.00020329365654597208,0.006149111154488074,0.004672258919327987,0.0,0.00020329365654597208
2023-05-11,0.000733776976855971,0.0006900249395624901,0.00020099206576271663,0.0032603496092664663,0.00020099206576271663,-0.002590981905552625,0.00020099206576271663,0.0032905350374193287,-0.001743881360480648,0.0,0.00020099206576271663
2023-05-12,-0.001502093998803376,-0.0014096740629023145,0.00019900793120974586,-0.003586962319434117,0.00019900793120974586,-0.0023571223041332816,0.00019900793120974586,-0.0012577802658128023,-0.0013101958464757368,0.0,0.00019900793120974586
2023-05-15,0.004095553616955482,0.002732747284469139,0.00019952380467974952,0.0054149427560321595,0.00019952380467974952,0.005070888586473642,0.00019952380467974952,0.002947917548246387,0.003449884215259935,0.0,0.00019952380467974952
2023-05-16,0.0008209973381220633,-0.0015123425344474527,0.0001984126984126984,0.001132284186186494,0.0001984126984126984,-0.006954959663612258,0.0001984126984126984,-0.0031545509224961965,-0.006682648882489928,0.0,0.0001984126984126984
2023-05-17,0.00997579289039175,0.005811848763267834,0.00020071428919595384,0.012104154697085034,0.00020071428919595384,0.004433272298831984,0.00020071428919595384,0.011451726879132929,0.012138858830263999,0.0,0.00020071428919595384
2023-05-18,0.011261047406875375,0.006864843417731935,0.00020190475479004875,0.018573268563257583,0.00020190475479004875,0.0013667712123172446,0.00020190475479004875,0.012283923682313597,0.009633322420424362,0.0,0.00020190475479004875
2023-05-19,-0.0017742275965700939,-0.00026815488166251865,0.00020337301587301587,-0.002253449273350694,0.00020337301587301587,0.004505829121276246,0.00020337301587301587,-0.003376406895050338,-0.0014549662955997134,0.0,0.00020337301587301587
2023-05-22,0.0017068823971212192,0.0008193484039263711,0.00020178571579948303,0.0033581173232180017,0.00020178571579948303,0.0004293407608042531,0.00020178571579948303,-0.0018062210376720567,0.00040612940178141876,0.0,0.00020178571579948303
2023-05-23,-0.0069210435756461445,-0.0065106503904847,0.00020218253135681152,-0.012676303160820579,0.00020218253135681152,-0.008711202269793236,0.00020218253135681152,-0.012588893344937402,-0.011222856640103918,0.0,0.00020218253135681152
2023-05-24,-0.003169127532042283,-0.00386094383767647,0.00020448412214006697,-0.005129590338641243,0.00020448412214006697,-0.009266156629455216,0.00020448412214006697,-0.007117183422815837,-0.007244823413490864,0.0,0.00020448412214006697
2023-05-25,0.020964154177295927,0.008853113846136587,0.00020575396598331513,0.02433292887005334,0.00020575396598331513,0.004438985990108909,0.00020575396598331513,0.00929026962926624,0.00865981846557995,0.009173006866344369,0.00020575396598331513
2023-05-26,0.016711443534053596,0.011336165543050713,0.00020488095661950491,0.025550671044799245,0.00020488095661950491,0.013114922416143612,0.00020488095661950491,0.01993376973157862,0.012950615138268784,-0.001,0.00020488095661950491
2023-05-30,0.0026851717439528022,0.0015620372135786993,0.00020297618139357795,0.00453507466573444,0.00020297618139357795,0.0002021264837947694,0.00020297618139357795,0.003033998640719876,0.00038109935401298145,0.0,0.00020297618139357795
2023-05-31,-0.004563790307913419,-0.0032795708961157553,0.00020408730658273848,-0.0056860506729523586,0.00020408730658273848,-0.004836880826841379,0.00020408730658273848,-0.007829738174299189,-0.0055450754808124,0.0,0.00020408730658273848
2023-06-01,0.007613089422707159,0.006222570711337782,0.0002082539740062895,0.011551978851276123,0.0002082539740062895,0.008983646997823577,0.0002082539740062895,0.012067840226142934,0.009500831795718367,0.0,0.0002082539740062895
2023-06-02,0.004978537377896517,0.004700503211590367,0.00020646825669303775,0.007499688533515014,0.00020646825669303775,0.0012398131557008747,0.00020646825669303775,0.014879087597522989,0.014461308822385943,0.0,0.00020646825669303775
2023-06-05,-0.0006766741137380746,-0.0005288032144250337,0.00020694445049951947,0.0007050943373043683,0.00020694445049951947,-0.0029974480472544722,0.00020694445049951947,-0.001789958907471162,-0.0019162752977091024,0.0,0.00020694445049951947
2023-06-06,-0.0002538417681177691,0.0007567468747747908,0.00020408730658273848,-0.00016926477870071732,0.00020408730658273848,0.00036873198535791794,0.00020408730658273848,0.005141183185564807,0.00217742104600549,0.0,0.00020408730658273848
2023-06-07,-0.009829551966446913,-0.006843767172578664,0.00020468253937978596,-0.016965307301792465,0.00020468253937978596,-0.013256951206966162,0.00020468253937978596,-0.004210884360107997,-0.00345774740497673,0.0,0.00020468253937978596
2023-06-08,0.006831344068636205,0.0059191335307718276,0.00020448412214006697,0.012413140673694922,0.00020448412214006697,0.009890953065067858,0.00020448412214006697,0.008121122060221697,0.006048478091603027,0.0,0.00020448412214006697
2023-06-09,0.0016736987949771132,0.0014983165108754548,0.00020238094859653048,0.0038227478217705,0.00020238094859653048,0.000977520815540811,0.00020238094859653048,0.0019565250294487357,0.0017943349581728274,0.0,0.00020238094859653048
2023-06-12,0.011611684562760538,0.007833627600332132,0.00020218253135681152,0.016897027060249092,0.00020218253135681152,0.009434532157497568,0.00020218253135681152,0.01448081067407514,0.009072008287289934,0.0,0.00020218253135681152
2023-06-13,0.004160423500112844,0.0044523370001261255,0.00020218253135681152,0.007684007568050211,0.00020218253135681152,0.007914535580373805,0.00020218253135681152,0.007839855651130379,0.00659279844338001,0.0,0.00020218253135681152
2023-06-14,0.005620662805675906,0.0027965942114516217,0.00020238094859653048,0.0072675990301298565,0.00020238094859653048,0.004060724513915333,0.00020238094859653048,0.0021548904027588744,0.00119097237682797,0.0,0.00020238094859653048
2023-06-15,0.006927359584413139,0.006977894739585943,0.00020158729855976408,0.011915876104287015,0.00020158729855976408,0.01163107401986448,0.00020158729855976408,0.012589290222374205,0.012397596216868978,0.0,0.00020158729855976408
2023-06-16,-0.004077964558067701,-0.002847907545674185,0.0002005952312832787,-0.006293093157718643,0.0002005952312832787,-0.003958174943823149,0.0002005952312832787,-0.004906354201078961,-0.0034062139297362792,0.0,0.0002005952312832787
2023-06-20,-0.0002573032098065075,-0.001962651860024269,0.00020099206576271663,-0.0014315348291781271,0.00020099206576271663,-0.006612312678310824,0.00020099206576271663,-0.0028912556068252937,-0.005188241488979561,0.0,0.00020099206576271663
2023-06-21,-0.007210395823346031,-0.005367195717062124,0.00020138888132004512,-0.013627548795713151,0.00020138888132004512,-0.005744036223945296,0.00020138888132004512,-0.007798821309090209,-0.00512363120082715,0.0,0.00020138888132004512
2023-06-22,0.006026462523422436,0.004285016866213534,0.0002037698503524538,0.011798921558506148,0.0002037698503524538,0.00306801901991797,0.0002037698503524538,0.005381369502511613,0.003609619626447902,0.0,0.0002037698503524538
2023-06-23,-0.005157304607910333,-0.005435023485323865,0.0002037698503524538,-0.009913523004252633,0.0002037698503524538,-0.011003903878409882,0.0002037698503524538,-0.008052931230417115,-0.007559856410960797,0.0,0.0002037698503524538
2023-06-26,-0.007260873606097664,-0.004943970090616403,0.0002038888893430195,-0.013405451174619887,0.0002038888893430195,-0.005407608365198047,0.0002038888893430195,-0.005412916204716511,-0.004085844143287387,0.0,0.0002038888893430195
2023-06-27,0.011302862617175766,0.008783220337871059,0.00020456350038922024,0.01719399572324809,0.00020456350038922024,0.012294498691562886,0.00020456350038922024,0.01751827144243462,0.010963150952728595,0.0,0.00020456350038922024
2023-06-28,0.00023800414513428954,0.000976219573894531,0.00020555554874359614,0.0019516986826695337,0.00020555554874359614,0.001051198273969082,0.00020555554874359614,0.0022597430577133704,0.0005044707069170595,0.0,0.00020555554874359614
2023-06-29,-0.00042881101235950223,6.647533968859423e-05,0.00020515873318626766,-0.002002722877740837,0.00020515873318626766,0.00018151717838684373,0.00020515873318626766,0.0017764787615491273,0.003941386905671029,0.0,0.00020515873318626766
2023-06-30,0.009402232016383204,0.007963162106964036,0.00020535715042598664,0.015420249142533926,0.00020535715042598664,0.013169306598427594,0.00020535715042598664,0.01180914396815469,0.011800644811500005,0.0,0.00020535715042598664
2023-07-03,0.00026134682484080175,0.0011993657137231383,0.00020448412214006697,0.002354978934848484,0.00020448412214006697,0.0008006547760978089,0.00020448412214006697,0.0033777216040970226,0.0011505768465482902,0.0,0.00020448412214006697
2023-07-05,-0.0001907391967914148,-0.0007745518835371221,0.0002041666659097823,-2.702924808073437e-05,0.0002041666659097823,-0.00423295287543605,0.0002041666659097823,-0.0008767029922930325,-0.0014871400985720928,0.0,0.0002041666659097823
2023-07-06,-0.003476134901418279,-0.004916843956294665,0.0002060714222135998,-0.007615990297412889,0.0002060714222135998,-0.01092090465930769,0.0002060714222135998,-0.008543783335561578,-0.00783074082278068,0.0,0.0002060714222135998
2023-07-07,-0.0016412999776264981,-0.0009772243608648346,0.0002068650722503662,-0.003320004479794081,0.0002068650722503662,0.0005623049133437106,0.0002068650722503662,-0.0010945141143964277,-0.0025246495327946317,0.0,0.0002068650722503662
2023-07-10,0.0008497756534331925,0.0010555601200161848,0.0002068650722503662,0.0003277680379993875,0.0002068650722503662,0.0018932115015152609,0.0002068650722503662,0.004325772727673621,0.00253103952053757,0.0,0.0002068650722503662
2023-07-11,0.004591465095052439,0.0037887217223705463,0.00020734126605684796,0.004940531969183537,0.00020734126605684796,0.006770156001653167,0.00020734126605684796,0.009930389696504005,0.006368539316104149,0.0,0.00020734126605684796
2023-07-12,0.008459469263378695,0.006584723167465327,0.00020805555676657055,0.012629996731903903,0.00020805555676657055,0.01325762057092117,0.00020805555676657055,0.007675130264448382,0.008045997552762696,0.0,0.00020805555676657055
2023-07-13,0.009199963284646,0.007912725414978467,0.00020753968329656692,0.016978732688716747,0.00020753968329656692,0.013639587899623532,0.00020753968329656692,0.009593845436304538,0.007936921562052168,0.0,0.00020753968329656692
2023-07-14,-0.00242947843644868,-0.0006383723398473136,0.00020726190672980415,-0.00021101704065074056,0.00020726190672980415,-0.0021626602309120133,0.00020726190672980415,-0.0028186325405235857,-0.0006228788091020565,0.0,0.00020726190672980415
2023-07-17,0.0055154058876400675,0.0036680395106150556,0.00020694445049951947,0.009338613863334677,0.00020694445049951947,0.003864007387909336,0.00020694445049951947,0.004261224594899943,0.0034720737425686377,0.0,0.00020694445049951947
2023-07-18,0.006118734072555473,0.004473445447418613,0.00020765872228713263,0.008180670646178667,0.00020765872228713263,0.0073727532565344145,0.00020765872228713263,0.006975720365328952,0.007430715681567612,0.0,0.00020765872228713263
2023-07-19,0.0003414419315360241,0.0003332966996162254,0.0002082539740062895,-0.00023327809061035598,0.0002082539740062895,0.00048383979051047627,0.0002082539740062895,0.0008458438689488701,0.002223644336604158,0.0,0.0002082539740062895
2023-07-20,-0.012730798538968217,-0.009949269381877056,0.00020813491609361436,-0.02305196359593542,0.00020813491609361436,-0.013475337174135661,0.00020813491609361436,-0.017350442749053507,-0.006634366394638991,0.0,0.00020813491609361436
2023-07-21,-0.0019481167970143449,-0.0012047475430763022,0.00020805555676657055,-0.0029992139376575633,0.00020805555676657055,-0.0009891561752866087,0.00020805555676657055,-0.0037418868831805563,0.0,0.0,0.00020805555676657055
2023-07-24,0.001540656137427365,0.001294227273121212,0.0002082539740062895,0.0015973756171170361,0.0002082539740062895,0.001210573162054233,0.0002082539740062895,0.003105697375126837,0.004467268206254538,0.0,0.0002082539740062895
2023-07-25,0.00510010095558416,0.002772657494813208,0.00020833333333333332,0.006777771480567907,0.00020833333333333332,0.003530548667820025,0.00020833333333333332,0.0027616919981468535,0.0027300638846694536,0.0,0.00020833333333333332
2023-07-26,-0.0034279793849776334,-0.0005512196125646137,0.0002089285661303808,-0.0033266413182490018,0.0002089285661303808,-0.00015530663370214959,0.0002089285661303808,0.0022430934691818893,0.00015367441523195247,0.0,0.0002089285661303808
2023-07-27,-0.0010470183669075387,-0.0019281950732897624,0.00020904762404305594,-0.002383821138572828,0.00020904762404305594,-0.003769463166450622,0.00020904762404305594,-0.003375167459147177,-0.006629920607709838,0.0,0.00020904762404305594
2023-07-28,0.010239585025631034,0.008526901468757973,0.00020904762404305594,0.018214736008803634,0.00020904762404305594,0.011725326212167412,0.00020904762404305594,0.014122060359156752,0.00979029361336381,0.0,0.00020904762404305594
2023-07-31,0.0006514593970083769,0.0007267206230030482,0.0002085317505730523,0.0005212616135927828,0.0002085317505730523,0.0008978982242914638,0.0002085317505730523,0.0025115770029008333,0.001903866223130768,0.0,0.0002085317505730523
2023-08-01,-5.034910788262841e-05,-0.0018097704233979244,0.0002082539740062895,-0.0023196249195750474,0.0002082539740062895,-0.005890300889478653,0.0002082539740062895,-0.001994068559315443,-0.002861263276038195,0.0,0.0002082539740062895
2023-08-02,-0.013380378589436793,-0.010983888539710865,0.00020873016781277126,-0.021943987307364687,0.00020873016781277126,-0.018162153516541674,0.00020873016781277126,-0.017980930641205456,-0.013910839010760623,0.0,0.00020873016781277126
2023-08-03,-0.0009069473453936067,-0.001172850606470624,0.00020873016781277126,-0.00160274917353187,0.00020873016781277126,-0.002413486542783838,0.00020873016781277126,-0.002630433412066313,-0.002865790600034668,0.0,0.00020873016781277126
2023-08-04,-0.0020115808269558387,-0.002004704991391581,0.00020865078956361802,-0.004681836052748745,0.00020865078956361802,-0.002528167157606397,0.00020865078956361802,-0.0018360143377109117,-0.004523079698673604,0.0,0.00020865078956361802
2023-08-07,0.005947471174106762,0.005042907871874926,0.00020845237232389904,0.008466895618649106,0.00020845237232389904,0.007882989626275316,0.00020845237232389904,0.010213303921905281,0.008728774801007422,0.0,0.00020845237232389904
2023-08-08,-0.0043935446124532835,-0.004018610273410095,0.00020873016781277126,-0.008502265616683102,0.00020873016781277126,-0.007064006712950265,0.00020873016781277126,-0.0057512959226995175,-0.004348674327546376,0.0,0.00020873016781277126
2023-08-09,-0.006727700959285624,-0.005205894274207267,0.00020932540060981873,-0.010994701971593135,0.00020932540060981873,-0.007479420760161762,0.00020932540060981873,-0.009019349276494365,-0.006685353264446303,0.0,0.00020932540060981873
2023-08-10,7.582154533472332e-05,0.0006940782837945275,0.0002095238178495377,0.0018482734522136113,0.0002095238178495377,0.0003795269918577259,0.0002095238178495377,0.000800672312078754,0.00035891199937987395,0.0,0.0002095238178495377
2023-08-11,-0.0033794187920471942,-0.0027018030990916186,0.00020904762404305594,-0.006375771830921528,0.00020904762404305594,-0.005235477960953841,0.00020904762404305594,-0.0034675088385824893,-0.0005830405489853918,0.0,0.00020904762404305594
2023-08-14,0.008792183293063542,0.004374456806735651,0.0002089285661303808,0.011222363455374529,0.0002089285661303808,0.0039005649529393342,0.0002089285661303808,0.005018854194996453,0.005519919952787999,0.0,0.0002089285661303808
2023-08-15,-0.005810366378831253,-0.006469143721343372,0.00020912698337009975,-0.010611707826291839,0.00020912698337009975,-0.01221812591069704,0.00020912698337009975,-0.01177806000177059,-0.011648775301121073,0.0,0.00020912698337009975
2023-08-16,-0.007069384681848983,-0.00540051576597717,0.0002095238178495377,-0.010588865518684876,0.0002095238178495377,-0.008567711589847036,0.0002095238178495377,-0.00985869901123182,-0.007338239833424187,0.0,0.0002095238178495377
2023-08-17,-0.005512348381751228,-0.0053966008866810754,0.0002097222161671472,-0.010923045952532351,0.0002097222161671472,-0.006693524244950362,0.0002097222161671472,-0.011584964050643354,-0.007619654359938943,0.0,0.0002097222161671472
2023-08-18,0.0002419449834439566,-0.00036031999323081503,0.00020944443960038442,-0.001254910051199376,0.00020944443960038442,-0.0002008895359609427,0.00020944443960038442,-0.0012061198388189087,0.00048111321299915133,0.0,0.00020944443960038442
2023-08-21,0.011196366239713618,0.006589464914006185,0.00020944443960038442,0.01611153388426545,0.00020944443960038442,0.00845183792839177,0.00020944443960038442,0.007377630859633777,0.006506309664634058,0.0,0.00020944443960038442
2023-08-22,-0.0026013137609085025,-0.0008010958966810478,0.0002095238178495377,-0.0014289201688977293,0.0002095238178495377,-0.0008293087464206946,0.0002095238178495377,-0.0018442258169350245,-0.0027085626880147817,0.0,0.0002095238178495377
2023-08-23,0.009006271189077925,0.007780120655749047,0.00021011905064658514,0.01576841378280358,0.00021011905064658514,0.012356921506773958,0.00021011905064658514,0.010808620384048784,0.011137710055560524,0.0,0.00021011905064658514
2023-08-24,-0.010966405430292168,-0.009851004016236987,0.00021011905064658514,-0.021375560555204065,0.00021011905064658514,-0.011819796946101432,0.00021011905064658514,-0.017630072795566443,-0.013859009965656699,0.0,0.00021011905064658514
2023-08-25,0.0035819879584721493,0.00395416066864898,0.0002104365068768698,0.0077514230217290425,0.0002104365068768698,0.004502616903047503,0.0002104365068768698,0.007437919597601983,0.007049714043525501,0.0,0.0002104365068768698
2023-08-28,0.005217189752211239,0.0039316290754717945,0.00021091270068335157,0.007527173323683467,0.00021091270068335157,0.0055799717407340275,0.00021091270068335157,0.0066868921357415845,0.006341388561927674,0.0,0.00021091270068335157
2023-08-29,0.012542649591938298,0.010821259901767934,0.00021123015691363621,0.02183990701265448,0.00021123015691363621,0.01535423998700991,0.00021123015691363621,0.019053932610468616,0.014454721180120478,0.0,0.00021123015691363621
2023-08-30,0.002744190408126528,0.0026632062484972015,0.00021111111792307052,0.005576689158983905,0.00021111111792307052,0.004065803708569978,0.00021111111792307052,0.0028163875120739423,0.004118847172444484,0.0,0.00021111111792307052
2023-08-31,0.002329940612628757,0.0006286400287046397,0.00021091270068335157,0.002998253190902078,0.00021091270068335157,-4.298221551601877e-05,0.00021091270068335157,-0.0007326201298615831,-0.0014634740190587747,0.0,0.00021091270068335157
2023-09-01,-0.0010751365539934245,0.0002515697047674652,0.00021023808963715085,-0.0010580766227726857,0.00021023808963715085,0.003561257492610308,0.00021023808963715085,-0.0022632376442596742,0.0018652882915064506,0.0,0.00021023808963715085
2023-09-05,0.00048473803628442373,-0.0009585503080041166,0.00020904762404305594,0.0012711685118997895,0.00020904762404305594,-0.008038146269823132,0.00020904762404305594,0.0018557988220901105,-0.004321878073714647,0.0,0.00020904762404305594
2023-09-06,-0.006695102355082291,-0.004155862718762456,0.00020944443960038442,-0.00880771039485928,0.00020944443960038442,-0.006425623760979177,0.00020944443960038442,-0.005539875723157006,-0.006722312352735793,0.0,0.00020944443960038442
2023-09-07,-0.0026513759082204694,-0.003305692288785636,0.0002103174678863041,-0.007151679523272225,0.0002103174678863041,-0.006630947463748519,0.0002103174678863041,-0.0036119944940478377,-0.003070453547514229,0.0,0.0002103174678863041
2023-09-08,0.0010498467102042553,0.0008731528900477831,0.00020964285684010338,0.0013976646719242591,0.00020964285684010338,-0.00017160334865566097,0.00020964285684010338,0.003683870781603371,0.0015060829030892897,0.0,0.00020964285684010338
2023-09-11,0.0052142243461327275,0.005296053387233165,0.00021003969131954133,0.011782728803439335,0.00021003969131954133,0.006250571452797171,0.00021003969131954133,0.008512733916587495,0.006576655694882083,0.0,0.00021003969131954133
2023-09-12,-0.004604965227445519,-0.0043448742400983885,0.00021003969131954133,-0.011088451758432427,0.00021003969131954133,-0.005850137583438108,0.00021003969131954133,-0.0035208380307589215,-0.005485596794366998,0.0,0.00021003969131954133
2023-09-13,0.002714839263227536,0.0011830128795160143,0.00021051586620391362,0.0038090781695647724,0.00021051586620391362,-0.0005314926299032259,0.00021051586620391362,0.001545931582270954,0.0011660855582258378,0.0,0.00021051586620391362
2023-09-14,0.0055520313899098655,0.005372069616589519,0.00021051586620391362,0.008177164193745812,0.00021051586620391362,0.010300028458480362,0.00021051586620391362,0.010676918475945374,0.00862219727026936,0.0,0.00021051586620391362
2023-09-15,-0.012814567698229517,-0.008699603557579897,0.00021011905064658514,-0.01712301370050362,0.00021011905064658514,-0.013208857044588997,0.00021011905064658514,-0.01602195299671058,-0.012048199567396334,0.0,0.00021011905064658514
2023-09-18,0.0015312840684973948,0.00020006799840583653,0.00021023808963715085,0.001042435839607947,0.00021023808963715085,-0.0016718930985325877,0.00021023808963715085,0.000779364212757816,0.0005863893716784307,0.0,0.00021023808963715085
2023-09-19,-0.0017131860429094807,-0.0013783858372582174,0.0002103174678863041,-0.0021314353895145466,0.0002103174678863041,-0.0026993666677222286,0.0002103174678863041,-0.0035344229886370704,-0.0020737715722745076,0.0,0.0002103174678863041
2023-09-20,-0.00839764497663746,-0.007120281655382082,0.00021071428344363258,-0.01441015754905306,0.00021071428344363258,-0.011207065129825129,0.00021071428344363258,-0.0121566245600222,-0.009193362463493449,0.0,0.00021071428344363258
2023-09-21,-0.013871953224295686,-0.010140168757812483,0.00021091270068335157,-0.018324631624440424,0.00021091270068335157,-0.0178227008757121,0.00021091270068335157,-0.017145202194380538,-0.016528428381727966,0.0,0.00021091270068335157
2023-09-22,0.0014684026534502938,-0.0005647921913210518,0.00021051586620391362,0.00013981176410182705,0.00021051586620391362,-0.002122532342006692,0.00021051586620391362,-0.001811556614795734,-0.002248363681096044,0.0,0.00021051586620391362
2023-09-25,0.0031907354066324474,0.002751675247869794,0.00021051586620391362,0.004749640113082432,0.00021051586620391362,0.0038106858981288667,0.00021051586620391362,0.0060886480212543614,0.004205065016508636,0.0,0.00021051586620391362
2023-09-26,-0.008799911454959262,-0.00834231107732802,0.00021083334135630776,-0.015016351391357152,0.00021083334135630776,-0.014853813524509096,0.00021083334135630776,-0.013268263624285903,-0.01469127565766104,0.0,0.00021083334135630776
2023-09-27,0.002086210384165401,0.0018198560154594854,0.00021130951624068002,0.0023434594663178654,0.00021130951624068002,0.0033636902643273308,0.00021130951624068002,0.00630825449430189,0.00039915422696679137,0.0,0.00021130951624068002
2023-09-28,0.0051918423401992675,0.004514524856154628,0.00021150793348039898,0.008365291445040501,0.00021150793348039898,0.007732518168565682,0.00021150793348039898,0.007597691768667092,0.00579753352482415,0.0,0.00021150793348039898
2023-09-29,-0.000246656871147193,-0.0006795818363012692,0.00021063492411658877,0.0007259882465155965,0.00021063492411658877,-0.0021437736209836506,0.00021063492411658877,-0.004259450764282496,-0.0024269883825634997,0.0,0.00021063492411658877
2023-10-02,0.005257879116542889,0.0017446289867296572,0.0002103174678863041,0.008345840196080756,0.0002103174678863041,-0.002386238121752204,0.0002103174678863041,-0.00022424003842275164,-0.0003976602299796683,0.0,0.0002103174678863041
2023-10-03,-0.01095059511377524,-0.009128985533699606,0.00021091270068335157,-0.017549632573415685,0.00021091270068335157,-0.01613448916917633,0.00021091270068335157,-0.013859997103210508,-0.013386012431603644,0.0,0.00021091270068335157
2023-10-04,0.006724127573688827,0.005841338509910429,0.00021190476795983693,0.013608579084720684,0.00021190476795983693,0.010445241864409427,0.00021190476795983693,0.0025739556117453377,0.007281904644098169,0.0,0.00021190476795983693
2023-10-05,-0.0006073039791176573,-0.001005898833011944,0.00021170635072011797,-0.0029463324890055542,0.00021170635072011797,-0.0016615431509247602,0.00021170635072011797,-0.0006063226614258228,-0.00037675381284396625,0.0,0.00021170635072011797
2023-10-06,0.014654697801214426,0.008612512543873315,0.00021130951624068002,0.01675520102009842,0.00021130951624068002,0.014313970418973976,0.00021130951624068002,0.0131748564688568,0.011872739817849531,0.0,0.00021130951624068002
2023-10-09,0.003705967769312489,0.0038956465046259595,0.0002122222241901216,0.005100184567652377,0.0002122222241901216,0.005751220843256077,0.0002122222241901216,0.012087757294481805,0.006402257118859778,0.0,0.0002122222241901216
2023-10-10,0.0031387820913135666,0.0031369040906607014,0.0002122222241901216,0.0055380606296768775,0.0002122222241901216,0.005371470658988353,0.0002122222241901216,0.004873300599089525,0.005204880688299829,0.0,0.0002122222241901216
2023-10-11,0.006443310359164273,0.003229496755910228,0.00021123015691363621,0.0071350282969233625,0.00021123015691363621,0.0056156307986997556,0.00021123015691363621,0.0022752776334178104,0.004096233300476149,0.0,0.00021123015691363621
2023-10-12,-0.0005052066011019592,-0.00249087656251824,0.00021170635072011797,-0.003474933755443499,0.00021170635072011797,-0.004785686182414428,0.00021170635072011797,-0.005158618645753371,-0.006096438609385357,0.0,0.00021170635072011797
2023-10-13,-0.007581543958194299,-0.005218424497259921,0.00021170635072011797,-0.012569694245170182,0.00021170635072011797,-0.008775266565566486,0.00021170635072011797,-0.00454952598669231,-0.0049808388859627906,0.0,0.00021170635072011797
2023-10-16,0.007269423297128847,0.006535811708299548,0.00021142857415335517,0.011306284478189932,0.00021142857415335517,0.010913863096932208,0.00021142857415335517,0.012143387089368074,0.010521441715674484,0.0,0.00021142857415335517
2023-10-17,-0.002978976499896876,-0.00017055783456282415,0.00021142857415335517,-0.0032756073287365517,0.00021142857415335517,0.0019444327415575342,0.00021142857415335517,0.0029140468489277926,-4.5865134732481216e-05,0.0,0.00021142857415335517
2023-10-18,-0.007515681640553516,-0.007608027955507941,0.00021190476795983693,-0.013117755319955182,0.00021190476795983693,-0.015673410862930354,0.00021190476795983693,-0.010470596571069496,-0.013325158514127855,0.0,0.00021190476795983693
2023-10-19,-0.0053640801615213,-0.0052415578712582955,0.00021150793348039898,-0.009356800372826712,0.00021150793348039898,-0.00973824207873904,0.00021150793348039898,-0.008513852607730382,-0.008786350451318037,0.0,0.00021150793348039898
2023-10-20,-0.00962645808133007,-0.008252545980801012,0.00021071428344363258,-0.014917866545218095,0.00021071428344363258,-0.013602929204884595,0.00021071428344363258,-0.014608056328235586,-0.012287991864551095,-0.00337434166436179,0.00021071428344363258
2023-10-23,0.003043614175278546,0.0014265668203641306,0.0002103174678863041,0.003017219534734883,0.0002103174678863041,0.0006419842920194485,0.0002103174678863041,-0.00214205522082489,-0.001733250950695986,0.01703620918398263,0.0002103174678863041
2023-10-24,0.006022244758841826,0.005845428150251509,0.00021003969131954133,0.00972822951074881,0.00021003969131954133,0.008633801591811707,0.00021003969131954133,0.003822315715120539,0.007539373672874605,0.022047060742721003,0.00021003969131954133
2023-10-25,-0.015823441248348585,-0.012017219989670449,0.00021063492411658877,-0.02447577528977052,0.00021063492411658877,-0.019413987778182706,0.00021063492411658877,-0.019282193308436862,-0.014352200266594894,-0.001,0.00021063492411658877
2023-10-26,-0.012373856596311279,-0.008939178451779616,0.00021091270068335157,-0.019067191471205724,0.00021091270068335157,-0.015520840962414961,0.00021091270068335157,-0.0160736247019721,-0.001,-0.004608771942816391,0.00021091270068335157
2023-10-27,0.0003803705809758864,0.00015589052579332002,0.0002103174678863041,0.004801177860067396,0.0002103174678863041,0.00013411491193271452,0.0002103174678863041,-0.002836170684911099,-0.0,-0.016985145691707504,0.0002103174678863041
2023-10-30,0.008932960308575828,0.007551054729447536,0.00021051586620391362,0.01126525928001243,0.00021051586620391362,0.01161050130918706,0.00021051586620391362,0.010952480812502052,0.0,0.03658997950599785,0.00021051586620391362
2023-10-31,0.001368953353942877,0.002621244554662706,0.00021083334135630776,0.004782337641836998,0.00021083334135630776,0.0055313599552409,0.00021083334135630776,0.00577435314976521,0.0,-0.001,0.00021083334135630776
2023-11-01,0.010939187043829492,0.007609916266669762,0.00021111111792307052,0.0173568604368195,0.00021111111792307052,0.01401077624560354,0.00021111111792307052,0.011004736072993598,0.0,0.0,0.00021111111792307052
2023-11-02,0.01648073997689805,0.010930893491152616,0.0002103174678863041,0.018153360060190638,0.0002103174678863041,0.018658836582076233,0.0002103174678863041,0.021630513289333353,0.018164313103961827,0.0,0.0002103174678863041
2023-11-03,0.003987397662418487,0.005995402996108505,0.00020912698337009975,0.01174876718348905,0.00020912698337009975,0.010436051972377736,0.00020912698337009975,0.007405868776893171,0.00912333676126642,0.0,0.00020912698337009975
2023-11-06,0.0031603478970733344,0.0007008676852570192,0.00020845237232389904,0.004079380495312757,0.00020845237232389904,-0.0027045035824618067,0.00020845237232389904,-0.0015358827725365232,0.0023005247339531465,0.0,0.00020845237232389904
2023-11-07,0.0035119478753421808,0.003213902564751495,0.00020873016781277126,0.009452505075250972,0.00020873016781277126,0.0029194414467420176,0.00020873016781277126,0.0013156765360071154,0.0028460682771678236,0.0,0.00020873016781277126
2023-11-08,0.0001722095987391405,-6.885570609870397e-05,0.00020924602236066547,0.0006439920076035666,0.00020924602236066547,2.1503054987530345e-05,0.00020924602236066547,-0.0035601018119280348,0.0007323474357048276,0.0,0.00020924602236066547
2023-11-09,-0.004284481709534087,-0.004269174172278761,0.00020904762404305594,-0.007695549619221476,0.00020904762404305594,-0.007747102674911133,0.00020904762404305594,-0.006662626642556568,-0.00779865573060079,0.0,0.00020904762404305594
2023-11-10,0.013517846137324062,0.011456761874005137,0.00020884920680333698,0.022482343006005268,0.00020884920680333698,0.019043575090572196,0.00020884920680333698,0.017414033285714725,0.015604807175139124,0.0,0.00020884920680333698
2023-11-13,-0.0006313447203844297,-0.0010031511192140317,0.00020833333333333332,-0.0031187967753895096,0.00020833333333333332,-0.002035987355134161,0.00020833333333333332,0.0008572618968604728,-0.0009531779348788127,0.0,0.00020833333333333332
2023-11-14,0.011672190060893017,0.01194568236478256,0.00020873016781277126,0.021526644218839763,0.00020873016781277126,0.02046371337724895,0.00020873016781277126,0.01971568308771765,0.019400782535658134,0.0,0.00020873016781277126
2023-11-15,-0.0017169742741905865,0.0011488455162047457,0.00020845237232389904,0.0007524867827493065,0.00020845237232389904,0.003084484586427516,0.00020845237232389904,0.0027153563183981992,0.00211691306277606,0.0,0.00020845237232389904
2023-11-16,0.00067907445434447,7.919419327798335e-05,0.0002085317505730523,0.0008559117552886519,0.0002085317505730523,-0.0024983387074323975,0.0002085317505730523,0.0008045620967752631,0.0012231737594254888,0.0,0.0002085317505730523
2023-11-17,0.001390027886748955,0.0005975594347749982,0.00020805555676657055,0.00023321623197847252,0.00020805555676657055,0.0009163228150680011,0.00020805555676657055,0.0024090247757801164,0.0012438189465737715,0.0,0.00020805555676657055
2023-11-20,0.007092268169327624,0.006034282593732972,0.00020765872228713263,0.012174908053828482,0.00020765872228713263,0.010773835129787837,0.00020765872228713263,0.007296782325979967,0.007697506579551483,0.0,0.00020765872228713263
2023-11-21,-0.004035139904061491,-0.0026185184119317693,0.00020785713952685162,-0.005809610505562723,0.00020785713952685162,-0.004754120801553166,0.00020785713952685162,-0.0035710646665321755,-0.0021792635866816346,0.0,0.00020785713952685162
2023-11-22,0.0019243785479982805,0.002081789069412972,0.0002085317505730523,0.004092920407011702,0.0002085317505730523,0.0019777718046282144,0.0002085317505730523,0.004045718545141186,0.0038606469802060506,0.0,0.0002085317505730523
2023-11-24,-0.0007263839065795432,-6.961616511220534e-05,0.0002089285661303808,-0.0014099369081282953,0.0002089285661303808,0.0008023988640798457,0.0002089285661303808,0.0004844120438610988,0.0006155365857254402,0.0,0.0002089285661303808
2023-11-27,-0.001657170104080693,-0.0010210137967363263,0.00020845237232389904,-0.0008729424495458327,0.00020845237232389904,-0.002706466701605421,0.00020845237232389904,-0.0032947552531192303,-0.001801062330698655,0.0,0.00020845237232389904
2023-11-28,0.0008332494685032816,0.0016510301378859697,0.00020865078956361802,0.002621035677556227,0.00020865078956361802,0.004981040898837996,0.00020865078956361802,0.0010653602267171047,0.0009902340585510316,0.0,0.00020865078956361802
2023-11-29,-0.0009281707770404793,-0.00034021737088008025,0.00020873016781277126,-0.0009737166504433237,0.00020873016781277126,-6.592894130315796e-05,0.00020873016781277126,-0.001019729192931473,-0.0007035100309303877,0.0,0.00020873016781277126
2023-11-30,-0.00219484675215036,-0.0002662684823209461,0.00020793649885389538,-0.0025142569043929974,0.00020793649885389538,-0.000914915836032389,0.00020793649885389538,0.001366442741922741,0.003937459771498286,0.0,0.00020793649885389538
2023-12-01,0.00020774988289374124,0.0029019769276721536,0.00020785713952685162,0.002854736513399514,0.00020785713952685162,0.008680695241511122,0.00020785713952685162,0.003749458076107382,0.005915855135181891,0.0,0.00020785713952685162
2023-12-04,-0.0064927954259298365,-0.005151693768859145,0.00020694445049951947,-0.009283421223805988,0.00020694445049951947,-0.01204871108881759,0.00020694445049951947,-0.0069709232754331385,-0.005249285579387197,0.0,0.00020694445049951947
2023-12-05,-0.0002525726304427118,7.967190428454394e-05,0.00020726190672980415,0.0025107793346252905,0.00020726190672980415,-0.0004885526641276542,0.00020726190672980415,-0.00527325794325087,-0.0001969914015297336,0.0,0.00020726190672980415
2023-12-06,-0.0051977100874177114,-0.0027617158262299474,0.00020805555676657055,-0.005783786868135077,0.00020805555676657055,-0.0020422991662308134,0.00020805555676657055,-0.0077479184200680284,-0.004030005976051854,0.0,0.00020805555676657055
2023-12-07,0.005993362537845758,0.006214920594033678,0.00020805555676657055,0.013972239145290999,0.00020805555676657055,0.0077510049669315215,0.00020805555676657055,0.00919308406340219,0.007630448005091273,0.0,0.00020805555676657055
2023-12-08,0.005224311515038033,0.001816353108466736,0.00020765872228713263,0.0044568190651339545,0.00020765872228713263,-0.001528140440343328,0.00020765872228713263,0.005414440188398928,0.00429915072868714,0.0,0.00020765872228713263
2023-12-11,0.0002935284479095479,0.0027235864697392298,0.00020765872228713263,0.008542158447019554,0.00020765872228713263,0.00046298792848172487,0.00020765872228713263,0.0015938204618467238,0.0038897005037878962,0.0,0.00020765872228713263
2023-12-12,0.004073549433612756,0.0031057395791763464,0.00020765872228713263,0.007964202874235271,0.00020765872228713263,0.003995581268584939,0.00020765872228713263,0.001053238567591458,0.004567183051030987,0.0,0.00020765872228713263
2023-12-13,0.006751900805351847,0.00782114484065281,0.0002082539740062895,0.01271721617624788,0.0002082539740062895,0.016356654818128348,0.0002082539740062895,0.01086393921422496,0.013790214811960633,0.0,0.0002082539740062895
2023-12-14,0.0007168177846750522,0.0024379275058262527,0.00020726190672980415,-0.0008670829289982862,0.00020726190672980415,0.009390045153424417,0.00020726190672980415,0.009381416196995285,0.0032091963423392933,0.0,0.00020726190672980415
2023-12-15,0.0016998225632799046,0.0005051765940152157,0.00020694445049951947,0.004834148719552234,0.00020694445049951947,-0.001738841498346281,0.00020694445049951947,-0.003863017086827014,-0.0016465279846739067,0.0,0.00020694445049951947
2023-12-18,0.005391020041876119,0.003075608590750608,0.00020734126605684796,0.006298617745260637,0.00020734126605684796,0.004092976387815176,0.00020734126605684796,0.003977350878238556,0.005625155959611217,0.0,0.00020734126605684796
2023-12-19,0.003138476883113886,0.004037750886980456,0.00020734126605684796,0.005109806587215715,0.00020734126605684796,0.01019023826870365,0.00020734126605684796,0.0070832099335263465,0.006080754600664928,0.0,0.00020734126605684796
2023-12-20,-0.009391866337150957,-0.00862356403022897,0.00020785713952685162,-0.01485978323319026,0.00020785713952685162,-0.01609261341984658,0.00020785713952685162,-0.01522992701062334,-0.013857161043177468,0.0,0.00020785713952685162
2023-12-21,0.007312166023904931,0.006525921848919364,0.00020753968329656692,0.011635362150041795,0.00020753968329656692,0.012711223763713326,0.00020753968329656692,0.009318072810472755,0.009481867583110093,0.0,0.00020753968329656692
2023-12-22,0.00017147371114580075,0.0014238812275692468,0.0002067460332598005,0.0014959663678379975,0.0002067460332598005,0.004274486980696324,0.0002067460332598005,0.0019079511994674614,0.002009720103321566,0.0,0.0002067460332598005
2023-12-26,0.003566269187887739,0.0035094602289653274,0.00020666667393275668,0.006121774525763124,0.00020666667393275668,0.00778265720656468,0.00020666667393275668,0.0042775832136560665,0.004222573681947894,0.0,0.00020666667393275668
2023-12-27,0.0008963421029374296,0.001001513816600812,0.00020646825669303775,0.0020355887650820303,0.00020646825669303775,0.0024571725755479315,0.00020646825669303775,-0.0007866783577779031,0.0018080852180089035,0.0,0.00020646825669303775
2023-12-28,-0.00024088139784420184,5.5318547272994136e-05,0.0002077381005362859,-0.00048595083703317776,0.0002077381005362859,-0.0013055534331531207,0.0002077381005362859,0.0027679507337720626,0.00037772420603676693,0.0,0.0002077381005362859
2023-12-29,-0.0022656641772252338,-0.0029869393431613284,0.0002070634894900852,-0.004327810391396847,0.0002070634894900852,-0.007847611427721723,0.0002070634894900852,-0.005780180312882438,-0.0028949684526652364,0.0,0.0002070634894900852
2024-01-02,-0.008715335202669965,-0.0064642265714575315,0.00020555554874359614,-0.016922227411741875,0.00020555554874359614,-0.00948248174734741,0.00020555554874359614,-0.004583812872528487,-0.005596289633450269,0.0,0.00020555554874359614
2024-01-03,-0.0022424254215854035,-0.005296411175280847,0.0002068650722503662,-0.010581547139558611,0.0002068650722503662,-0.009695081784835911,0.0002068650722503662,-0.0065147662534131845,-0.008166888610744771,0.0,0.0002068650722503662
2024-01-04,-0.0036947078814659755,-0.0018707612854961982,0.0002077381005362859,-0.005146479781403479,0.0002077381005362859,-0.0024542687989139718,0.0002077381005362859,-0.0004194543983818133,-0.0032209395085912584,0.0,0.0002077381005362859
2024-01-05,0.00035920447946668143,0.0007624301712347653,0.0002074603239695231,0.0011859503786799674,0.0002074603239695231,0.0009046785963883567,0.0002074603239695231,0.0016009393174642177,0.001369630000933375,0.0,0.0002074603239695231
2024-01-08,0.007895433501366917,0.008140712055137318,0.00020714284881712897,0.020668057168135467,0.00020714284881712897,0.009042530210818245,0.00020714284881712897,0.004793114609794563,0.01427580459514255,0.0,0.00020714284881712897
2024-01-09,0.00041048226177847595,4.7849762020841835e-05,0.00020714284881712897,0.0019756262718462203,0.00020714284881712897,0.00025933516123366473,0.00020714284881712897,-0.004385051876241303,-0.0015169775782293282,0.0,0.00020714284881712897
2024-01-10,0.005063473456737691,0.0032427454505471916,0.00020753968329656692,0.006777486268616295,0.00020753968329656692,0.0033816161535017058,0.00020753968329656692,0.005495253659911992,0.005655409297403713,0.0,0.00020753968329656692
2024-01-11,0.0018603423566203986,0.0006706534090432867,0.00020734126605684796,0.0020807805151332737,0.00020734126605684796,0.0012044595345275984,0.00020734126605684796,-0.0006454337114636943,-0.0004407092032170379,0.0,0.00020734126605684796
2024-01-12,0.0012444656655702302,0.0008923607617095072,0.0002070634894900852,0.0005130077296038316,0.0002070634894900852,0.0036666194738164126,0.0002070634894900852,0.0009486160792993581,0.0006927822162916542,0.0,0.0002070634894900852
2024-01-16,-0.00029432511965375263,-0.001297713147725745,0.0002062698394533188,-9.766565478397382e-05,0.0002062698394533188,-0.004418982958521685,0.0002062698394533188,-0.0040215438893871636,-0.0036711013218014843,0.0,0.0002062698394533188
2024-01-17,-0.003042457892040354,-0.003244278916184321,0.00020646825669303775,-0.005640818070576259,0.00020646825669303775,-0.007405154605783651,0.00020646825669303775,-0.0037350125773651377,-0.0055586951114857674,0.0,0.00020646825669303775
2024-01-18,0.008364637858078772,0.006697603407038669,0.00020694445049951947,0.014194284150263359,0.00020694445049951947,0.010439990398430316,0.00020694445049951947,0.008488164924118385,0.008892804945121346,0.0,0.00020694445049951947
2024-01-19,0.01229689999107833,0.009055122257089713,0.00020634919878036254,0.01983103536269004,0.00020634919878036254,0.01176197038967593,0.00020634919878036254,0.013310431259088873,0.012466149899377443,0.0,0.00020634919878036254
2024-01-22,0.0011803596588202702,0.0009221939756979912,0.0002062698394533188,0.0013058530590774886,0.0002062698394533188,-0.00011927456622099863,0.0002062698394533188,0.003880131703962175,0.0021142803685763045,0.0,0.0002062698394533188
2024-01-23,0.0024209761822008946,0.0022403544943745734,0.00020634919878036254,0.00414942145731656,0.00020634919878036254,0.00365499139037236,0.00020634919878036254,0.003689554703841136,0.002916419486691302,0.0,0.00020634919878036254
2024-01-24,0.004483375324776925,0.0016532925509046789,0.0002067460332598005,0.005549397437803805,0.0002067460332598005,-0.000534726808291845,0.0002067460332598005,0.001969613011160276,0.0010933126769605561,0.0,0.0002067460332598005
2024-01-25,0.0009119871237100977,0.001751847830700152,0.0002067460332598005,0.001221215516947538,0.0002067460332598005,0.002492778658403472,0.0002067460332598005,0.00597526428301573,0.005438776847889848,0.0,0.0002067460332598005
2024-01-26,-0.0025981061847981167,-0.0016319297835661445,0.00020615080046275307,-0.00595775537889931,0.00020615080046275307,-0.000937212977850062,0.00020615080046275307,0.00026371171023692463,-0.001270388977838599,0.0,0.00020615080046275307
2024-01-29,0.006243352163446235,0.005101339990977775,0.00020634919878036254,0.010240570568615937,0.00020634919878036254,0.008007550208800913,0.00020634919878036254,0.006790428598434761,0.007919446240754136,0.0,0.00020634919878036254
2024-01-30,-0.002462040685712718,-0.002095096082315671,0.00020634919878036254,-0.006656608286846777,0.00020634919878036254,-0.0029182030265307857,0.00020634919878036254,-2.275051594471944e-05,-0.0007733599284467374,0.0,0.00020634919878036254
2024-01-31,-0.008387726865397759,-0.009772221132901483,0.00020646825669303775,-0.019586147375351137,0.00020646825669303775,-0.012881984661537633,0.00020646825669303775,-0.017866793708216477,-0.01631745869915524,0.0,0.00020646825669303775
2024-02-01,0.007644649074383924,0.0067913873821647385,0.00020587302389599027,0.011775485126019447,0.00020587302389599027,0.011754778319580605,0.00020587302389599027,0.010357773251692348,0.01308817726383138,0.0,0.00020587302389599027
2024-02-02,0.012692130776962015,0.0075141531735151675,0.00020634919878036254,0.01690051563308148,0.00020634919878036254,0.005991520222561293,0.00020634919878036254,0.015336818000096897,0.010527345896630624,0.0,0.00020634919878036254
2024-02-05,0.0008270209072935256,-0.0016332981283269923,0.0002067460332598005,-0.0013053289940718749,0.0002067460332598005,-0.0034867915004455075,0.0002067460332598005,-0.0057806030492739136,-0.003641057474989884,0.0,0.0002067460332598005
2024-02-06,0.0013034759156349942,0.00017399810371035717,0.0002074603239695231,-0.002007232482510446,0.0002074603239695231,0.0020402310933347323,0.0002074603239695231,0.0008460450716050449,0.0029032326384954565,0.0,0.0002074603239695231
2024-02-07,0.008492947692383004,0.004881442387216116,0.00020726190672980415,0.010290143989900358,0.00020726190672980415,0.005366189589563622,0.00020726190672980415,0.008110872492096743,0.008340407765461633,0.0,0.00020726190672980415
2024-02-08,0.001529975590088239,0.0006735934294652872,0.00020726190672980415,0.0018519638657419346,0.00020726190672980415,0.00018814415725195344,0.00020726190672980415,0.0008189732609704958,0.0004416452487703282,0.0,0.00020726190672980415
2024-02-09,0.00581778902456696,0.004389883328053049,0.0002070634894900852,0.009843025359863145,0.0002070634894900852,0.006362406774456689,0.0002070634894900852,0.00474006319194914,0.00577952024852757,0.0,0.0002070634894900852
2024-02-12,-0.002268045587355206,-0.0010346058595106053,0.00020714284881712897,-0.003912519708878848,0.00020714284881712897,-0.0008750126797137197,0.00020714284881712897,0.00040382494125137947,-0.0004390393376605406,0.0,0.00020714284881712897
2024-02-13,-0.007816626239492227,-0.009860807228797458,0.0002074603239695231,-0.015597053572228625,0.0002074603239695231,-0.024170429731780702,0.0002074603239695231,-0.013704219980236937,-0.0137730931098613,0.0,0.0002074603239695231
2024-02-14,0.007664717928930906,0.006249141405944677,0.00020765872228713263,0.010897268812493754,0.00020765872228713263,0.009720179477670898,0.00020765872228713263,0.013177246521424602,0.009087780590464334,0.0,0.00020765872228713263
2024-02-15,0.0014176803764759437,0.003823206719288933,0.0002070634894900852,0.0029776261403358095,0.0002070634894900852,0.01151446880678586,0.0002070634894900852,0.007668542958510105,0.006899732443357509,0.0,0.0002070634894900852
2024-02-16,-0.0011226558165913585,-0.004812442309261224,0.0002070634894900852,-0.009067673163044798,0.0002070634894900852,-0.00921526497691938,0.0002070634894900852,-0.008570273065718947,-0.004980034659660015,0.0,0.0002070634894900852
2024-02-20,-0.006790840212818868,-0.004014525208530413,0.00020726190672980415,-0.0075480516529653485,0.00020726190672980415,-0.00894643393385297,0.00020726190672980415,-0.004399910654268285,-0.005505550126286507,0.0,0.00020726190672980415
2024-02-21,-0.0017201454359953715,-0.0010906625732229175,0.0002068650722503662,-0.004001824023202816,0.0002068650722503662,-0.001436774592243783,0.0002068650722503662,-9.864912496046485e-05,0.0009059118057204163,0.0,0.0002068650722503662
2024-02-22,0.02229538431338473,0.013791518526833715,0.0002077381005362859,0.02927566233204515,0.0002077381005362859,0.020407349335352338,0.0002077381005362859,0.01791810781299713,0.020695665060607604,0.0,0.0002077381005362859
2024-02-23,-0.0018904056419514982,-0.00052951672296813,0.00020765872228713263,-0.0029445895596225125,0.00020765872228713263,-0.0003205011163548062,0.00020765872228713263,0.001354990359578534,0.000689569515860633,0.0,0.00020765872228713263
2024-02-26,9.02096541238811e-05,-0.0011202619237846785,0.00020793649885389538,-0.0005267927486609647,0.00020793649885389538,-0.0018702089168372384,0.00020793649885389538,-0.005009111051916426,-0.0036626754137296658,0.0,0.00020793649885389538
2024-02-27,0.0003143012539723191,0.0014890558780167322,0.00020833333333333332,0.0024054324562325924,0.00020833333333333332,0.0023267606465998307,0.00020833333333333332,0.0033163455733318803,0.0018578770173611758,0.0,0.00020833333333333332
2024-02-28,-0.0023719018771615266,-0.0020950727251853878,0.00020813491609361436,-0.0053245600958958805,0.00020813491609361436,-0.004150785847846153,0.00020813491609361436,-0.0010984126139412798,-0.001321565471610553,0.0,0.00020813491609361436
2024-02-29,0.005554228892549694,0.0037827279441486794,0.00020793649885389538,0.008569310391649099,0.00020793649885389538,0.004919904369654097,0.00020793649885389538,0.005652202302899728,0.0035948679782773496,0.0,0.00020793649885389538
2024-03-01,0.011996644792709767,0.0069290852000600325,0.00020726190672980415,0.015057139002542907,0.00020726190672980415,0.011015916211968735,0.00020726190672980415,0.0074092886896903465,0.009388320386303661,0.0,0.00020726190672980415
2024-03-04,0.0017440206798011487,-0.0013588929120881285,0.00020694445049951947,-0.0035682065694102594,0.00020694445049951947,-0.0018545393527514458,0.00020694445049951947,-0.0017547203335530615,-0.0010726037317317916,0.0,0.00020694445049951947
2024-03-05,-0.007910089285823256,-0.00806153602535781,0.00020726190672980415,-0.017949824803144554,0.00020726190672980415,-0.012506982908407755,0.00020726190672980415,-0.010158399676192836,-0.00999403387171216,0.0,0.00020726190672980415
2024-03-06,0.004870101936937044,0.003452468642219913,0.00020734126605684796,0.006283817034026251,0.00020734126605684796,0.006270688565838345,0.00020734126605684796,0.004934788755262709,0.0050672841579046946,0.0,0.00020734126605684796
2024-03-07,0.010907693552917038,0.007242100669853512,0.00020753968329656692,0.015178082002340165,0.00020753968329656692,0.011145303354839948,0.00020753968329656692,0.009638518559414416,0.009926432173728683,0.0,0.00020753968329656692
2024-03-08,-0.015910411833141694,-0.005111991629528808,0.0002074603239695231,-0.014434821106813933,0.0002074603239695231,-0.004661503559429366,0.0002074603239695231,-0.004213176162246174,-0.0060022374396853095,0.0,0.0002074603239695231
2024-03-11,-0.004227141210457731,-0.0018518727863675308,0.0002074603239695231,-0.003712739149328015,0.0002074603239695231,-0.004833926523213238,0.0002074603239695231,-0.0020153544822968383,-0.0008598423681860368,0.0,0.0002074603239695231
2024-03-12,0.010666219120466136,0.006592835434164254,0.00020793649885389538,0.014334940717248168,0.00020793649885389538,0.007909261549587302,0.00020793649885389538,0.009483195417882173,0.010757494913311794,0.0,0.00020793649885389538
2024-03-13,-0.002751875020231181,-0.0022143453934074984,0.00020793649885389538,-0.007685985396753359,0.00020793649885389538,-0.0017831239909277632,0.00020793649885389538,0.0002461324660671671,-0.0015676407241896895,0.0,0.00020793649885389538
2024-03-14,-0.006152037615427117,-0.0021913285058624632,0.00020785713952685162,-0.0025213613185171013,0.00020785713952685162,-0.007462505370705585,0.00020785713952685162,-0.003609026155834971,-0.0019768443385344003,0.0,0.00020785713952685162
2024-03-15,-0.008525670280856917,-0.00491005220078266,0.00020785713952685162,-0.01188678252951414,0.00020785713952685162,-0.005624155360812806,0.00020785713952685162,-0.00647294744754659,-0.006866561198316967,0.0,0.00020785713952685162
2024-03-18,0.005350397430648392,0.004209164432360194,0.00020785713952685162,0.00953741881300152,0.00020785713952685162,0.003249924384885768,0.00020785713952685162,0.008240239931008142,0.005943246772398769,0.0,0.00020785713952685162
2024-03-19,0.0048549915834870646,0.001956451103554932,0.00020785713952685162,0.00249142891066767,0.00020785713952685162,0.0026078247985938945,0.00020785713952685162,0.004580929664827316,0.005556981590266297,0.0,0.00020785713952685162
2024-03-20,0.01232300930863289,0.0064856542632198335,0.00020785713952685162,0.011856622714187415,0.00020785713952685162,0.01057922004623039,0.00020785713952685162,0.01173347582285894,0.009249525668084013,0.0,0.00020785713952685162
2024-03-21,0.0008628471561268378,0.002353904327150669,0.0002074603239695231,0.00473233583294852,0.0002074603239695231,0.002511966468974484,0.0002074603239695231,0.004787688231206344,0.003304426268755156,0.0,0.0002074603239695231
2024-03-22,0.001852459354716736,-0.0009280767736113387,0.0002074603239695231,0.0011437752697258663,0.0002074603239695231,-0.005517999561087153,0.0002074603239695231,-0.0031157167300214783,-0.0018956478555690603,0.0,0.0002074603239695231
2024-03-25,-0.002213778813141263,-0.0020829280343094185,0.00020714284881712897,-0.0036291766267865233,0.00020714284881712897,-0.003508912276594999,0.00020714284881712897,-0.005093977503886182,-0.00276294282133982,0.0,0.00020714284881712897
2024-03-26,-0.0038268647538743645,-0.0014857164920235165,0.0002070634894900852,-0.003237731255097409,0.0002070634894900852,-0.0029615155483307203,0.0002070634894900852,-0.0016083417829011182,-0.001846904023916296,0.0,0.0002070634894900852
2024-03-27,0.0036226895010275815,0.004182879501285955,0.0002070634894900852,0.0034061481958322926,0.0002070634894900852,0.011198903833830931,0.0002070634894900852,0.009539186466407112,0.00840390128704338,0.0,0.0002070634894900852
2024-03-28,0.001310202835203175,-0.00030464762486791047,0.00020694445049951947,-0.0018433967043088861,0.00020694445049951947,0.0003712545495154761,0.00020694445049951947,0.0004759290060994126,-0.0001911530432039399,0.0,0.00020694445049951947
2024-04-01,0.00019854142927978627,-5.253743961676034e-05,0.00020646825669303775,0.0021171258089982548,0.00020646825669303775,-0.003012634922132588,0.00020646825669303775,-0.0006654029349950075,-0.0017398072462956327,0.0,0.00020646825669303775
2024-04-02,-0.00703279027494839,-0.003205309895912314,0.0002070634894900852,-0.008630239505354464,0.0002070634894900852,-0.0007386194727101071,0.0002070634894900852,-0.0052740427747040575,-0.0063579794037473825,0.0,0.0002070634894900852
2024-04-03,0.0010622786677752683,0.0016973366794704981,0.0002068650722503662,0.0022443852343563275,0.0002068650722503662,0.004038372135288496,0.0002068650722503662,0.0038087666972624334,0.0010983564317403882,0.0,0.0002068650722503662
2024-04-04,-0.01134556809392174,-0.007568061725559102,0.0002067460332598005,-0.015290725409027539,0.0002067460332598005,-0.011077155480257448,0.0002067460332598005,-0.012355468264384745,-0.012206035808460802,0.0,0.0002067460332598005
2024-04-05,0.011823219960260126,0.006888099332417957,0.00020646825669303775,0.011783798333746986,0.00020646825669303775,0.013114923049060662,0.00020646825669303775,0.011243011057420205,0.010446773366064699,0.0,0.00020646825669303775
2024-04-08,0.00036356326997712726,0.0007347859232253195,0.00020694445049951947,0.0002953107157286361,0.00020694445049951947,0.003422033640521368,0.00020694445049951947,0.00038452604647043476,0.0005592486287409049,0.0,0.00020694445049951947
2024-04-09,4.731272292929952e-05,0.0013706785102661422,0.00020726190672980415,0.0036995220915552185,0.00020726190672980415,0.002265510120637323,0.00020726190672980415,-0.00048154567590236175,0.0011568788957971865,0.0,0.00020726190672980415
2024-04-10,-0.006221626590604611,-0.0062859972235172245,0.00020714284881712897,-0.008728556328776671,0.00020714284881712897,-0.015533314575920958,0.00020714284881712897,-0.010902040571362903,-0.010013044315522523,0.0,0.00020714284881712897
2024-04-11,0.01604481848671725,0.007243083413202313,0.00020805555676657055,0.015968225348202747,0.00020805555676657055,0.01364945859284113,0.00020805555676657055,0.005699724892642505,0.007546903226827606,0.0,0.00020805555676657055
2024-04-12,-0.012441603406409069,-0.00851836852518441,0.00020785713952685162,-0.01594183148271866,0.00020785713952685162,-0.014328083808452297,0.00020785713952685162,-0.014160195283491495,-0.013803095003119714,0.0,0.00020785713952685162
2024-04-15,-0.016288821474327104,-0.008361262591496188,0.00020753968329656692,-0.016451027837384502,0.00020753968329656692,-0.015208407285583737,0.00020753968329656692,-0.010950785716287353,-0.01252821819673533,0.0,0.00020753968329656692
2024-04-16,-0.0015492185048134647,-0.0004524689516653853,0.00020785713952685162,9.274356554755947e-05,0.00020785713952685162,-0.0008362955159214954,0.00020785713952685162,-0.002809906814866786,-0.001823645393647988,0.0,0.00020785713952685162
2024-04-17,-0.010042240480428805,-0.005149742573498265,0.00020765872228713263,-0.012201210345492597,0.00020765872228713263,-0.008495911149798935,0.00020765872228713263,-0.004486721230127666,-0.005918270351811028,0.0,0.00020765872228713263
2024-04-18,-0.0029998642639056153,-0.0020562807603998635,0.00020793649885389538,-0.005706448343261061,0.00020793649885389538,-0.001449574474470324,0.00020793649885389538,-0.0032548202446572856,-0.0020577312143444937,0.0,0.00020793649885389538
2024-04-19,-0.01511205810478963,-0.007612829126949382,0.00020805555676657055,-0.020689200413078646,0.00020805555676657055,-0.008762033419055681,0.00020805555676657055,-0.005392094429207517,-0.008728434984663358,0.0,0.00020805555676657055
2024-04-22,0.009230253079522709,0.003750910018292263,0.00020813491609361436,0.010056951337353848,0.00020813491609361436,-0.0018121263398822212,0.00020813491609361436,0.007501602730815959,0.009209160188321519,0.0,0.00020813491609361436
2024-04-23,0.015026333598685403,0.008022805446226116,0.00020813491609361436,0.014922563428535263,0.00020813491609361436,0.013844203191522167,0.00020813491609361436,0.012578939306149672,0.011866617760247777,0.0,0.00020813491609361436
2024-04-24,0.004180844886954262,0.0007250196839424898,0.00020813491609361436,0.0033877817568808144,0.00020813491609361436,-0.0005229186101202896,0.00020813491609361436,-0.0007554234422019468,-0.00047452623026533747,0.0,0.00020813491609361436
2024-04-25,-0.0035920893086736605,-0.003174610759975558,0.0002085317505730523,-0.0048297478366210456,0.0002085317505730523,-0.004899698738366523,0.0002085317505730523,-0.010150756287215568,-0.0037988824037333835,0.0,0.0002085317505730523
2024-04-26,0.0086588728460676,0.007335489327141217,0.00020813491609361436,0.015431583233688206,0.00020813491609361436,0.011491238527732373,0.00020813491609361436,0.009757267378464024,0.00947382871976643,0.0,0.00020813491609361436
2024-04-29,0.00010091867667065812,0.0014745095628702636,0.00020785713952685162,0.004060337475738418,0.00020785713952685162,0.001190166992678599,0.00020785713952685162,-0.0005225704081137927,0.003541381539986954,0.0,0.00020785713952685162
2024-04-30,-0.012712423718679203,-0.010175783585114603,0.00020805555676657055,-0.018856231434416282,0.00020805555676657055,-0.018211484213295843,0.00020805555676657055,-0.016095354733970557,-0.015841142360909832,0.0,0.00020805555676657055
2024-05-01,-0.005765965019336116,-0.0021408599989731856,0.00020813491609361436,-0.007230486127344005,0.00020813491609361436,-0.00047186617810990317,0.00020813491609361436,-0.0008655753321808457,-0.0032472647324405246,0.0,0.00020813491609361436
2024-05-02,0.005222713538502141,0.005371402459884201,0.00020833333333333332,0.012763331176331105,0.00020833333333333332,0.007551900844675792,0.00020833333333333332,0.002785631940771805,0.009353506822527224,0.0,0.00020833333333333332
2024-05-03,0.010159903700350218,0.00784521594535246,0.00020785713952685162,0.020098395596127805,0.00020785713952685162,0.007167180464717573,0.00020785713952685162,0.0074834219473630115,0.012395256153737932,0.0,0.00020785713952685162
2024-05-06,0.008496912880473231,0.006254392237924679,0.0002077381005362859,0.010953363820955575,0.0002077381005362859,0.01073586922883596,0.0002077381005362859,0.010636310192163934,0.010326999952929405,0.0,0.0002077381005362859
2024-05-07,-0.00020093223372318774,0.0005061372002114023,0.00020793649885389538,0.00015907131008807696,0.00020793649885389538,-0.0010825782717863342,0.00020793649885389538,0.004784197740830776,0.001103426363289861,0.0,0.00020793649885389538
2024-05-08,0.0010347748465416944,-0.0005694327237617688,0.00020805555676657055,-0.0005905416987742607,0.00020805555676657055,-0.00288344882021115,0.00020805555676657055,-0.0006413390617404369,9.647832251169497e-05,0.0,0.00020805555676657055
2024-05-09,0.0018805879475626431,0.0034737006051994584,0.00020813491609361436,0.002181517671353994,0.00020813491609361436,0.010582571515871386,0.00020813491609361436,0.008411401904010352,0.005762018957983894,0.0,0.00020813491609361436
2024-05-10,0.0016665087956876106,0.0009234253716066353,0.00020793649885389538,0.002358277432501943,0.00020793649885389538,0.0006237651468504004,0.00020793649885389538,0.0007610847758167398,0.0012880453565919936,0.0,0.00020793649885389538
2024-05-13,0.0001501029305316597,-4.652211002088146e-05,0.00020805555676657055,0.0023073362998786706,0.00020805555676657055,-0.0029877660926215612,0.00020805555676657055,-0.0025287120700497323,0.00013415839944697083,0.0,0.00020805555676657055
2024-05-14,0.005651838205312077,0.003490012706239738,0.00020793649885389538,0.0064323270735529015,0.00020793649885389538,0.007801650850796907,0.00020793649885389538,0.002999786252612685,0.004588337637909223,0.0,0.00020793649885389538
2024-05-15,0.011181732865208672,0.007670292557595328,0.0002077381005362859,0.015630254338224292,0.0002077381005362859,0.012564646499563162,0.0002077381005362859,0.008817999110785457,0.012382896058025894,0.0,0.0002077381005362859
2024-05-16,-0.0022711837321803562,-0.0015058242661266559,0.00020793649885389538,-0.0020313987507539766,0.00020793649885389538,-0.004386796480328617,0.00020793649885389538,-0.0025323747745449043,-0.0020572932141585953,0.0,0.00020793649885389538
2024-05-17,0.0002947538066680059,0.001261448344942627,0.00020805555676657055,-0.000486856216111331,0.00020805555676657055,0.006218916876876923,0.00020805555676657055,0.0027489076144910918,0.0014375473338756883,0.0,0.00020805555676657055
2024-05-20,0.002029715106638772,0.0020042865197773354,0.00020793649885389538,0.0069728882617274834,0.00020793649885389538,0.0024621036678415345,0.00020793649885389538,-0.0026222652258460766,0.001151947528351016,0.0,0.00020793649885389538
2024-05-21,0.0018207578896567522,0.001013077394193369,0.00020793649885389538,0.001956359268687091,0.00020793649885389538,8.053989465757862e-06,0.00020793649885389538,0.002712529184807938,0.0024526293065789684,0.0,0.00020793649885389538
2024-05-22,-0.002622660045309115,-0.002059914665647984,0.00020793649885389538,-0.00019746533469255922,0.00020793649885389538,-0.00990028832420749,0.00020793649885389538,-0.003771344939213217,-0.0028793326873322034,0.0,0.00020793649885389538
2024-05-23,-0.001373260616640947,-0.004463668653754871,0.00020813491609361436,-0.004498430922706187,0.00020813491609361436,-0.010071037058153782,0.00020813491609361436,-0.01348219916769794,-0.007304390604211841,0.0,0.00020813491609361436
2024-05-24,0.006364326080856958,0.004437673467162588,0.00020813491609361436,0.0094563239068155,0.00020813491609361436,0.005000044660596226,0.00020813491609361436,0.007596897084742649,0.006616696468861205,0.0,0.00020813491609361436
2024-05-28,0.004143781447050477,0.0013801964520513458,0.00020813491609361436,0.0037777749571208386,0.00020813491609361436,0.0049965513749879635,0.00020813491609361436,-0.004337768115933505,0.0006987062718115666,0.0,0.00020813491609361436
2024-05-29,-0.004103297269822,-0.004250682249568485,0.0002082539740062895,-0.007048345908791331,0.0002082539740062895,-0.0077848942316101795,0.0002082539740062895,-0.008633548258320023,-0.007002524711322233,0.0,0.0002082539740062895
2024-05-30,-0.0059575134970703564,-0.004061296939371253,0.00020833333333333332,-0.010713476716183057,0.00020833333333333332,-0.005150154572112394,0.00020833333333333332,-0.0018058187812443893,-0.006633747062900319,0.0,0.00020833333333333332
2024-05-31,0.0011105291722121862,0.0014675730673154807,0.0002082539740062895,-0.0018602651124286496,0.0002082539740062895,0.0004611822226328428,0.0002082539740062895,0.011126805139803464,0.009107986086604347,0.0,0.0002082539740062895
2024-06-03,0.0023260929343526973,0.0011794577326854508,0.00020813491609361436,0.005369480370787105,0.00020813491609361436,0.005034285901317344,0.00020813491609361436,-0.010468688553987082,0.0008155968327914209,0.0,0.00020813491609361436
2024-06-04,0.0012381408475533415,0.0005521094980316264,0.00020805555676657055,0.002736451922332961,0.00020805555676657055,-0.001707639536649097,0.00020805555676657055,-0.00027302305681525764,0.0011176893023752132,0.0,0.00020805555676657055
2024-06-05,0.010661007036417217,0.008982881125969405,0.00020793649885389538,0.020159737847671,0.00020793649885389538,0.014630220669357891,0.00020793649885389538,0.007894351295891805,0.011885320959083678,0.0,0.00020793649885389538
2024-06-06,-0.003659723998815154,-8.454758016486952e-06,0.00020793649885389538,-0.0003451211482622396,0.00020793649885389538,0.0023424771358006393,0.00020793649885389538,-0.003397150991542336,-1.8804057257404416e-05,0.0,0.00020793649885389538
2024-06-07,-0.0009881722653149524,-0.002281175754020341,0.00020765872228713263,-0.0008847866933419102,0.00020765872228713263,-0.012594636938862497,0.00020765872228713263,-0.0014708592289011664,-0.0012158226894491975,0.0,0.00020765872228713263
2024-06-10,-0.0005067349467864824,0.0020841771933216542,0.00020785713952685162,0.004039095187647002,0.00020785713952685162,0.005432435725667576,0.00020785713952685162,-0.0003976784739726509,0.003090030861477411,0.0,0.00020785713952685162
2024-06-11,0.006746084245236951,0.002596353658885874,0.00020765872228713263,0.006862831569384387,0.00020765872228713263,0.004042631926453562,0.00020765872228713263,0.0002612787278491184,0.0024084536005801738,0.0,0.00020765872228713263
2024-06-12,0.009764890235484847,0.005468673578043744,0.00020813491609361436,0.01309765828324494,0.00020813491609361436,0.00799064422952537,0.00020813491609361436,0.003120769455365907,0.008212554393822513,0.0,0.00020813491609361436
2024-06-13,0.0006943036295035789,0.0015586867499805188,0.00020805555676657055,0.005420168360393163,0.00020805555676657055,-0.00023874315050198547,0.00020805555676657055,0.00020806738528655888,0.0020137511730631275,0.0,0.00020805555676657055
2024-06-14,0.004044410058620049,0.002379881407436375,0.00020793649885389538,0.005181329339672969,0.00020793649885389538,0.006249793847470079,0.00020793649885389538,0.0003386266080891709,0.000608506299482503,0.0,0.00020793649885389538
2024-06-17,0.012295646641219023,0.004921657325372029,0.00020793649885389538,0.01224983990205386,0.00020793649885389538,0.005005660395112964,0.00020793649885389538,0.004438594136498497,0.007958793530856711,0.0,0.00020793649885389538
2024-06-18,-0.0020909282251235883,0.0007311638070582813,0.00020805555676657055,0.00030921374739723007,0.00020805555676657055,0.0022856942924083987,0.00020805555676657055,0.0005284337307552844,0.0025405972976406677,0.0,0.00020805555676657055
2024-06-20,-0.004012055399655975,-0.001784004063193668,0.0002077381005362859,-0.007708072654939557,0.0002077381005362859,0.0006865766743483861,0.0002077381005362859,0.0017625360285005165,-0.0027165451484717495,0.0,0.0002077381005362859
2024-06-21,-0.002428251786983717,-0.001802632268793089,0.00020734126605684796,-0.0026791565537390705,0.00020734126605684796,-0.006504333373708888,0.00020734126605684796,-0.0012403362646535576,-0.0013406054574014448,0.0,0.00020734126605684796
2024-06-24,-0.008752283071710725,-0.0035001403064352597,0.00020694445049951947,-0.011384743867570268,0.00020694445049951947,-0.0035592357706332543,0.00020694445049951947,0.0005646381690124769,-0.003250529830150617,0.0,0.00020694445049951947
2024-06-25,0.008387172260139965,0.004046219824502834,0.0002067460332598005,0.011435737018495207,0.0002067460332598005,0.0034414506723565346,0.0002067460332598005,0.0031506156113141337,0.003850852627796053,0.0,0.0002067460332598005
2024-06-26,0.005057304387183791,9.328009997723487e-05,0.00020726190672980415,0.0020650887059565637,0.00020726190672980415,-0.001971719215601982,0.00020726190672980415,-0.002881884457869438,0.001247921759041981,0.0,0.00020726190672980415
2024-06-27,0.007215367523014374,0.0017066077353824936,0.00020753968329656692,0.0025812303228340827,0.00020753968329656692,0.005164837911587024,0.00020753968329656692,0.001008972340184378,0.001576357824614627,0.0,0.00020753968329656692
2024-06-28,-0.0029811700538394633,-0.0021231712472546886,0.00020726190672980415,-0.005190896608889828,0.00020726190672980415,-0.0030110044816819004,0.00020726190672980415,-0.0014602454385105323,-0.003935093314881066,0.0,0.00020726190672980415
2024-07-01,0.00465215525770312,0.0020841786661220875,0.0002068650722503662,0.005865132304225362,0.0002068650722503662,0.0035093025970991394,0.0002068650722503662,-0.0013009488190861285,0.0020581857857082664,0.0,0.0002068650722503662
2024-07-02,0.0037801070484348694,0.0046259772815699296,0.0002070634894900852,0.010499702300787339,0.0002070634894900852,0.005727739342808606,0.0002070634894900852,0.005698489455027045,0.006729949671530955,0.0,0.0002070634894900852
2024-07-03,0.007065191572692299,0.004067723614919322,0.0002074603239695231,0.008337142027636801,0.0002074603239695231,0.008024225694176415,0.0002074603239695231,0.0037768954803907295,0.0044625346740598815,0.0,0.0002074603239695231
2024-07-05,0.0044309321333498766,0.004755437244574124,0.00020753968329656692,0.010426841147680443,0.00020753968329656692,0.009893301329722288,0.00020753968329656692,0.0016481150231759112,0.005766264784089259,0.0,0.00020753968329656692
2024-07-08,0.001510658370235587,3.1821227524106034e-05,0.00020734126605684796,0.002378071273574589,0.00020734126605684796,-0.0029565835611501017,0.00020734126605684796,-0.0027316391090018988,0.001154252569795844,0.0,0.00020734126605684796
2024-07-09,0.0011908168993220384,0.0005629477396605301,0.0002070634894900852,0.0008647555684466735,0.0002070634894900852,0.0011776110049856272,0.0002070634894900852,0.00029896805049142716,0.0009723301022346309,0.0,0.0002070634894900852
2024-07-10,0.006655968875339928,0.005400514504956682,0.00020734126605684796,0.01042652012177725,0.00020734126605684796,0.007994085119897926,0.00020734126605684796,0.007852308606345004,0.00989539912566273,0.0,0.00020734126605684796
2024-07-11,-0.01183249653666819,-0.007003181195016432,0.00020734126605684796,-0.021930134403373658,0.00020734126605684796,-0.004273168383739219,0.00020734126605684796,-0.0030035018391489916,-0.008622774188876137,0.0,0.00020734126605684796
2024-07-12,0.0032967707715943,0.002976517185744618,0.0002062698394533188,0.005874748096439397,0.0002062698394533188,0.0038518026417911906,0.0002062698394533188,0.0038994031061498347,0.006307756759050376,0.0,0.0002062698394533188
2024-07-15,0.0005619222188779347,0.0012846024898779734,0.0002062698394533188,0.002687768882944308,0.0002062698394533188,0.0028882801379210843,0.0002062698394533188,-0.0009386632664020456,0.002749958363621463,0.0,0.0002062698394533188
2024-07-16,-0.001473149981495544,0.0022082444973807284,0.0002060714222135998,0.00038289329328855537,0.0002060714222135998,0.008746306579951863,0.0002060714222135998,0.002888348588625439,0.0059302282131179496,0.0,0.0002060714222135998
2024-07-17,-0.0185774909936015,-0.011810303001155775,0.0002060714222135998,-0.029354759521664886,0.0002060714222135998,-0.016006400214423195,0.0002060714222135998,-0.010860336969089335,-0.014021234718487485,0.0,0.0002060714222135998
2024-07-18,-0.0023008126110659072,-0.00408909382323269,0.00020615080046275307,-0.004732568457215591,0.00020615080046275307,-0.01180448800779854,0.00020615080046275307,-0.006259236558186664,-0.007684718161209858,0.0,0.00020615080046275307
2024-07-19,-0.005050589820990131,-0.005140461580062616,0.0002060714222135998,-0.008863700700143307,0.0002060714222135998,-0.011814151032197294,0.0002060714222135998,-0.00721317721646092,-0.006640923210273653,0.0,0.0002060714222135998
2024-07-22,0.009884930689271015,0.006238510572252064,0.0002060714222135998,0.014897823968821111,0.0002060714222135998,0.008507895008878755,0.0002060714222135998,0.003976374605688754,0.01031012874568904,0.0,0.0002060714222135998
2024-07-23,-0.0016432924626411938,-0.0013169155171922733,0.00020595238322303409,-0.0035246901759510285,0.00020595238322303409,-0.0005255254319313691,0.00020595238322303409,-0.0030620651323302046,-0.0015685622630570162,0.0,0.00020595238322303409
2024-07-24,-0.02290984608757045,-0.015335800876207327,0.00020527777217683337,-0.03587024988501397,0.00020527777217683337,-0.020679027997169842,0.00020527777217683337,-0.016334133586349248,-0.022662481636012033,0.0,0.00020527777217683337
2024-07-25,-0.006812120907105991,-0.003850925544034532,0.00020515873318626766,-0.011027654942202592,0.00020515873318626766,-0.003456512124863308,0.00020515873318626766,-0.002514315212269663,-0.005210400757506117,0.0,0.00020515873318626766
2024-07-26,0.004968688719491809,0.006476960118856316,0.0002047618987068297,0.010255991924163377,0.0002047618987068297,0.012760701535322234,0.0002047618987068297,0.010923423198955451,0.011199559607224963,0.0,0.0002047618987068297
2024-07-29,0.00012990278204548663,-0.00012593364979186783,0.00020456350038922024,0.0020087313067502777,0.00020456350038922024,-0.0039740832503351396,0.00020456350038922024,-0.001425868367107341,0.0005879961354009478,0.0,0.00020456350038922024
2024-07-30,-0.0070809442502080995,-0.0025869283954008996,0.0002042460252368261,-0.013731419918427745,0.0002042460252368261,0.002902443895179796,0.0002042460252368261,0.007241753161470549,-0.0050666036589327446,0.0,0.0002042460252368261
2024-07-31,0.022422512256925205,0.011318098495810173,0.0002037698503524538,0.02959362339378968,0.0002037698503524538,0.013387048290498896,0.0002037698503524538,0.006263203059806377,0.016254531952569762,0.0,0.0002037698503524538
2024-08-01,-0.014900406290289407,-0.010224713748395002,0.0002037698503524538,-0.024221363720392408,0.0002037698503524538,-0.016708073905937017,0.0002037698503524538,-0.006673196041775659,-0.01416089772791107,0.0,0.0002037698503524538
2024-08-02,-0.02084730936302637,-0.011136116994860792,0.00020297618139357795,-0.0237349802398219,0.00020297618139357795,-0.018630270526690307,0.00020297618139357795,-0.0107743099834956,-0.018618234886734975,0.0,0.00020297618139357795
2024-08-05,-0.033779194235941584,-0.024749798942107236,0.00019960318292890276,-0.029816095338201842,0.00019960318292890276,-0.012841539292050045,0.00019960318292890276,-0.02482986752128602,-0.029123782982947266,-0.21534289544703022,0.00019960318292890276
2024-08-06,0.010825761985192946,0.002098204676112481,0.00020079364852299765,0.009554969079544895,0.00020079364852299765,-0.013755583703410602,0.00020079364852299765,0.01066093200816931,0.009219317668679228,-0.001,0.00020079364852299765
2024-08-07,-0.00515999231823952,-0.003239873581795594,0.00020158729855976408,-0.010829735911233151,0.00020158729855976408,-0.0054678038027666425,0.00020158729855976408,-0.0035334738446528846,-0.006683909596792437,0.02153711397240976,0.00020158729855976408
2024-08-08,0.02661608145117096,0.013853075240717883,0.00020158729855976408,0.030591076731064204,0.00020158729855976408,0.010884659905220473,0.00020158729855976408,0.008191830322959615,0.023117404878171266,0.03908205603956061,0.00020158729855976408
2024-08-09,0.011797811227345639,0.005856053880138824,0.00020170635647243925,0.005222236475819875,0.00020170635647243925,0.003454406147629301,0.00020170635647243925,0.0035594071550120177,0.0044095475592684785,0.06560244981479157,0.00020170635647243925
2024-08-12,0.0019398209838657867,0.0013282216757167322,0.00020138888132004512,0.002153570360862611,0.00020138888132004512,0.006435342375753865,0.00020138888132004512,-0.004547713304643597,0.0005255346745356437,0.003488651451663438,0.00020138888132004512
2024-08-13,0.015028019420682747,0.011286471354537439,0.0002013095219930013,0.024812755726341562,0.0002013095219930013,0.007282853735869529,0.0002013095219930013,0.007594871581930673,0.01644569275588248,0.03865029306079282,0.0002013095219930013
2024-08-14,0.004398691466285198,4.266613454397623e-05,0.00020051587195623488,0.0003244601728809027,0.00020051587195623488,-0.002225550200601074,0.00020051587195623488,0.00043617927317601835,0.0031546404761404467,-0.001,0.00020051587195623488
2024-08-15,0.013769135149683667,0.008542442278453933,0.00020091270643567282,0.025263059722402392,0.00020091270643567282,0.003402890355603224,0.00020091270643567282,0.0036543918666290813,0.017140106376777986,0.0,0.00020091270643567282
2024-08-16,0.0012171452747022984,0.0021028996408986225,0.00020158729855976408,0.0012857519231459502,0.00020158729855976408,0.007971871915412636,0.00020158729855976408,0.0035200560353060573,0.002242125296502806,0.0,0.00020158729855976408
2024-08-19,0.008581592526319723,0.005804508782049365,0.00020138888132004512,0.013136040156486173,0.00020138888132004512,0.007019820826800896,0.00020138888132004512,0.006849658596802866,0.00956144497064515,0.0,0.00020138888132004512
2024-08-20,-0.002223016917351053,-0.0007103966836470991,0.00020091270643567282,-0.002098607349076853,0.00020091270643567282,-1.8229202625434258e-05,0.00020091270643567282,-0.001263519176851885,-0.0016260690385396792,0.0,0.00020091270643567282
2024-08-21,0.0025930442078739807,0.0023127029495220866,0.00019972222191946848,0.0046639521556670616,0.00019972222191946848,0.002255602341743934,0.00019972222191946848,0.004857293822788045,0.0034364727325479905,0.0,0.00019972222191946848
2024-08-22,-0.007739425246139023,-0.0063730290713996844,0.0001986111156524174,-0.015854710831563645,0.0001986111156524174,-0.011892724632426003,0.0001986111156524174,-0.0010135739204850114,-0.00784845185577876,0.0,0.0001986111156524174
2024-08-23,0.007637972973554429,0.006204592038497243,0.0001994047656891838,0.010845403591605463,0.0001994047656891838,0.0122921211307175,0.0001994047656891838,0.007877182968830165,0.010625308336750017,0.0,0.0001994047656891838
2024-08-26,-0.0026628187707889743,-0.002497511348448561,0.0001984126984126984,-0.009708218372948774,0.0001984126984126984,-0.0025446306316037797,0.0001984126984126984,0.00425515299470397,-0.0023834878256709935,0.0,0.0001984126984126984
2024-08-27,0.0014280895923602403,0.0011222956284229887,0.0001983333390856546,0.002987354010931975,0.0001983333390856546,0.0018198824119960801,0.0001983333390856546,-0.0006494313737927804,0.00137279421422698,0.0,0.0001983333390856546
2024-08-28,-0.005745113691172417,-0.0047274104798531325,0.00019714285456945026,-0.01134746528835795,0.00019714285456945026,-0.008726550604162237,0.00019714285456945026,-0.0021023367862397224,-0.005805324216672125,0.0,0.00019714285456945026
2024-08-29,-0.0016653094280700037,-2.2803248739925323e-05,0.00019662698109944662,-0.0014638821208136088,0.00019662698109944662,0.0012433352079345527,0.00019662698109944662,0.0008604029439280574,8.96391603089075e-05,0.0,0.00019662698109944662
2024-08-30,0.007185956306919147,0.005244168336089085,0.00019702381557888457,0.01191934982120979,0.00019702381557888457,0.004113074825564888,0.00019702381557888457,0.00867395679010008,0.009545883171716785,0.0,0.00019702381557888457
2024-09-03,-0.01465276484110467,-0.011821463319736866,0.00019714285456945026,-0.03036082820689967,0.00019714285456945026,-0.018421140939012405,0.00019714285456945026,0.00011269796768598184,-0.020579018022183426,0.0,0.00019714285456945026
2024-09-04,-0.0029229076391738508,-0.0004907270223305078,0.00019722221389649407,-0.0025984714252702545,0.00019722221389649407,0.003150321466920995,0.00019722221389649407,0.004154554819090384,-0.0020468085058105157,-0.012793988990814076,0.00019722221389649407
2024-09-05,0.0009320477444820503,0.0013743399018890912,0.00019634920453268385,0.0009334447462099327,0.00019634920453268385,0.0038521346259071296,0.00019634920453268385,-0.00501248341378191,-0.002432081511849038,0.023659989694885697,0.00019634920453268385
2024-09-06,-0.015618367934106687,-0.009818427509639216,0.00019571429207211448,-0.026787204074401272,0.00019571429207211448,-0.008111089535564792,0.00019571429207211448,-0.006563072145267607,-0.016830173214678057,-0.001,0.00019571429207211448
2024-09-09,0.006045560705566083,0.007140072167837323,0.00019476190445915102,0.01285956726197024,0.00019476190445915102,0.0026494377326756378,0.00019476190445915102,0.011168845155210272,0.011196236972005114,0.030157295701455644,0.00019476190445915102
2024-09-10,0.005665383465195327,0.003730942640621124,0.00019424603098914736,0.009241841208815549,0.00019424603098914736,0.0052229433510376415,0.00019424603098914736,0.0029723130469225534,0.004355727613304827,-0.001,0.00019424603098914736
2024-09-11,0.01299531612501039,0.0057658730956339195,0.00019186508087884813,0.02171544080872234,0.00019186508087884813,-0.0010308970679911618,0.00019186508087884813,-0.003401241433401786,0.010258872609420822,0.0,0.00019186508087884813
2024-09-12,0.006644042967765884,0.004022518714353052,0.00019345238095238096,0.009816045568300513,0.00019345238095238096,0.0037590609171371057,0.00019345238095238096,0.0031001528325004246,0.008423478368637216,0.0,0.00019345238095238096
2024-09-13,0.0034660793949041753,0.0030756063214110027,0.00019206349811856709,0.004479970274435585,0.00019206349811856709,0.005287462302204486,0.00019206349811856709,0.007083922691931643,0.005222420018529794,0.0,0.00019206349811856709
2024-09-16,-0.0018190529701233298,0.0001405832882912773,0.00018900793696206714,-0.004418036812254278,0.00018900793696206714,0.003518546126194177,0.00018900793696206714,0.005451142271416853,0.0014769168769515062,0.0,0.00018900793696206714
2024-09-17,-0.0012843578275731375,-0.0006455951449187158,0.00018829364625234452,0.0005284336576689697,0.00018829364625234452,-0.0033193216164516164,0.00018829364625234452,-0.003716567791995917,0.0004087470306581853,0.0,0.00018829364625234452
2024-09-18,-0.002155553905129517,-0.002832337774103029,0.00018789683069501603,-0.004329550453169184,0.00018789683069501603,-0.007690715920864491,0.00018789683069501603,-0.004349706239355239,-0.0029658482496188743,0.0,0.00018789683069501603
2024-09-19,0.012146418467872417,0.009046397192622992,0.00018313491155230808,0.025284141041998387,0.00018313491155230808,0.009763841486767158,0.00018313491155230808,-0.000785600345642179,0.01706435863224054,0.0,0.00018313491155230808
2024-09-20,0.00042912623349122136,0.0005276824955939922,0.00018226190218849787,-0.0019033669727032132,0.00018226190218849787,0.0023595951996744735,0.00018226190218849787,0.007199879027439016,-0.0017285074951538526,0.0,0.00018226190218849787
2024-09-23,0.0026410970265873576,0.0015638568910988726,0.00018035714588468036,0.0026507145174834434,0.00018035714588468036,0.00010514659502932299,0.00018035714588468036,0.006393767366207309,0.0024988461792048167,0.0,0.00018035714588468036
2024-09-24,0.004068308356212413,0.002392698337427333,0.0001786904675619943,0.004823715120904071,0.0001786904675619943,0.006551382295144329,0.0001786904675619943,-0.0006861406079301242,0.0028613582902003998,0.0,0.0001786904675619943
2024-09-25,0.0006300104639704578,-0.0008095603570159606,0.00017837301133170959,0.0009270731854322811,0.00017837301133170959,-0.005376609169473429,0.00017837301133170959,-0.0012739778175571703,-0.002205476331734735,0.0,0.00017837301133170959
2024-09-26,-0.0016451471273745933,0.0027078132683122885,0.00017805555510142494,0.007513016623002855,0.00017805555510142494,0.004854822530730921,0.00017805555510142494,-0.002538748401356594,0.003964566902395106,0.0,0.00017805555510142494
2024-09-27,-0.003614254742354857,-0.0019468184270581839,0.00017730158472818041,-0.00555703486756598,0.00017730158472818041,-0.00580667771522921,0.00017730158472818041,0.0036459074781858836,-0.001450290876500726,0.0,0.00017730158472818041
2024-09-30,0.00290988965885058,0.0001940682458747298,0.00017785713786170598,0.0027119668529784757,0.00017785713786170598,-0.00736100910871921,0.00017785713786170598,0.002618757792683557,0.004007313998194428,0.0,0.00017785713786170598
2024-10-01,-0.00706483798356178,-0.0049523778835827495,0.00017849206924438476,-0.013932562184998054,0.00017849206924438476,-0.004800023221713393,0.00017849206924438476,-0.001353370111231822,-0.00895875687276626,0.0,0.00017849206924438476
2024-10-02,0.0034633940331437302,0.0003155173356501874,0.00017785713786170598,0.0014129933643116654,0.00017785713786170598,0.002492517559770018,0.00017785713786170598,-0.005010886976445833,0.000422353179283963,0.0,0.00017785713786170598
2024-10-03,0.0017143115332076515,-0.002051373724799304,0.00017750000196789937,-0.0007469471302403718,0.00017750000196789937,-0.007334077734465261,0.00017750000196789937,-0.006850882765773031,-0.0018283267484224819,0.0,0.00017750000196789937
2024-10-04,0.007493484032101386,0.005683069882925331,0.0001771825457376147,0.011897998211312544,0.0001771825457376147,0.004776918012456129,0.0001771825457376147,0.003009906338567736,0.009087447006388194,0.019037982830563238,0.0001771825457376147
2024-10-07,-0.005352876223842625,-0.005524277286649851,0.00017876984581114753,-0.010711511891129954,0.00017876984581114753,-0.004482940892258831,0.00017876984581114753,-0.015040139969280636,-0.009040591773187945,-0.001,0.00017876984581114753
2024-10-08,0.00971752299343869,0.005841120575515403,0.00017956349584791396,0.014934677172507849,0.00017956349584791396,-0.00010405652921071165,0.00017956349584791396,0.004754533480568812,0.009457613071693016,0.01759854594371235,0.00017956349584791396
2024-10-09,0.008096627253655612,0.003890994899686369,0.00017968253483847965,0.007868270246237818,0.00017968253483847965,0.003127464606465772,0.00017968253483847965,0.0020812642876545384,0.006926579068067484,0.013375819289280555,0.00017968253483847965
2024-10-10,-0.0018234773597060655,-0.0011495881200011206,0.00017996031140524242,-0.0011356057115959883,0.00017996031140524242,-0.00030887035484254233,0.00017996031140524242,-0.0046374768551919465,-0.0017500545573422288,-0.005656829255251683,0.00017996031140524242
2024-10-11,0.0026842814428273474,0.002289112189536029,0.00017976191308763294,0.00156313137681785,0.00017976191308763294,0.004906835921406097,0.00017976191308763294,0.0041246963257570435,0.005988038230320569,0.004846176710348482,0.00017976191308763294
2024-10-14,0.006886827809441869,0.005218306224110884,0.00017916666136847602,0.008391545821562874,0.00017916666136847602,0.004157232852166884,0.00017916666136847602,0.009235521632972699,0.008178617533406207,0.018033143952952857,0.00017916666136847602
2024-10-15,-0.012352537255063611,-0.006102840570483681,0.0001792857192811512,-0.013366778317245642,0.0001792857192811512,-0.014120841252684868,0.0001792857192811512,-0.0006854717421821144,-0.007769873170902719,-0.001,0.0001792857192811512
2024-10-16,0.003041297569716848,0.002091824557929704,0.00017916666136847602,0.00012221299728309987,0.00017916666136847602,0.002490050566176165,0.00017916666136847602,0.010814242815734898,0.004346329492163958,0.004442711305039261,0.00017916666136847602
2024-10-17,0.00043144705188489715,-0.0004939412153502456,0.0001786904675619943,0.0006924975538409317,0.0001786904675619943,-0.0013185871557783346,0.0001786904675619943,-0.004838102382330678,8.611074442255173e-05,-0.001,0.0001786904675619943
2024-10-18,0.0029626771518035896,0.002867655378825017,0.00017916666136847602,0.006554658592366369,0.00017916666136847602,0.0034619623287197965,0.00017916666136847602,0.0036299157353651417,0.003846341905922479,0.0,0.00017916666136847602
2024-10-21,0.0006341443568296973,-0.00037491288584193505,0.0001790873020414322,0.0019212679146325407,0.0001790873020414322,-0.0006399752550690172,0.0001790873020414322,-0.006942725192008975,-0.0016421924026971402,0.0,0.0001790873020414322
2024-10-22,0.001454937639796862,0.0007359073006883281,0.0001792857192811512,0.0010900820700694425,0.0001792857192811512,0.0037821349485948805,0.0001792857192811512,-0.0012237625393824447,-0.0005310008526185905,0.0,0.0001792857192811512
2024-10-23,-0.008010096281215566,-0.00617853037714091,0.00017857142857142857,-0.015323903245403336,0.00017857142857142857,-0.012170642202749288,0.00017857142857142857,0.001053161138400649,-0.009137467513379516,0.0,0.00017857142857142857
2024-10-24,0.0037465838250411872,0.0031353756037020234,0.00017876984581114753,0.00810888963134837,0.00017876984581114753,0.005988270730881151,0.00017876984581114753,-0.00010387354801782989,0.002162663215278915,0.0,0.00017876984581114753
2024-10-25,0.0009976891761559064,0.0012320048741444032,0.00017805555510142494,0.0060934688798353065,0.00017805555510142494,0.0026017184843791785,0.00017805555510142494,-0.007135912492987423,-0.0003452923277402764,0.0,0.00017805555510142494
2024-10-28,0.0015884701197186434,0.002213430714305122,0.0001789682630508665,0.00016150088906385918,0.0001789682630508665,0.0010974323609146037,0.0001789682630508665,0.005787089783707788,0.0030913421176221867,0.022794326304359847,0.0001789682630508665
2024-10-29,0.004340350724784124,0.0030604067877272245,0.00017785713786170598,0.009608591281305978,0.00017785713786170598,0.007373920943619217,0.00017785713786170598,-0.005770062276723137,0.0016183131163347575,-0.001,0.00017785713786170598
2024-10-30,-0.0038467369317364943,-0.0025666343816059343,0.00017777777853466217,-0.007557703731160159,0.00017777777853466217,-0.001692340252062367,0.00017777777853466217,-0.0025424457072861506,-0.003025208244022526,0.0,0.00017777777853466217
2024-10-31,-0.016765693294956148,-0.014570245139809262,0.00017710316748846146,-0.025242805269521718,0.00017710316748846146,-0.020113656191412106,0.00017710316748846146,-0.018531274671194475,-0.019602996340970624,-0.03953403460917049,0.00017710316748846146
2024-11-01,0.0013110436694501845,0.0023348223990638855,0.00017587302223084464,0.007399047142127246,0.00017587302223084464,0.0025057327103759075,0.00017587302223084464,-0.0068924094138536895,0.004220526866353769,0.008494868023189994,0.00017587302223084464
2024-11-04,0.0019072209337009105,8.069502231839538e-06,0.0001746031783875965,-0.0029131533970082613,0.0001746031783875965,-0.001213743725356172,0.0001746031783875965,-0.0013228445811878926,-0.0021539921792302907,0.023110144977448455,0.0001746031783875965
2024-11-05,0.013484505637173296,0.008099544407768182,0.0001753174690973191,0.01275680876051588,0.0001753174690973191,0.009034356758787979,0.0001753174690973191,0.012930349017098886,0.012091813620813241,0.025965792061870108,0.0001753174690973191
2024-11-06,0.018651501837883198,0.014623330770233037,0.00017551586741492862,0.027163230776013902,0.00017551586741492862,0.007213933009570517,0.00017551586741492862,0.022667629701106917,0.024865297272855802,0.05123460404618507,0.00017551586741492862
2024-11-07,0.007688773117404494,0.0054647338536193335,0.0001757936439816914,0.015744301135520056,0.0001757936439816914,0.005978527515356435,0.0001757936439816914,0.00044820070507217745,0.007732352501794493,-0.001,0.0001757936439816914
2024-11-08,0.00276467725353324,0.002044433456602893,0.0001753968284243629,0.0011684322208767028,0.0001753968284243629,0.004287110482972256,0.0001753968284243629,0.007273638984292924,0.004331879483608914,0.0,0.0001753968284243629
2024-11-11,0.00010388100765013612,0.001486932100736184,0.00017551586741492862,-0.0005836242261013647,0.00017551586741492862,0.005134548458359034,0.00017551586741492862,0.007341494144090632,0.0009528508958500659,0.0,0.00017551586741492862
2024-11-12,-0.0012638015867094214,-0.0023625477423954693,0.00017519841118464392,-0.0018099076802501335,0.00017519841118464392,-0.00748627124198901,0.00017519841118464392,-0.006110868932578173,-0.003106436352157016,0.0,0.00017519841118464392
2024-11-13,-0.0009829319771011528,-0.0003263255097968195,0.00017551586741492862,-0.0012867039529740332,0.00017551586741492862,-0.003565741379982889,0.00017551586741492862,0.00436732216118263,0.00048582416554676655,0.0,0.00017551586741492862
2024-11-14,-0.004016124121351988,-0.0041797851231628255,0.00017420634390815856,-0.006949715078832686,0.00017420634390815856,-0.008954360022343733,0.00017420634390815856,-0.006735484021821808,-0.006430280129214205,0.0,0.00017420634390815856
2024-11-15,-0.00913610188793358,-0.010006456059467426,0.0001739285673413958,-0.023825907360210397,0.0001739285673413958,-0.01718402467607701,0.0001739285673413958,-0.0056826029684964585,-0.012808560073861108,0.0,0.0001739285673413958
2024-11-18,0.003826694840810827,0.004029169786377772,0.0001743254018208337,0.006947604424823783,0.0001743254018208337,0.007695711921910319,0.0001743254018208337,0.00773954846334346,0.004097350532788813,0.0,0.0001743254018208337
2024-11-19,0.004577286842574135,0.003174249266523523,0.00017472221737816222,0.006879755173857305,0.00017472221737816222,0.006680235840608173,0.00017472221737816222,0.0012132581738650838,0.00365552745244746,0.0,0.00017472221737816222
2024-11-20,-0.000733925990991867,0.00023626608899072468,0.00017492063461788118,-0.000575982867586422,0.00017492063461788118,0.0024238621743307336,0.00017492063461788118,-0.0006557843909907879,0.00033882283447983497,0.0,0.00017492063461788118
2024-11-21,0.0044074370494778916,0.003268900411157128,0.00017499999394492496,0.003597204281944988,0.00017499999394492496,0.009635671558906248,0.00017499999394492496,0.00464762542851635,0.005368147546016111,0.0,0.00017499999394492496
2024-11-22,0.0009779063694440712,0.0031874343594567793,0.00017511905185760014,0.0016040761371194368,0.00017511905185760014,0.011487152702727153,0.00017511905185760014,0.007739648857131243,0.0030995178960133707,0.0,0.00017511905185760014
2024-11-25,-0.0009510330772088254,0.0010222911089086844,0.00017519841118464392,0.0015815165457080393,0.00017519841118464392,-0.003621316938433038,0.00017519841118464392,0.00858759540003684,0.0033921398614391585,0.0,0.00017519841118464392
2024-11-26,0.003268664975679731,0.002074043896367091,0.00017480159562731546,0.005369359321848677,0.00017480159562731546,-6.113717539798125e-05,0.00017480159562731546,0.0029245218257920036,0.005221492547420548,0.0,0.00017480159562731546
2024-11-27,-0.004585744799567253,-0.0020625139032917025,0.00017440476114787752,-0.00787351009474968,0.00017440476114787752,0.000188049682923223,0.00017440476114787752,0.0004823416381642691,-0.003030127243096703,0.0,0.00017440476114787752
2024-11-29,0.004704589251222236,0.0038406501024702733,0.00017400794559054903,0.008786908992322928,0.00017400794559054903,0.006218270514095181,0.00017400794559054903,0.0018871866190602327,0.006212147107364174,0.0,0.00017400794559054903
2024-12-02,-0.0015042473191581387,0.0015953279982157166,0.0001735317517840673,0.010887828617223594,0.0001735317517840673,-0.002486080659110638,0.0001735317517840673,-0.009445390096297968,0.001792321774351846,0.0,0.0001735317517840673
2024-12-03,0.0020514709979977384,6.604179113796132e-05,0.00017380952835083008,0.003066372422856567,0.00017380952835083008,-0.0015460405345142372,0.00017380952835083008,-0.005599225424231247,0.000463856150800801,0.0,0.00017380952835083008
2024-12-04,0.003664159877237053,0.004331210355951493,0.0001728968204013885,0.01236278187641271,0.0001728968204013885,0.00427535504491446,0.0001728968204013885,0.0007731368054990644,0.006209419772410518,0.0,0.0001728968204013885
2024-12-05,-0.001427081879301076,-0.0019269887864433175,0.00017242062659490677,-0.002770998282824677,0.00017242062659490677,-0.006902827262642204,0.00017242062659490677,-0.001314308412536463,-0.0016456131830735465,0.0,0.00017242062659490677
2024-12-06,0.004088901879622333,0.003414660959228359,0.0001718253937978593,0.008949421031712479,0.0001718253937978593,0.001945488888894712,0.0001718253937978593,0.00687464076462635,0.0018956671802545788,0.0,0.0001718253937978593
2024-12-09,-0.00809478768633093,-0.0036082597364654246,0.00017043651096404543,-0.007787296117617304,0.00017043651096404543,-8.406549828728549e-05,0.00017043651096404543,-0.013179963306925224,-0.005149618902517306,0.0,0.00017043651096404543
2024-12-10,-0.002189850858495845,-0.000770079260438495,0.00017035715163700164,-0.0034075611695705277,0.00017035715163700164,0.0019074965286233572,0.00017035715163700164,-0.0002649931652215494,-0.0031090694013231612,0.0,0.00017035715163700164
2024-12-11,0.007576831745522211,0.007033876739255774,0.00017003967648460754,0.017902073057360024,0.00017003967648460754,0.007261688928420199,0.00017003967648460754,0.008340420481604077,0.007730669235131105,0.0,0.00017003967648460754
2024-12-12,-0.0030874408634170413,-0.0038739821884928266,0.00016884921089051262,-0.006453357309461394,0.00016884921089051262,-0.010937407596785482,0.00016884921089051262,-0.0028845610052154746,-0.005152688195033672,0.0,0.00016884921089051262
2024-12-13,0.0012792262342881421,0.0006713719106425935,0.00016757936704726447,0.0076542071264866784,0.00016757936704726447,-0.006383509993795111,0.00016757936704726447,-0.0032422205987654995,-0.00019859475098160662,0.0,0.00016757936704726447
2024-12-16,0.008406620361710327,0.004864419418117402,0.00016738094980754548,0.014400740582953375,0.00016738094980754548,0.004187762392999117,0.00016738094980754548,0.002614122147245157,0.004270118533562961,0.0,0.00016738094980754548
2024-12-17,-0.003846112688760151,-0.0028374030251066924,0.00016777778428698342,-0.00440403879788287,0.00016777778428698342,-0.0072302964228547015,0.00016777778428698342,-0.003973741068539427,-0.00412003380329462,0.0,0.00016777778428698342
2024-12-18,-0.020653470238632024,-0.01974335271080264,0.00016825395917135572,-0.036076779597242536,0.00016825395917135572,-0.03317808842294804,0.00016825395917135572,-0.035668583751324034,-0.029803582795307815,0.0,0.00016825395917135572
2024-12-19,-0.0031860294888902646,-0.0035394723095779233,0.00016793650294107105,-0.004453411258828699,0.00016793650294107105,-0.001774532614496596,0.00016793650294107105,0.0004975406109694052,-0.00030716992546553357,-0.04482470565678265,0.00016793650294107105
2024-12-20,0.009078398317573132,0.00955841416422665,0.0001674603091345893,0.008732630634832761,0.0001674603091345893,0.01060491746374607,0.0001674603091345893,0.009696108907126078,0.012011115211756573,0.07719299507786914,0.0001674603091345893
2024-12-23,0.0052745592142676686,0.0031957301214963216,0.0001672619108169798,0.00974242988152385,0.0001672619108169798,-0.00033957477399323044,0.0001672619108169798,0.003575890540516158,0.005988129228629457,-0.001,0.0001672619108169798
2024-12-24,0.007737363492792195,0.006627714306847983,0.0001672619108169798,0.013560118956384093,0.0001672619108169798,0.007349967817800617,0.0001672619108169798,0.012471909735510434,0.011115177340204063,0.0,0.0001672619108169798
2024-12-26,0.0005380037534419052,0.0006196007300396461,0.0001666666590978229,-0.0006794638948566245,0.0001666666590978229,0.0056896088421659234,0.0001666666590978229,-0.001231325483183221,6.65501538725799e-05,0.0,0.0001666666590978229
2024-12-27,-0.0064454863889013055,-0.006547689786740151,0.0001672619108169798,-0.013292841519505383,0.0001672619108169798,-0.0106584256346622,0.0001672619108169798,-0.008905851673087078,-0.010526540204950474,0.0,0.0001672619108169798
2024-12-30,-0.007182874239070486,-0.006251588587291568,0.00016579364973401265,-0.013300121361553452,0.00016579364973401265,-0.007430149568242023,0.00016579364973401265,-0.010100425339173325,-0.011411682852174976,0.0,0.00016579364973401265
2024-12-31,-0.0032946549276357895,-0.0024169096113877873,0.00016595238731020973,-0.008494618489189643,0.00016595238731020973,0.0012882235233281356,0.00016595238731020973,-0.002675835544035915,-0.0036378598541576546,0.0,0.00016595238731020973
2025-01-02,-0.0003853613729668088,-9.961980986046387e-05,0.00016698413425021702,-0.001956066995354777,0.00016698413425021702,0.003981741915291548,0.00016698413425021702,-0.0007785419402384364,-0.002457066638973049,0.0,0.00016698413425021702
2025-01-03,0.007232772878549953,0.007181726374159878,0.00016698413425021702,0.016364977759301347,0.00016698413425021702,0.006505570367760745,0.00016698413425021702,0.011226238527101029,0.012503369104386763,0.0,0.00016698413425021702
2025-01-06,0.004794503473619354,0.004073576661808695,0.00016638888253106012,0.01149302634302729,0.00016638888253106012,0.0046738156461254565,0.00016638888253106012,0.00013132600754980905,0.0057605165540730585,0.0,0.00016638888253106012
2025-01-07,-0.01120607708308362,-0.007311599722796308,0.0001662698435404944,-0.01784437918601678,0.0001662698435404944,-0.007838278900048918,0.0001662698435404944,-0.008810088377558645,-0.011303892702394291,0.0,0.0001662698435404944
2025-01-08,-0.00010331165436182121,0.0005539092153713154,0.00016678571701049806,0.00017491852369233563,0.00016678571701049806,0.002317214884659154,0.00016678571701049806,-1.1863544411627736e-05,0.0014610446421614576,0.0,0.00016678571701049806
2025-01-10,-0.00862837890666162,-0.007443483594863525,0.00016686507633754187,-0.015681080386927615,0.00016686507633754187,-0.007130104481916422,0.00016686507633754187,-0.013628632459122603,-0.015267543063221312,0.0,0.00016686507633754187
2025-01-13,-0.0010754091135441678,-0.0011730581827040084,0.00016718253256782652,-0.0032137886716406827,0.00016718253256782652,-0.003871525299698179,0.00016718253256782652,0.00040498328707602727,0.001550468378249903,0.0,0.00016718253256782652
2025-01-14,0.00026422940743049315,0.0007096038659581519,0.00016738094980754548,-0.0009494934847652514,0.00016738094980754548,0.0018919571179132713,0.00016738094980754548,0.005055892379264765,0.0013759416379806044,0.0,0.00016738094980754548
2025-01-15,0.013003342673524064,0.011655433147005793,0.00016718253256782652,0.023006319642075335,0.00016718253256782652,0.016228395882864545,0.00016718253256782652,0.020510189576640026,0.018189874310783116,0.0,0.00016718253256782652
2025-01-16,-0.0022707892617032203,-0.0017995300517020766,0.00016686507633754187,-0.007006057796075327,0.00016686507633754187,-0.0006727133242524128,0.00016686507633754187,0.001428888500174919,-0.0019230480516343462,0.0,0.00016686507633754187
2025-01-17,0.009741406933363655,0.006871106680808927,0.00016646826078021336,0.016878539681381977,0.00016646826078021336,0.007203724153823643,0.00016646826078021336,0.007638182630856416,0.010039902527342326,0.0,0.00016646826078021336
2025-01-21,0.005656915434308419,0.004733886052663223,0.00016638888253106012,0.005865019259249538,0.00016638888253106012,0.010167915112441046,0.00016638888253106012,0.01001854554528614,0.009153507061779642,0.0,0.00016638888253106012
2025-01-22,0.00459773254486066,0.004345687214734938,0.00016654762010725717,0.012785746959265376,0.00016654762010725717,0.007847620728886229,0.00016654762010725717,-0.005036303005210879,0.005621462527625187,0.0,0.00016654762010725717
2025-01-23,0.0020869830240653124,0.0016585952613202457,0.0001672619108169798,0.0021260210007978397,0.0001672619108169798,0.0020564057307225583,0.0001672619108169798,0.003549140697329534,0.005458066143519069,0.0,0.0001672619108169798
2025-01-24,-0.003046768005878089,-0.0017030796038810568,0.00016718253256782652,-0.00565104420665119,0.00016718253256782652,-0.0007838687370484245,0.00016718253256782652,-8.127495906165528e-05,-0.002919267584524987,0.0,0.00016718253256782652
2025-01-27,-0.024716130658440867,-0.011696881191098256,0.00016686507633754187,-0.029114747300440946,0.00016686507633754187,-0.017888308123512754,0.00016686507633754187,-0.007282764121316954,-0.014145371801854822,0.0,0.00016686507633754187
2025-01-28,0.008669125771013848,0.005887483703666018,0.0001661904842134506,0.014780004534433955,0.0001661904842134506,0.0106762283587661,0.0001661904842134506,-0.0010738329799863662,0.008592262758291724,0.0,0.0001661904842134506
2025-01-29,-0.0012127617122756657,-0.0014948454126275073,0.0001662698435404944,-0.0018780690699092828,0.0001662698435404944,-0.00340038377920752,0.0001662698435404944,-0.002331078373162598,-0.004482672534712795,0.0,0.0001662698435404944
2025-01-30,0.005007799478779871,0.00331534684466152,0.0001661904842134506,0.0042624136919138245,0.0001661904842134506,0.008258299467825006,0.0001661904842134506,0.005544641543095419,0.005366965864405326,0.0,0.0001661904842134506
2025-01-31,-0.0028213212529342576,-0.0012497341020243854,0.00016595238731020973,-0.0014533739399343881,0.00016595238731020973,-0.0015996794362562736,0.00016595238731020973,-0.0030121846673547004,-0.005322063476569272,0.0,0.00016595238731020973
2025-02-03,-0.0016611253545357244,-0.0036368774139491863,0.0001661904842134506,-0.00800283413821301,0.0001661904842134506,-0.003131691709620836,0.0001661904842134506,-0.00715713600252188,-0.006729512400933224,0.0,0.0001661904842134506
2025-02-04,0.005889624147934604,0.005887969299855414,0.0001662698435404944,0.012275201747276476,0.0001662698435404944,0.009610663148288326,0.0001662698435404944,0.008204038949696763,0.006708370622302784,0.0,0.0001662698435404944
2025-02-05,0.005284159896659745,0.0023192881990425915,0.00016718253256782652,0.004537976890423678,0.00016718253256782652,0.004934027491273252,0.00016718253256782652,0.0008626329171000369,0.004054563172681824,0.0,0.00016718253256782652
2025-02-06,0.001133869218823917,0.0023997531209192565,0.00016706349357726083,0.005219644866467199,0.00016706349357726083,0.002014998847277405,0.00016706349357726083,0.00477625844335422,0.003475607966170857,0.0,0.00016706349357726083
2025-02-07,-0.00561313150765421,-0.005540545090970897,0.00016718253256782652,-0.012613264319500495,0.00016718253256782652,-0.006660853703151355,0.00016718253256782652,-0.007559260294341397,-0.009153456656979642,0.0,0.00016718253256782652
2025-02-10,0.007840137087419749,0.005605272051800035,0.00016777778428698342,0.012105201947981925,0.00016777778428698342,0.011944846779053941,0.00016777778428698342,0.002233843286390258,0.006791099192188899,0.0,0.00016777778428698342
2025-02-11,-0.001212811277832256,-0.0009176476221259706,0.00016777778428698342,-0.002380732511967021,0.00016777778428698342,-0.001757286636563974,0.00016777778428698342,-0.0017043488987779354,0.0007604748177987286,0.0,0.00016777778428698342
2025-02-12,-0.0011236743196134536,-0.0003399915250369356,0.00016765872637430828,0.0005871021263914589,0.00016765872637430828,-0.0005290694344807223,0.00016765872637430828,-0.0022028582352029424,-0.003221465386853972,0.0,0.00016765872637430828
2025-02-13,0.007685052091635676,0.007036987899890932,0.00016777778428698342,0.014385931798162721,0.00016777778428698342,0.01160212838328567,0.00016777778428698342,0.00853836243494982,0.010557622259588673,0.0,0.00016777778428698342
2025-02-14,0.0014573299333882222,0.0006926276298262434,0.00016718253256782652,0.004198257546807582,0.00016718253256782652,-0.0035742716242809966,0.00016718253256782652,0.0012856709508732578,-4.929908540496353e-05,0.0,0.00016718253256782652
2025-02-18,0.0018961643012861203,0.002100475030236474,0.00016718253256782652,0.002267012948510061,0.00016718253256782652,0.007254585785086826,0.00016718253256782652,0.001710116828476355,0.0029358389255167427,0.0,0.00016718253256782652
2025-02-19,-0.0002609383924655112,0.0004857933105369952,0.00016718253256782652,0.00027822785971554076,0.00016718253256782652,0.0010624299646816808,0.00016718253256782652,0.00025915103650872573,0.0023549656556058896,0.0,0.00016718253256782652
2025-02-20,-0.006922252850711298,-0.0025080877071704238,0.00016738094980754548,-0.004244589870668003,0.00016738094980754548,-0.0026293592981155483,0.00016738094980754548,-0.007949111017147459,-0.004160320690117292,0.0,0.00016738094980754548
2025-02-21,-0.013617457374259631,-0.010344737352071354,0.00016686507633754187,-0.020754400059762812,0.00016686507633754187,-0.012927002472383394,0.00016686507633754187,-0.01988513311818149,-0.0171040640568626,0.0,0.00016686507633754187
2025-02-24,-0.007701164603329264,-0.003896068641965309,0.00016654762010725717,-0.0118044460461032,0.00016654762010725717,-0.003641759094460184,0.00016654762010725717,-0.001115412907553875,-0.004550399360666035,0.0,0.00016654762010725717
2025-02-25,-0.007556638930064492,-0.005638451383997643,0.0001662698435404944,-0.012599152762921673,0.0001662698435404944,-0.010253574207843636,0.0001662698435404944,-0.006316720861451269,-0.004973235667949494,0.0,0.0001662698435404944
2025-02-26,0.0034697804169393264,0.000820818878340027,0.00016595238731020973,0.0024155226589550605,0.00016595238731020973,0.001482251699621795,0.00016595238731020973,-0.0009720149754128826,0.0005048990709795032,0.0,0.00016595238731020973
2025-02-27,-0.01681664782228929,-0.012459137129455554,0.00016638888253106012,-0.027771264926060524,0.00016638888253106012,-0.019657734272345295,0.00016638888253106012,-0.01424588713803987,-0.015961979068096488,0.0,0.00016638888253106012
2025-02-28,0.008632260674150556,0.008747994592002015,0.00016646826078021336,0.015791549188330478,0.00016646826078021336,0.008377083671786467,0.00016646826078021336,0.016245866880379378,0.01560552188516362,0.013888834599452893,0.00016646826078021336
2025-03-03,-0.010215876992632534,-0.009773608226588484,0.00016638888253106012,-0.02188250123035773,0.00016638888253106012,-0.008740674578638068,0.00016638888253106012,-0.016819646554110862,-0.017519912848197983,-0.001,0.00016638888253106012
2025-03-04,-0.006573735910099699,-0.004073068600915887,0.00016638888253106012,-0.0030178055356280264,0.00016638888253106012,-0.0020523357781361646,0.00016638888253106012,-0.015379813402384535,-0.011836837733235739,-0.012781981337598336,0.00016638888253106012
2025-03-05,0.007850315771907798,0.007718551425307719,0.00016646826078021336,0.013036064920533663,0.00016646826078021336,0.008621752316919862,0.00016646826078021336,0.011989925761529796,0.010747880933537068,0.0221417303342899,0.00016646826078021336
2025-03-06,-0.016420102560634014,-0.015095952855722987,0.00016686507633754187,-0.027509444828670127,0.00016686507633754187,-0.013628573055132799,0.00016686507633754187,-0.021894326626317656,-0.017751152762360167,-0.05415535440572916,0.00016686507633754187
2025-03-07,0.0029146531917389655,0.001700533390512115,0.00016654762010725717,-0.003269842682407485,0.00016654762010725717,0.004637016565512593,0.00016654762010725717,0.00224845385394637,0.005604894238985025,0.022462022928674497,0.00016654762010725717
2025-03-10,-0.009257594099664415,-0.008195714950825,0.00016654762010725717,0.006992500715623073,0.00016654762010725717,-0.01872961322937165,0.00016654762010725717,-0.024663158531479462,-0.026635733977431797,-0.05449060440809095,0.00016654762010725717
2025-03-11,-0.0024643153256598124,-0.0011015349677807663,0.00016607142630077544,-0.003577305056018054,0.00016607142630077544,0.005544576521489801,0.00016607142630077544,-0.010748151328170336,-0.001,0.0011389347453911736,0.00016607142630077544
2025-03-12,0.0025071532437452833,0.0018268223002048457,0.00016646826078021336,-0.002956225894902853,0.00016646826078021336,0.005672456794600711,0.00016646826078021336,0.0042086241166345295,0.0,0.024800913166468597,0.00016646826078021336
2025-03-13,-0.00484721753606728,-0.0011552523374063273,0.00016654762010725717,0.0040242039738467295,0.00016654762010725717,0.00233828303115291,0.00016654762010725717,-0.014449458361209061,-0.0,-0.02242455851909797,0.00016654762010725717
2025-03-14,0.006929059875740273,0.005583665958796818,0.0001661904842134506,-0.0034809321108629776,0.0001661904842134506,0.012347622749771192,0.0001661904842134506,0.02310631157797055,0.0,0.04474225017760913,0.0001661904842134506
2025-03-17,0.002531941128444201,0.0038210710759382146,0.0001661904842134506,0.0008467166405241588,0.0001661904842134506,0.01123026994378895,0.0001661904842134506,0.009251885039512353,0.0,0.0189130202583645,0.0001661904842134506
2025-03-18,-0.002826596327509329,-0.0005370444062759448,0.0001661904842134506,0.0011635497701252273,0.0001661904842134506,0.0021603594322567865,0.0001661904842134506,-0.005125928001015856,-0.0,-0.013868097418271108,0.0001661904842134506
2025-03-19,0.005207845534018533,0.003178658723152684,0.00016646826078021336,0.0030628879971352774,0.00016646826078021336,0.003166634196126579,0.00016646826078021336,0.01072502347610671,0.0,0.01622674124171275,0.00016646826078021336
2025-03-20,-6.570481753601708e-05,-0.0003998402090726967,0.0001662698435404944,0.001474519905976246,0.0001662698435404944,-0.006310822023503933,0.0001662698435404944,0.0017411541880817116,-0.0,-0.001,0.0001662698435404944
2025-03-21,0.0002658945309512442,-0.0013430224303779543,0.00016595238731020973,-0.0008413665241400192,0.00016595238731020973,-0.0063792266733379375,0.00016595238731020973,-0.0022973132421807707,0.0,0.0,0.00016595238731020973
2025-03-24,0.0027306076602902573,-0.0007642356387252702,0.00016607142630077544,-0.00578805293514717,0.00016607142630077544,-0.0029527181123466155,0.00016607142630077544,0.010717120983657624,0.0,0.0,0.00016607142630077544
2025-03-25,0.0015968625497159846,0.0017161495161614362,0.00016595238731020973,0.0016934411045119724,0.00016595238731020973,0.0028369466707471877,0.00016595238731020973,0.007080161263892326,0.0014039544954175262,0.0,0.00016595238731020973
2025-03-26,-0.007507925770322214,-0.008116992758986261,0.00016595238731020973,-0.020400664764782417,0.00016595238731020973,-0.011395285259440259,0.00016595238731020973,-0.004660936014107303,-0.011938329377862766,0.0,0.00016595238731020973
2025-03-27,-0.0016174546028609057,-0.0006264321466347613,0.0001662698435404944,-0.0028477725348424725,0.0001662698435404944,0.0032919609827314344,0.0001662698435404944,-0.00387320859484519,-0.001,0.0,0.0001662698435404944
2025-03-28,-0.004832402646600809,-0.00122889244224001,0.0001661904842134506,0.008056943346000267,0.0001661904842134506,-0.007873496333159442,0.0001661904842134506,-0.02116115736135532,-0.0,0.0,0.0001661904842134506
2025-03-31,0.002774363591057045,0.001894714197646557,0.0001661904842134506,0.0029446676503204205,0.0001661904842134506,0.002088588278826557,0.0001661904842134506,0.008193881040272133,0.0,-0.0005628193630823333,0.0001661904842134506
2025-04-01,0.0007209323291879321,0.001036326387847526,0.00016638888253106012,0.0035133221236942624,0.00016638888253106012,0.0003344420446561955,0.00016638888253106012,0.0011930993874652023,0.0,-0.0013111355068716746,0.00016638888253106012
2025-04-02,0.0018999476704672487,0.0014559891168907189,0.0001666666590978229,-0.000943447325261304,0.0001666666590978229,0.0011431619845429692,0.0001666666590978229,0.006456410722268713,0.0,0.01641137828181871,0.0001666666590978229
2025-04-03,-0.015272929095423004,-0.010312627448643082,0.00016678571701049806,0.010282587620465522,0.00016678571701049806,-0.0055736865512247364,0.00016678571701049806,-0.058689177727782205,-0.0,-0.12465017912651888,0.00016678571701049806
2025-04-04,-0.020543286444832602,-0.011657621258483387,0.00016607142630077544,0.002803678227587092,0.00016607142630077544,-0.01096095892101458,0.00016607142630077544,-0.05837235984452768,-0.0,-0.09862268412645914,0.00016607142630077544
2025-04-07,-0.0038757094970619734,-0.006951600086277735,0.00016488096070668053,-0.011909680581024373,0.00016488096070668053,-0.021850530891622956,0.00016488096070668053,-0.007001866195078699,-0.0,-0.001,0.00016488096070668053
2025-04-08,-0.0012811970934615965,-0.002207780263174491,0.00016468254346696157,-0.005030713111462415,0.00016468254346696157,-0.0004601263270160485,0.00016468254346696157,-0.009346048628832426,-0.0,0.0,0.00016468254346696157
2025-04-09,0.03686084863690926,0.007848380027641199,0.00016579364973401265,-0.003160422277321273,0.00016579364973401265,0.016915414268730167,0.00016579364973401265,0.060472905204984384,0.0,0.0,0.00016579364973401265
2025-04-10,-0.013122796117808982,-0.0075432813340503575,0.00016777778428698342,-0.006234484601031709,0.00016777778428698342,0.009094547420991195,0.00016777778428698342,-0.025769735130699828,-0.0,-0.09652793127528791,0.00016777778428698342
2025-04-11,0.0034404672048464033,0.002491833248349808,0.00016654762010725717,-0.005636250856795866,0.00016654762010725717,0.018086664805096242,0.00016654762010725717,0.011837682652494796,0.0,-0.001,0.00016654762010725717
2025-04-14,0.0013585581036145737,0.0021265955826429775,0.00016718253256782652,0.008020823796536014,0.00016718253256782652,-0.005705977012200658,0.00016718253256782652,0.009229518622545285,0.0,0.0,0.00016718253256782652
2025-04-15,7.17020790407403e-05,0.0011521752795212068,0.00016646826078021336,0.0029704487684178993,0.00016646826078021336,0.003101414060278419,0.00016646826078021336,-0.0026489030039846817,-0.0,0.003102781880397366,0.00016646826078021336
2025-04-16,-0.003902010850987206,-0.0010159638187723194,0.0001666666590978229,0.004336615425911905,0.0001666666590978229,0.010342790124937662,0.0001666666590978229,-0.0160818044750021,-0.0,-0.04195044821395055,0.0001666666590978229
2025-04-17,-0.006862217821254244,0.0012366627706797352,0.00016698413425021702,-0.002843331419949857,0.00016698413425021702,0.0012032557691428933,0.00016698413425021702,0.010161185597157063,0.0,0.013932377138974772,0.00016698413425021702
2025-04-21,-0.007798076429789777,-0.0037287396917661296,0.00016686507633754187,-0.005386827203221922,0.00016686507633754187,0.006707869761037767,0.00016686507633754187,-0.01928145541130874,-0.0,-0.03028597927590282,0.00016686507633754187
2025-04-22,0.009273897561775109,0.0047372689272863755,0.00016706349357726083,0.0007433862889059117,0.00016706349357726083,0.002417257202609139,0.00016706349357726083,0.025151065710381504,0.0,0.032388631364355325,0.00016706349357726083
2025-04-23,0.0027038573421305414,0.0009449658129363723,0.00016718253256782652,0.0010613015181821783,0.00016718253256782652,-0.006302996081040309,0.00016718253256782652,0.006603946018872153,0.0,0.0182072184115023,0.00016718253256782652
2025-04-24,0.006352329252073138,0.004587001391733446,0.00016698413425021702,0.005405814179036295,0.00016698413425021702,0.011089810798559308,0.00016698413425021702,0.0059620801799171175,0.0,0.018431967311348885,0.00016698413425021702
2025-04-25,0.002429916591654286,0.001829443658726045,0.00016654762010725717,0.0037954168580014436,0.00016654762010725717,-0.0009160399056630246,0.00016654762010725717,-0.0010312458557201198,0.0,0.021339840782245822,0.00016654762010725717
2025-04-28,0.0010283403494303358,0.002328199271816945,0.00016638888253106012,0.003991130069453952,0.00016638888253106012,0.008296774205049113,0.00016638888253106012,0.0024340826438047913,0.0,-0.0042316805501396715,0.00016638888253106012
2025-04-29,0.002887465588664366,0.001785217838158477,0.00016638888253106012,0.003452318586506742,0.00016638888253106012,-0.0014263800948923766,0.00016638888253106012,0.007765745521237877,0.0,0.006108885336385317,0.00016638888253106012
2025-04-30,0.0013695748277825683,-0.00047072460453743433,0.0001662698435404944,0.0015636916940540146,0.0001662698435404944,-0.0023656735548118757,0.0001662698435404944,0.000595475476389024,0.0,-0.012407634832374392,0.0001662698435404944
2025-05-01,-0.0034607791878345693,-0.0020701366138556805,0.0001662698435404944,-0.004354735620800909,0.0001662698435404944,-0.00943760276068036,0.0001662698435404944,-0.00020811285182523176,0.0,0.008019225829569265,0.0001662698435404944
2025-05-02,0.004117902363601714,0.0013980572072754926,0.00016607142630077544,-0.006712837599239574,0.00016607142630077544,0.004737149354588613,0.00016607142630077544,0.012377334632261427,0.0,0.021479750542463982,0.00016607142630077544
2025-05-05,-0.0013679787463144126,0.00045601326529096266,0.00016698413425021702,-0.001795122835291152,0.00016698413425021702,0.009938250483910319,0.00016698413425021702,-0.0018590102691849186,-0.0,-0.009086248303712519,0.00016698413425021702
2025-05-06,-0.002625795607634535,0.0012730312367698494,0.00016698413425021702,0.0025389586070696524,0.00016698413425021702,0.009762545014914508,0.00016698413425021702,0.001151840787214642,-0.0,-0.01991088179175049,0.00016698413425021702
2025-05-07,0.002854946181847731,1.4502002999763745e-05,0.00016706349357726083,0.0026381707597484816,0.00016706349357726083,-0.010624791124646944,0.00016706349357726083,0.002127486606836343,0.0,0.013632673713268817,0.00016706349357726083
2025-05-08,0.0005391495200015897,-0.0025313346677810003,0.0001672619108169798,-0.007787900404984005,0.0001672619108169798,-0.010992154942698746,0.0001672619108169798,0.0003436289694568606,0.0,0.01951481313817216,0.0001672619108169798
2025-05-09,0.0003967404091911134,0.0009980462764019296,0.0001672619108169798,0.0007424859729212585,0.0001672619108169798,0.005629684690806602,0.0001672619108169798,-0.0022865473932537628,-0.0,0.0028453339572096503,0.0001672619108169798
2025-05-12,0.006943579300326299,0.002605965206554676,0.0001672619108169798,-0.006359334189897092,0.0001672619108169798,-0.0004912360882975975,0.0001672619108169798,0.00913600518962912,0.0,0.06603047054590316,0.0001672619108169798
2025-05-13,0.007352907258323586,0.004076326220895615,0.000169841278166998,0.013240716153847256,0.000169841278166998,0.002425170346444183,0.000169841278166998,-0.00023116995354360848,0.005603869472230128,-0.001,0.000169841278166998
2025-05-14,0.0019835521014476215,0.0005166069009571736,0.00017003967648460754,0.005993015658443124,0.00017003967648460754,-0.006092284031934291,0.00017003967648460754,-0.0021892363721726367,0.0012780844466173669,0.0,0.00017003967648460754
2025-05-15,0.0014303503306769517,0.0025465723859129075,0.00017003967648460754,0.0010990587909358585,0.00017003967648460754,0.008816573724629295,0.00017003967648460754,0.005277305476549865,0.004884375826294196,0.0,0.00017003967648460754
2025-05-16,0.0018201338190268475,0.0020201744258012593,0.0001689682498810783,0.004352347699197789,0.0001689682498810783,-0.003479142160856467,0.0001689682498810783,0.00923993422768038,0.0063340096153452485,0.0,0.0001689682498810783
2025-05-19,0.0007747491746311933,0.00183495187509385,0.00016813492018079,0.0009587412452252142,0.00016813492018079,0.00818546563073023,0.00016813492018079,0.002307663105036162,0.0010938207948751888,0.0,0.00016813492018079
2025-05-20,-0.0017570557388805956,-0.00012945949824095005,0.00016825395917135572,-0.00333301190043489,0.00016825395917135572,0.0074375263524117195,0.00016825395917135572,-0.002143561785405035,-0.0033621577891223,0.0,0.00016825395917135572
2025-05-21,-0.00831358925670737,-0.006232561341521774,0.00016857143432374985,-0.013896838371956877,0.00016857143432374985,-0.00036295158515127924,0.00016857143432374985,-0.01494888134078945,-0.016850754571148485,0.0,0.00016857143432374985
2025-05-22,0.00044507343347283633,-0.0004895813057608881,0.0001680555608537462,0.0018712692542615095,0.0001680555608537462,-0.0042257712250340545,0.0001680555608537462,-0.0054535145910157845,0.000394730118717046,0.0027519141469835038,0.0001680555608537462
2025-05-23,-0.006659551414466673,-0.0032653746737486386,0.00016793650294107105,-0.009260787725973607,0.00016793650294107105,0.00913272401291117,0.00016793650294107105,-0.0024298177319856114,-0.00682598759580777,-0.032394697295272334,0.00016793650294107105
2025-05-27,0.014853151596876177,0.010978473785725695,0.00016785714361402723,0.023525401189808948,0.00016785714361402723,-0.0015966585829574696,0.00016785714361402723,0.012118273317911377,0.020790670330528727,0.05021882194923455,0.00016785714361402723
2025-05-28,-0.0016309951615622168,-0.003103043731892035,0.00016678571701049806,-0.004432119506148746,0.00016678571701049806,-0.006116994059286378,0.00016678571701049806,-0.006477621842852804,-0.005785438936066978,-0.001,0.00016678571701049806
2025-05-29,0.0014926833183699873,0.0016179765929777833,0.00016765872637430828,0.001965703007101638,0.00016765872637430828,0.004681714887000051,0.00016765872637430828,0.000737475252561987,0.0039474266243269,0.0,0.00016765872637430828
2025-05-30,0.0005141552024686175,-0.000857079982631548,0.00016785714361402723,-0.0015770664908302257,0.00016785714361402723,-0.0057546569302697,0.00016785714361402723,0.004297149271597356,-0.0011184442562377495,0.0,0.00016785714361402723
2025-06-02,0.004578092357140905,0.004855486717325897,0.00016793650294107105,0.007898142986840107,0.00016793650294107105,0.014842584178930952,0.00016793650294107105,0.0017752381029409463,0.005632802267017123,0.0,0.00016793650294107105
2025-06-03,0.004389587577100923,0.0019225328648956662,0.00016793650294107105,0.007816985921343278,0.00016793650294107105,-0.004677417758755853,0.00016793650294107105,0.001876100195603803,0.005702795538093275,0.0,0.00016793650294107105
2025-06-04,0.0015717695696126225,0.0011081773442257528,0.0001680555608537462,0.0027879935957388913,0.0001680555608537462,0.0077781788872474476,0.0001680555608537462,-0.007900321549059036,-0.00026845053556867615,0.0,0.0001680555608537462
2025-06-05,-0.002749588971551105,-0.002359898550948711,0.00016825395917135572,-0.007527076821469025,0.00016825395917135572,-0.00018756218451535878,0.00016825395917135572,-0.0014221106139553903,-0.004832886576524031,0.0,0.00016825395917135572
2025-06-06,0.004187388513496505,0.0038896456860675393,0.00016793650294107105,0.009775193389901071,0.00016793650294107105,-0.00221008003324948,0.00016793650294107105,0.009525969667114054,0.010269106845499198,0.0,0.00016793650294107105
2025-06-09,-0.0005483270879773441,0.0007554329021170791,0.00016793650294107105,0.0014720627609992043,0.00016793650294107105,0.004377470766259606,0.00016793650294107105,-0.0039136411891055045,0.0009010846984405241,0.0,0.00016793650294107105
2025-06-10,0.003634697702367713,0.00279649687874744,0.00016825395917135572,0.006614082146413791,0.00016825395917135572,0.002445545092533659,0.00016825395917135572,0.002962248338026746,0.005669829436407703,0.0,0.00016825395917135572
2025-06-11,-0.00012705004269206928,-0.0006633307789292671,0.00016865079365079366,-0.0033696449159584807,0.00016865079365079366,0.0026484094745994335,0.00016865079365079366,-0.0005908021339447733,-0.0028521635422879,0.0,0.00016865079365079366
2025-06-12,0.0015157603312223288,0.002062772185596109,0.00016865079365079366,0.0023479557523646832,0.00016865079365079366,0.007262197463948478,0.00016865079365079366,0.0003355867580303318,0.003974445922308334,0.0,0.00016865079365079366
2025-06-13,-0.009586302357045476,-0.005819636567807016,0.0001689682498810783,-0.012554867295774819,0.0001689682498810783,-0.00520297178215634,0.0001689682498810783,-0.01116867736234528,-0.011180278953555778,0.0,0.0001689682498810783
2025-06-16,0.009316968841016939,0.006274028295989895,0.00016825395917135572,0.013910004680561805,0.00016825395917135572,0.0005837384850081442,0.00016825395917135572,0.0021036675593561487,0.009514378410018676,0.03460677359361031,0.00016825395917135572
2025-06-17,-0.003941591647720567,-0.004749715818520099,0.00016857143432374985,-0.009751158918571257,0.00016857143432374985,-0.008293736289642917,0.00016857143432374985,-0.004317626609405961,-0.008545182675272933,-0.001,0.00016857143432374985
2025-06-18,-0.00023513724808146028,0.00019661980651236236,0.00016738094980754548,-0.0001701855580187317,0.00016738094980754548,-0.0012917745186380818,0.00016738094980754548,-0.0014575181073587518,-0.00015077582573386206,0.010711871255824401,0.00016738094980754548
2025-06-20,-0.001753111390010917,-0.0019721143963485808,0.00016757936704726447,-0.004083173440120436,0.00016757936704726447,-0.0050556866313364495,0.00016757936704726447,0.001996304224975154,-0.0023483864294171486,-0.0054186555239919,0.00016757936704726447
2025-06-23,0.005449163141987704,0.0050412714832677825,0.00016646826078021336,0.010282392768807602,0.00016646826078021336,0.006264806598754723,0.00016646826078021336,0.0033979849262180395,0.009877550026144766,0.007924707438328848,0.00016646826078021336
2025-06-24,0.006818532441362228,0.006481292483872917,0.00016499999969724625,0.015291843441750164,0.00016499999969724625,0.007457290918659319,0.00016499999969724625,0.007075731385519202,0.011047197962439359,-0.001,0.00016499999969724625
2025-06-25,0.00042063038492235995,-3.563850827345821e-05,0.00016595238731020973,0.0025565830820122315,0.00016595238731020973,-0.0005267404707292405,0.00016595238731020973,-0.006917338752815805,0.0005603485498484329,0.0,0.00016595238731020973
2025-06-26,0.006114719643981742,0.004770255772237136,0.0001661904842134506,0.009350308950453412,0.0001661904842134506,0.005585864113581048,0.0001661904842134506,0.00954011533502469,0.007823673022863797,0.0,0.0001661904842134506
2025-06-27,0.0019724368433053988,0.0012961617021056981,0.00016638888253106012,0.0034236990876355122,0.00016638888253106012,-0.004341249539228061,0.00016638888253106012,0.006647160147208786,0.0049684261271674135,0.0,0.00016638888253106012
2025-06-30,0.004350397973647236,0.0034452368569004095,0.00016654762010725717,0.006477019540495066,0.00016654762010725717,0.0052211460121163915,0.00016654762010725717,0.006300860297613842,0.00478128084883922,0.0,0.00016654762010725717
2025-07-01,-0.004843278156233385,-0.0014922663479462334,0.0001662698435404944,-0.008429575709983372,0.0001662698435404944,0.0030369165864081076,0.0001662698435404944,0.0012982365382239458,-0.00032361681846215795,0.0,0.0001662698435404944
2025-07-02,0.002654910068655411,0.0024929962307422542,0.00016765872637430828,0.006965598176537746,0.00016765872637430828,0.004262054374928548,0.00016765872637430828,-0.002821908480621693,0.00453320389812073,0.0,0.00016765872637430828
2025-07-03,0.0062958913081457585,0.0035564768651539353,0.00016757936704726447,0.009839935664402777,0.00016757936704726447,-0.0006890541926411289,0.00016757936704726447,0.005542881617270873,0.00788132829242616,0.0,0.00016757936704726447
2025-07-07,-0.004037688250725067,-0.004415118391120109,0.00016825395917135572,-0.007532682721584805,0.00016825395917135572,-0.008079245690398454,0.00016825395917135572,-0.008158376946549084,-0.007452075989865636,0.0,0.00016825395917135572
2025-07-08,-0.0004490350880879109,0.00016415075152030435,0.0001684523764110747,0.0005615153463067735,0.0001684523764110747,0.0010460012321661756,0.0001684523764110747,-0.0014680526065961597,-0.0005476004207373153,0.0,0.0001684523764110747
2025-07-09,0.004930553801005021,0.0032721486063553673,0.00016865079365079366,0.0070789700636526565,0.00016865079365079366,0.003442863915960011,0.00016865079365079366,0.004814134201970799,0.005996687665528189,0.0,0.00016865079365079366
2025-07-10,-0.0010411472315720724,0.00024070541867901953,0.0001684523764110747,-0.0014383348691244802,0.0001684523764110747,0.0014167381706342943,0.0001684523764110747,0.0012151465940685724,0.002820223048327186,0.0,0.0001684523764110747
2025-07-11,-0.0017361451938375468,-0.0013829755139219912,0.00016825395917135572,-0.0022503590792759542,0.00016825395917135572,-0.0010928603867474216,0.00016825395917135572,-0.004474887239904801,-0.003515339984414667,0.0,0.00016825395917135572
2025-07-14,0.0016552819379988262,0.001453829787042739,0.00016813492018079,0.0036267521575348294,0.00016813492018079,-0.0007349371889802113,0.00016813492018079,0.00459618985911836,0.00190825988047294,0.0,0.00016813492018079
2025-07-15,0.0017975048090261058,-0.0008563947880668677,0.00016777778428698342,0.0009170156064841617,0.00016777778428698342,-0.002456401385927472,0.00016777778428698342,-0.004512092804420609,-0.004273426416666615,0.0,0.00016777778428698342
2025-07-16,0.0005217000324748402,0.0015302709662416982,0.00016793650294107105,0.0010238051232602796,0.00016793650294107105,0.004600956577443785,0.00016793650294107105,0.0027884766546706356,0.0033433222651619854,0.0,0.00016793650294107105
2025-07-17,0.004970566243901459,0.0034430806539525833,0.00016765872637430828,0.008092721541020031,0.00016765872637430828,0.002051214923026179,0.00016765872637430828,0.005987611018761052,0.006119571230611909,0.0,0.00016765872637430828
2025-07-18,-0.0002629856618258107,-0.00013168019592433786,0.0001680555608537462,-0.000961110066281079,0.0001680555608537462,-0.0008189019313285714,0.0001680555608537462,0.0023174305711228804,-0.000732380053927173,0.0,0.0001680555608537462
2025-07-21,0.0024401490507156534,0.0031688370381093896,0.00016785714361402723,0.0051847051907869535,0.00016785714361402723,0.009069777799347884,0.00016785714361402723,0.0031542407554494,0.0018962189772129268,0.0,0.00016785714361402723
2025-07-22,-0.004082007761890129,-0.00025559723296435477,0.00016757936704726447,-0.005175591526877299,0.00016757936704726447,0.005202752444108949,0.00016757936704726447,0.0019269505780385165,0.00014305906725886608,0.0,0.00016757936704726447
2025-07-23,0.004203400181698368,0.0035015356714976093,0.00016785714361402723,0.004561076885380766,0.00016785714361402723,0.007522854913664925,0.00016785714361402723,0.005402109720216125,0.008507648925420108,0.0,0.00016785714361402723
2025-07-24,0.0021913090123454855,-0.00026378174518566495,0.00016825395917135572,0.0021285730883593423,0.00016825395917135572,-0.006318086075338087,0.00016825395917135572,0.0007228232776606835,0.00033097372704604666,0.0,0.00016825395917135572
2025-07-25,0.0013043574222104683,0.00043701665005835093,0.0001684523764110747,0.002406889369037657,0.0001684523764110747,-0.004493782768200449,0.0001684523764110747,0.001377924638114536,0.004224296491786017,0.0,0.0001684523764110747
2025-07-28,0.0022610648027657676,-0.0009230851105413013,0.0001684523764110747,0.003125096202666766,0.0001684523764110747,-0.009742306803432688,0.0001684523764110747,-0.002789342073964224,-0.00025101274173688903,0.0,0.0001684523764110747
2025-07-29,-0.00016682992418434218,-0.0006850676024560597,0.0001680555608537462,-0.0015489273672578685,0.0001680555608537462,0.00038038215016108123,0.0001680555608537462,-0.002116833488910841,-0.002637703887361842,0.0,0.0001680555608537462
2025-07-30,0.0014830787007050106,-0.001575115671970176,0.00016785714361402723,0.0013398541009275178,0.00016785714361402723,-0.010590877755049225,0.00016785714361402723,-0.0028155486496573563,-0.0012592832087132688,0.0,0.00016785714361402723
2025-07-31,-0.0020345362691384476,-0.0019139727523749062,0.00016793650294107105,-0.0052989605057914835,0.00016793650294107105,-0.0032752474326540972,0.00016793650294107105,0.0012881629209051397,-0.003751215554337106,0.0,0.00016793650294107105
2025-08-01,-0.011073113964713768,-0.006761644374442648,0.0001680555608537462,-0.019698983990833585,0.0001680555608537462,0.0034193765573179804,0.0001680555608537462,-0.011751427610724313,-0.016390402087159806,0.0,0.0001680555608537462
2025-08-04,0.013776579361579982,0.010618345666085969,0.00016595238731020973,0.01845160294892234,0.00016595238731020973,0.009828579702961063,0.00016595238731020973,0.016615214433228553,0.015199695512541522,0.03351449681543872,0.00016595238731020973
2025-08-05,-0.005040945048055903,-0.0026143321722545587,0.0001648015824575273,-0.00678958331972912,0.0001648015824575273,0.0011886214615290565,0.0001648015824575273,-0.007185423171552741,-0.00506997011593413,-0.001,0.0001648015824575273
2025-08-06,0.005482024720923668,0.004405312382625776,0.00016468254346696157,0.012583340592847492,0.00016468254346696157,0.003048710164487008,0.00016468254346696157,0.00174173780360104,0.007659668036719802,0.0,0.00016468254346696157
2025-08-07,0.0008699508680629741,0.0022767453069136813,0.00016400793242076086,0.0033843426806583476,0.00016400793242076086,0.008593389561062592,0.00016400793242076086,0.001511733804397758,-0.0008376634118242299,0.0,0.00016400793242076086
2025-08-08,0.0048284615444619365,0.0034714528017218025,0.00016420634966047982,0.009328128019823856,0.00016420634966047982,0.0016971206242560137,0.00016420634966047982,0.0024666246536956538,0.007797642321576204,0.0,0.00016420634966047982
2025-08-11,-0.0017994087770294136,-0.0023052982609332844,0.00016400793242076086,-0.002958896966465452,0.00016400793242076086,-0.007137144878393305,0.00016400793242076086,-0.003999953479689483,-0.001977460235009665,0.0,0.00016400793242076086
2025-08-12,0.00826638882666017,0.006351004523422071,0.0001644047669001988,0.012568825352078816,0.0001644047669001988,0.007828846046326018,0.0001644047669001988,0.011825930006302554,0.010645956381075239,0.0,0.0001644047669001988
2025-08-13,-0.0011259318189691288,0.0018454070605700983,0.00016388889343019517,0.0004999924852950866,0.00016388889343019517,0.007037106979483527,0.00016388889343019517,0.0035484183520761436,0.0034231622233515946,0.0,0.00016388889343019517
2025-08-14,5.0343734206469875e-05,-0.0014878018453985584,0.00016309524339342874,-0.0007754262040740034,0.00016309524339342874,-0.00616890192626666,0.00016309524339342874,-0.004285949110252568,9.305268643111653e-05,0.0,0.00016309524339342874
2025-08-15,-0.002590488547906458,-0.001151418102820974,0.00016317460272047255,-0.00439742117334585,0.00016317460272047255,0.0025602087586462647,0.00016317460272047255,-0.0031353883808352967,-0.0023411604144276676,0.0,0.00016317460272047255
2025-08-18,-0.0007102198084744704,-1.370038875475471e-05,0.00016317460272047255,-0.00039834113143344396,0.00016317460272047255,0.001053626972290389,0.00016317460272047255,-0.0010885796442159368,-0.00021777244270015927,0.0,0.00016317460272047255
2025-08-19,-0.008372396304526823,-0.004700382151999667,0.0001636111168634324,-0.013567505729100482,0.0001636111168634324,-0.004509010002982501,0.0001636111168634324,-0.002784446279494701,-0.0054251093907775605,0.0,0.0001636111168634324
2025-08-20,-0.0030713437784173473,-0.001256614237073136,0.00016309524339342874,-0.005937418982744691,0.00016309524339342874,0.004100046818416987,0.00016309524339342874,-0.0024100417743254388,-0.0026569105442644236,0.0,0.00016309524339342874
2025-08-21,-0.0020404178486120735,-0.0023812699348473715,0.00016329364171103827,-0.004629808432942806,0.00016329364171103827,-0.003985336201834536,0.00016329364171103827,-0.0037818936636380973,-0.004011979513716901,0.0,0.00016329364171103827
2025-08-22,0.008761212039595193,0.008587044619469613,0.00016380951518104187,0.01542760183559988,0.00016380951518104187,0.01522488259653228,0.00016380951518104187,0.012414201936020497,0.01535671313405218,0.0,0.00016380951518104187
2025-08-25,-0.0008183763298926285,-0.002015898379290503,0.00016222221510750907,-0.002884871752708018,0.00016222221510750907,-0.004342522006301955,0.00016222221510750907,-0.003659622087387237,-0.004400828684525626,0.0,0.00016222221510750907
2025-08-26,0.00247670207202285,0.002182285256284343,0.00016242063234722803,0.004015219079718246,0.00016242063234722803,0.0028983060315992772,0.00016242063234722803,0.0037693263212473516,0.004186869919697411,0.0,0.00016242063234722803
2025-08-27,0.0015336562154913398,0.0005797965173742099,0.00016222221510750907,0.0015369431931429034,0.00016222221510750907,-0.0008064180648497123,0.00016222221510750907,0.0009291002405853459,0.0022785491312995454,0.0,0.00016222221510750907
2025-08-28,0.003859622664672658,0.00262009729960651,0.00016111110884045796,0.006259842056075771,0.00016111110884045796,0.004288559656201156,0.00016111110884045796,0.0009388582540035828,0.003541412018451817,0.0,0.00016111110884045796
2025-08-29,-0.007012715570048454,-0.004577084277267203,0.00016158730264693972,-0.01157528938223451,0.00016158730264693972,-0.002123465033141203,0.00016158730264693972,-0.009699755508298241,-0.005963766656904346,0.0,0.00016158730264693972
2025-09-02,-0.004504217024071788,-0.002825776396198252,0.00016043651671636674,-0.008380296546320332,0.00016043651671636674,0.0032872950374570227,0.00016043651671636674,-0.007201703940246579,-0.007410239855265122,0.0,0.00016043651671636674
2025-09-03,0.006133487992704688,0.0037033551736896115,0.0001600000025734069,0.00786749388018082,0.0001600000025734069,0.004905374968161938,0.0001600000025734069,0.005422074493480145,0.005419573443143255,0.0,0.0001600000025734069
2025-09-04,0.005124134676100726,0.004885721737273467,0.00015944444943988135,0.009051343356685226,0.00015944444943988135,0.005709581290269328,0.00015944444943988135,0.010878161144723952,0.008357508586952056,0.0,0.00015944444943988135
2025-09-05,0.001193313569329656,0.0012408093667055158,0.00015865078994206018,0.0014430665885418748,0.00015865078994206018,0.0065921760703763575,0.00015865078994206018,0.0005687977787945664,-0.002896333007960439,0.0,0.00015865078994206018
2025-09-08,0.0033446982375013087,0.0027371915526390508,0.00015515873356470987,0.004877998872660161,0.00015515873356470987,0.0060949454089368835,0.00015515873356470987,0.003687813813418539,0.0024565607117745802,0.0,0.00015515873356470987
2025-09-09,0.0017819113016136054,0.0006527924291761877,0.00015587301481337774,0.002832985573536506,0.00015587301481337774,-0.001771018490902924,0.00015587301481337774,-0.00013859924906339804,0.002312000060259889,0.0,0.00015587301481337774
2025-09-10,0.005195767728820948,0.000611565305640083,0.00015646825707147993,0.00032742384064365915,0.00015646825707147993,0.000715391032615605,0.00015646825707147993,0.001547348372776286,0.0028908489301462392,0.0,0.00015646825707147993
2025-09-11,0.002264259910797098,0.0038533019992176005,0.00015595238360147627,0.005820548847466744,0.00015595238360147627,0.003546440560191082,0.00015595238360147627,0.011922527325808785,0.008310152614278588,0.0,0.00015595238360147627
2025-09-12,0.002015475469934689,0.0014422999948507118,0.00015587301481337774,0.004417169402083365,0.00015587301481337774,0.00127165482209668,0.00015587301481337774,0.0012169679533364508,-0.00033461472176832263,0.0,0.00015587301481337774
2025-09-15,0.005976956817905786,0.004809845398717135,0.00015587301481337774,0.008556889322505201,0.00015587301481337774,0.008744367202242993,0.00015587301481337774,0.009090085987156549,0.005324008789658441,0.0,0.00015587301481337774
2025-09-16,-0.0017443418636116216,5.6367082948466195e-05,0.00015476190854632664,-0.0008451294345040994,0.00015476190854632664,0.002856685119286643,0.00015476190854632664,-0.0010788791240813056,-0.001376840455839079,0.0,0.00015476190854632664
2025-09-17,-0.003168250242095244,-0.0010081281267874636,0.00015436508352794344,-0.001995756343676325,0.00015436508352794344,-0.0017912556685224883,0.00015436508352794344,-0.0019747863811100663,-0.0012425427283411228,0.0,0.00015436508352794344
2025-09-18,0.005565002769618299,0.003387433101321244,0.00015349206470307848,0.009016864764926247,0.00015349206470307848,0.0008565707910590898,0.00015349206470307848,0.006044115118967519,0.004672464780074215,0.0,0.00015349206470307848
2025-09-19,0.0038598261753099994,0.002371210373928728,0.00015396825850956023,0.0067692991180245965,0.00015396825850956023,-0.0016954141547033852,0.00015396825850956023,0.0051168826105063014,0.004952930300824665,0.0,0.00015396825850956023
2025-09-22,0.0026610716641107743,0.0029990011186537516,0.00015388888972146168,0.005919994542386675,0.00015388888972146168,0.005542633589149747,0.00015388888972146168,0.002827621682325143,0.004731085163901749,0.0,0.00015388888972146168
2025-09-23,-0.004362189804648346,-0.002916017949943167,0.00015269841466631208,-0.00664215757904818,0.00015269841466631208,-0.0027765640194100656,0.00015269841466631208,-0.004803529865872097,-0.005443572672652719,0.0,0.00015269841466631208
2025-09-24,-0.0022969766709765517,-0.0021841450138350045,0.00015257936621469165,-0.0035105829529757937,0.00015257936621469165,-0.005357954527681988,0.00015257936621469165,-0.0031377002993200898,-0.0031816581403536492,0.0,0.00015257936621469165
2025-09-25,-0.002843485673187304,-0.003010437640041708,0.00015309523968469528,-0.004311257815562852,0.00015309523968469528,-0.0065694885652064485,0.00015309523968469528,-0.006509474360848422,-0.0046134455757694814,0.0,0.00015309523968469528
2025-09-26,0.0022365779351206892,0.0029599325106855878,0.00015408729750012595,0.0041107892202849605,0.00015408729750012595,0.0035947257450477475,0.00015408729750012595,0.009132651780912215,0.005729103921045642,0.0,0.00015408729750012595
2025-09-29,0.0016782383056226635,0.0021489454794902142,0.0001531745990117391,0.004631171139209078,0.0001531745990117391,0.0022006083453563665,0.0001531745990117391,0.004004971355192621,0.002810434169152165,0.0,0.0001531745990117391
2025-09-30,0.0022768770026026517,0.0014967598303952544,0.00015329364746335952,0.002739120767224268,0.00015329364746335952,0.0020315116806506332,0.00015329364746335952,0.0017492944135376887,0.0037667067961630885,0.0,0.00015329364746335952
2025-10-01,0.002747510217427946,0.0022280436279756752,0.00015257936621469165,0.004797016197705117,0.00015257936621469165,0.004950840935413092,0.00015257936621469165,-0.0001900231623545301,0.0034076994727081367,0.0,0.00015257936621469165
2025-10-02,0.0016452779901903855,0.0018812375213844343,0.00015257936621469165,0.004111136388726067,0.00015257936621469165,0.005021931685638433,0.00015257936621469165,-0.0003579756012053459,0.0011516391661055003,0.0,0.00015257936621469165
2025-10-03,-0.0015365029748259913,-0.0009610489435863263,0.00015269841466631208,-0.0042098148902359744,0.00015269841466631208,0.0020555688115039272,0.00015269841466631208,-0.002654581927345606,-1.4657797132167083e-05,0.0,0.00015269841466631208
2025-10-06,0.00404265479694779,0.003611272995253381,0.00015309523968469528,0.007510254125414173,0.00015309523968469528,0.005368946190141462,0.00015309523968469528,0.006096439766875794,0.003586234743913508,0.0,0.00015309523968469528
2025-10-07,-0.0035969600925934283,-0.0035732356218102466,0.0001531745990117391,-0.005265607268824524,0.0001531745990117391,-0.00790394464548927,0.0001531745990117391,-0.008429587846411762,-0.0037075342375781917,0.0,0.0001531745990117391
2025-10-08,0.006438618761036882,0.005484317253765057,0.00015249999742659312,0.0114637133894131,0.00015249999742659312,0.009967596127785786,0.00015249999742659312,0.006264606296113723,0.005963018112918661,0.0,0.00015249999742659312
2025-10-09,-0.0004155948295059671,-0.002046147470469649,0.00015249999742659312,-0.0012103118408374192,0.00015249999742659312,-0.005977343754741238,0.00015249999742659312,-0.006792539890966703,-0.002897019428214409,0.0,0.00015249999742659312
2025-10-10,-0.02006589141400689,-0.0184529245683266,0.00015289682244497632,-0.0347142199010414,0.00015289682244497632,-0.03385241628037838,0.00015289682244497632,-0.02719114761787525,-0.027027784753554496,0.0,0.00015289682244497632
2025-10-13,0.016071456561069165,0.013122056326933921,0.00015289682244497632,0.021221341488786294,0.00015289682244497632,0.02080166828030568,0.00015289682244497632,0.016579992617330064,0.015343957982341339,0.03675966269976538,0.00015289682244497632
2025-10-14,-0.0049796988718684146,-0.00173524337161081,0.00015289682244497632,-0.006660959000041267,0.00015289682244497632,-0.0011206964211654112,0.00015289682244497632,0.0019003008598051097,-0.0012216094893441332,-0.001,0.00015289682244497632
2025-10-15,0.004301619112026067,0.0038559262831530986,0.00015289682244497632,0.007056841635499023,0.00015289682244497632,0.01073053338111903,0.00015289682244497632,0.0035634608693057845,0.0044395615943406685,-0.00513737613380516,0.00015289682244497632
2025-10-16,-0.003806700515746668,-0.004728304692077007,0.00015309523968469528,-0.0037029192628171836,0.00015309523968469528,-0.0004559506507159075,0.00015309523968469528,-0.008116064709231041,-0.00681016559073544,-0.04923138682869177,0.00015309523968469528
2025-10-17,0.004657716999060084,0.003638738068493681,0.00015289682244497632,0.006566665968266383,0.00015289682244497632,-0.006327794589720695,0.00015289682244497632,0.003406102040828529,0.005676293099704743,0.04260434222059728,0.00015289682244497632
2025-10-20,0.007845032345185285,0.009713430417888073,0.000152063492744688,0.01260078296067979,0.000152063492744688,0.020220293714826438,0.000152063492744688,0.007518625703773013,0.010400512350939195,0.038977379773087906,0.000152063492744688
2025-10-21,-0.0008737991814476621,-0.003051316679862794,0.00015071428957439604,-0.00026151618823311296,0.00015071428957439604,-0.023748330034066102,0.00015071428957439604,0.0057844633441660465,-1.4888082971786787e-05,-0.001,0.00015071428957439604
2025-10-22,-0.00411685922999727,-0.005099718935245157,0.0001501984161043924,-0.009633996208226914,0.0001501984161043924,-0.009110898009173194,0.0001501984161043924,-0.009834777258761362,-0.005198959215603205,0.0,0.0001501984161043924
2025-10-23,0.004607795555606835,0.004213989331747711,0.00015031746455601282,0.008406459215177797,0.00015031746455601282,0.0064183863330913304,0.00015031746455601282,0.0065602041543419976,0.005929906487662118,0.0,0.00015031746455601282
2025-10-24,0.007119276954943042,0.004608270979792145,0.00015031746455601282,0.010678259227716147,0.00015031746455601282,0.005846753474494704,0.00015031746455601282,0.003998985271786187,0.008172552647061071,0.0,0.00015031746455601282
2025-10-27,0.010855995409423742,0.0062465967683353356,0.00014932539727952746,0.01780929742311721,0.00014932539727952746,-0.0021807573090552408,0.00014932539727952746,0.011880262889834514,0.01179771954420028,0.0,0.00014932539727952746
2025-10-28,0.004859610590834795,0.0020703204264016935,0.00014753967996627567,0.0076899172009028405,0.00014753967996627567,-7.549648998146489e-06,0.00014753967996627567,-0.000981729972485384,0.0026559489971360595,0.0,0.00014753967996627567
2025-10-29,0.0045154173353681715,0.0012722041961492172,0.00014761904875437417,0.004502838653432706,0.00014761904875437417,0.000577836931076307,0.00014761904875437417,-0.00024193647126136142,0.0004804859921407889,0.0,0.00014761904875437417
2025-10-30,-0.00985147683648535,-0.007642499900399967,0.0001480158737727574,-0.015288574889305684,0.0001480158737727574,-0.011235210480051864,0.0001480158737727574,-0.013583137985253319,-0.010998212886887737,0.0,0.0001480158737727574
2025-10-31,0.0015328034858907943,0.002758238552465526,0.0001490873003762866,0.004823966225085963,0.0001490873003762866,0.002704884102421423,0.0001490873003762866,0.008520460074598557,0.0032802000099823037,0.0,0.0001490873003762866
2025-11-03,0.0016146272860809645,0.0019653663995883876,0.00014753967996627567,0.004784918003958305,0.00014753967996627567,0.003635664315042438,0.00014753967996627567,0.0003508460644705562,0.001876696652084675,0.0,0.00014753967996627567
2025-11-04,-0.010664995212807152,-0.010058335450418619,0.00015011904731629386,-0.020298190582085818,0.00015011904731629386,-0.018714758936551352,0.00015011904731629386,-0.013363463873307169,-0.011853550232820531,0.0,0.00015011904731629386
2025-11-05,0.003698893193278765,0.003573013098094187,0.0001505158723346771,0.006507997746957317,0.0001505158723346771,0.009013921789164861,0.0001505158723346771,0.0028510257186361025,0.0034654021681033154,0.0,0.0001505158723346771
2025-11-06,-0.008418784704364204,-0.008082761043376435,0.00015031746455601282,-0.018627194791374757,0.00015031746455601282,-0.009088659832413026,0.00015031746455601282,-0.013068168381297929,-0.010729329446956037,0.0,0.00015031746455601282
2025-11-07,-0.002513876800437858,-0.0004836380519359838,0.00014932539727952746,-0.003155471984421454,0.00014932539727952746,1.2999927551401221e-05,0.00014932539727952746,0.00180909832643994,0.0009845249103577203,0.0,0.00014932539727952746
2025-11-10,0.013812804488221196,0.011189995775540796,0.0001490873003762866,0.022124230672412093,0.0001490873003762866,0.022354610252642626,0.0001490873003762866,0.01086969370778279,0.015604317681877422,0.0,0.0001490873003762866
2025-11-11,-0.0006485154316206509,0.0002511068486165189,0.00015011904731629386,-0.002663420197952515,0.00015011904731629386,0.0007851041440165573,0.00015011904731629386,0.005787139459910495,0.0022892485351109215,0.0,0.00015011904731629386
2025-11-12,-0.0004343310941100733,0.0007887399045426726,0.00015011904731629386,-0.0007883641360318938,0.00015011904731629386,0.0051674482691712225,0.00015011904731629386,0.0012019372689614782,0.0005564170786802602,0.0,0.00015011904731629386
2025-11-13,-0.01182541736400837,-0.009695352152613246,0.00014992063953762962,-0.020416090222653893,0.00014992063953762962,-0.01339799320302341,0.00014992063953762962,-0.013858089223538234,-0.016593945359895557,0.0,0.00014992063953762962
2025-11-14,0.0013729027634433474,-0.0003830382156978487,0.0001505158723346771,0.0007559409398463224,0.0001505158723346771,-0.005581946640706659,0.0001505158723346771,0.002286338004412109,-0.000163772180045485,0.0,0.0001505158723346771
2025-11-17,-0.00442487598821246,-0.005279365987146683,0.00015031746455601282,-0.008540514517706321,0.00015031746455601282,-0.01061042768630982,0.00015031746455601282,-0.009028005882779383,-0.009316343899685275,0.0,0.00015031746455601282
2025-11-18,-0.006197476142622934,-0.0052367843038561915,0.00014968254263438875,-0.012175704624246442,0.00014968254263438875,-0.0032940664583729347,0.00014968254263438875,-0.002053216281271058,-0.008397645619354854,-0.018244999116321936,0.00014968254263438875
2025-11-19,0.00603038060411847,0.0023276615873995335,0.00014968254263438875,0.005970021553326488,0.00014968254263438875,0.0013611559864126208,0.00014968254263438875,-0.004028931037556915,0.0038632365293529425,0.013909726776081266,0.00014968254263438875
2025-11-20,-0.013994776408589395,-0.012297238230555986,0.00014968254263438875,-0.02367161447703492,0.00014968254263438875,-0.012568897136451818,0.00014968254263438875,-0.01542150171563239,-0.015242276237766972,-0.03714651955579795,0.00014968254263438875
2025-11-21,0.006039323602490447,0.005530311803784521,0.0001498015910860092,0.007512608441813562,0.0001498015910860092,0.0019256163483573432,0.0001498015910860092,0.012194423366043317,0.00996129221104658,0.026961849430835017,0.0001498015910860092
2025-11-24,0.01755769985072986,0.012381427158691432,0.0001484126987911406,0.02557330505237987,0.0001484126987911406,0.014213895941213767,0.0001484126987911406,0.008789215449210797,0.014718458129947765,0.036499529452802326,0.0001484126987911406
2025-11-25,0.004753954987854862,0.005038773973299969,0.0001480158737727574,0.006163707137424312,0.0001480158737727574,0.008341962460891767,0.0001480158737727574,0.007722402329992606,0.009406036868025991,0.014415093254655398,0.0001480158737727574
2025-11-26,0.004679335129999906,0.004517119005936696,0.00014809524256085592,0.008835679010244402,0.00014809524256085592,0.007895471502823437,0.00014809524256085592,0.006079887872640799,0.006903450491409613,-0.001,0.00014809524256085592
2025-11-28,0.002436403293773962,0.0038470630897334125,0.00014892857226114425,0.008107109278961522,0.00014892857226114425,0.0059208308513710355,0.00014892857226114425,0.004743745671866861,0.005458463854877582,0.0,0.00014892857226114425
2025-12-01,-0.0026131555099559935,-0.0028551727644381534,0.00014670635026598736,-0.00335886755293735,0.00014670635026598736,-0.004373581115167056,0.00014670635026598736,-0.010646840878955344,-0.004565522464928917,0.0,0.00014670635026598736
2025-12-02,0.0006945468578300838,0.0021433912389491744,0.000146547622150845,0.007826080476529995,0.000146547622150845,-8.184114721994774e-05,0.000146547622150845,0.00012607274686793346,0.0018521605335179991,0.0,0.000146547622150845
2025-12-03,0.002016665050715269,0.0018782296700549763,0.00014571428298950194,0.0024439057140801523,0.00014571428298950194,0.005901920449804939,0.00014571428298950194,0.0007488831620580672,0.003462929545157367,0.0,0.00014571428298950194
2025-12-04,0.001386890665428679,0.000200834581717639,0.00014424603136758957,-0.0009303717090682895,0.00014424603136758957,0.002829596126309767,0.00014424603136758957,-0.0009271467088439174,0.0007309706763756196,0.0,0.00014424603136758957
2025-12-05,0.002993231460904512,0.0016215287758337838,0.0001433333328792027,0.004077366001874916,0.0001433333328792027,-0.0006248632441823905,0.0001433333328792027,0.005068698674862621,0.001899514150938808,0.0,0.0001433333328792027
2025-12-08,-0.0010773371014028796,-0.001538265278217084,0.0001429761875243414,-0.001918344805787564,0.0001429761875243414,-0.0013863550093875892,0.0001429761875243414,-0.006718712413373906,-0.003004291266267667,0.0,0.0001429761875243414
2025-12-09,0.0023904809987415126,0.0005616026573150796,0.0001435714297824436,0.0012332555234719766,0.0001435714297824436,0.0028144154972470727,0.0001435714297824436,-0.0015080886329914833,-0.0008630053269349514,0.0,0.0001435714297824436
2025-12-10,0.0034482980371449306,0.003662125567904834,0.0001441269829159691,0.004095683212486545,0.0001441269829159691,0.007319713222147859,0.0001441269829159691,0.009959933836342139,0.006632175045054867,0.0,0.0001441269829159691
2025-12-11,-0.0013640397108727765,0.00052725267344393,0.00014257936250595819,-0.0032343971092777535,0.00014257936250595819,0.006423246866191076,0.00014257936250595819,0.0015150972528020223,0.002326892036534245,0.0,0.00014257936250595819
2025-12-12,-0.01267571439230868,-0.0075747065165156745,0.00014158730469052754,-0.01911832991212825,0.00014158730469052754,-0.00961522385433829,0.00014158730469052754,-0.0059246233111205915,-0.010751920043269747,0.0,0.00014158730469052754
2025-12-15,-0.0029989509498280576,-0.0015995090370523025,0.00013988095616537428,-0.005019420310768963,0.00013988095616537428,-0.0038908959957361096,0.00013988095616537428,0.003068328693112937,-0.0015108498675291404,0.0,0.00013988095616537428
2025-12-16,-0.0028451011012035035,-1.1140563651656875e-05,0.00014039682963537794,0.0019818593380056537,0.00014039682963537794,-0.0008406948243231405,0.00014039682963537794,-0.0022120289991235664,-0.002732363256316539,0.0,0.00014039682963537794
2025-12-17,-0.008973199689522123,-0.0075139509248608105,0.00014067460620214068,-0.018537116785529828,0.00014067460620214068,-0.006864379341488462,0.00014067460620214068,-0.010704667528719541,-0.01100356428531768,0.0,0.00014067460620214068
2025-12-18,0.0053493302089177635,0.005837176180619181,0.00014059523741404215,0.01449018252472234,0.00014059523741404215,0.00451645342358035,0.00014059523741404215,0.00925117038722717,0.007551360600256851,0.0,0.00014059523741404215
2025-12-19,0.008787982194885512,0.00556576103152142,0.00013976190771375384,0.013035454491181708,0.00013976190771375384,0.006422185276894421,0.00013976190771375384,0.006183924293043791,0.009063394238406408,0.0,0.00013976190771375384
2025-12-22,0.004464681860622701,0.004122057887237541,0.00013976190771375384,0.0047934562375751,0.00013976190771375384,0.012333335017401525,0.00013976190771375384,0.0056102777719387875,0.006229909040435855,0.0,0.00013976190771375384
2025-12-23,0.004751006351943626,0.0023115761045101797,0.0001400000046169947,0.004683453235986956,0.0001400000046169947,0.0036305284360900196,0.0001400000046169947,0.002078509728120348,0.004570434077165064,0.0,0.0001400000046169947
2025-12-24,0.0012083768757152516,0.0014860848487866676,0.0001407539655291845,0.0029254616164215985,0.0001407539655291845,0.00013015085636199552,0.0001407539655291845,0.004256282574064851,0.0035176469336466454,0.0,0.0001407539655291845
2025-12-26,0.00013236543708773055,0.0006438454026748189,0.0001410714312205239,-6.409644817340077e-05,0.0001410714312205239,0.004518290597291623,0.0001410714312205239,-0.0005611104353573926,-0.00010148328648673655,0.0,0.0001410714312205239
2025-12-29,-0.002029851960663674,-0.004455950782547764,0.00014059523741404215,-0.004840622751142942,0.00014059523741404215,-0.01740273456420331,0.00014059523741404215,-0.004138089478779,-0.003563592192175946,0.0,0.00014059523741404215
2025-12-30,-0.00028750277987021314,-0.0008745857418996165,0.00014039682963537794,-0.0023193379001987813,0.00014039682963537794,-0.0008837397603371764,0.00014039682963537794,-0.001162355576048879,-0.001221116197679395,0.0,0.00014039682963537794
2025-12-31,-0.004785340919324976,-0.004274668782559933,0.0001404761889624217,-0.008265628821942483,0.0001404761889624217,-0.006610428223304968,0.0001404761889624217,-0.0070667826290876645,-0.007408984561101173,0.0,0.0001404761889624217
2026-01-02,0.001202090334165994,0.001553860855336928,0.0001407539655291845,-0.001937054598321386,0.0001407539655291845,0.013860000237976216,0.0001407539655291845,-0.002241049327199679,0.001833124841917666,0.0,0.0001407539655291845
2026-01-05,-0.0004045344617710133,0.0057650968144394256,0.00014019841239565895,0.007942853963580854,0.00014019841239565895,0.01773826118374533,0.00014019841239565895,0.00573573075157674,0.006660087823948668,0.0,0.00014019841239565895
2026-01-06,0.002395632552213476,0.005174352714815541,0.00013948413114699108,0.008786634057363907,0.00013948413114699108,0.010484979009476906,0.00013948413114699108,0.009135773896588012,0.0059471682236194034,0.0,0.00013948413114699108
2026-01-07,2.9749229762143897e-05,-0.0007846667782914888,0.0001396825389256553,0.000962429680596566,0.0001396825389256553,-0.006469971034485063,0.0001396825389256553,0.0014158070910399445,-0.0032234143669693793,0.0,0.0001396825389256553
2026-01-08,-0.00371146086301408,-0.0006756477325621877,0.00013948413114699108,-0.005688941336362441,0.00013948413114699108,0.0055983098082948626,0.00013948413114699108,-0.0013087782573026896,-0.00010151182144413351,0.0,0.00013948413114699108
2026-01-09,0.004733486777180504,0.004607734264729127,0.00013916666545565166,0.009960147171985012,0.00013916666545565166,0.006526230844713894,0.00013916666545565166,0.005975293951969413,0.006613390447410161,0.0,0.00013916666545565166
2026-01-12,0.001718202666871999,0.0021666488740854015,0.00013940476235889252,0.0008298325333249146,0.00013940476235889252,0.012534520768454478,0.00013940476235889252,-0.0008406976350593671,0.0015703445496706436,0.0,0.00013940476235889252
2026-01-13,-0.00036143122862654744,-0.0008065251738880351,0.00014019841239565895,-0.0014828122674713784,0.00014019841239565895,-0.0031386651142322197,0.00014019841239565895,0.0013936366820062884,-0.0019993398948610075,0.0,0.00014019841239565895
2026-01-14,-0.0041751066319364784,-0.001877493059038462,0.00014126983899918815,-0.010682909994248702,0.00014126983899918815,0.007145243666483095,0.00014126983899918815,0.00044183525650942634,-0.0049153111169923935,0.0,0.00014126983899918815
2026-01-15,-0.0003641779446311362,0.001425478556033708,0.00014126983899918815,0.003599455252849104,0.00014126983899918815,0.0028582534771010764,0.00014126983899918815,-0.0015328259170999115,0.0027232882038870088,0.0,0.00014126983899918815
2026-01-16,-0.0012173872783203987,-0.0008154893298024138,0.0001414682562389071,-0.0008363320530784257,0.0001414682562389071,-0.0025548462398525444,0.0001414682562389071,-0.00206310907167212,-0.0008379420888714462,0.0,0.0001414682562389071
2026-01-20,-0.011312421938650426,-0.007383723270063203,0.00014115079054756772,-0.021247070363040854,0.00014115079054756772,0.005397854737100157,0.00014115079054756772,-0.014007518808088953,-0.020356746879827692,0.0,0.00014115079054756772
2026-01-21,0.012027410942007292,0.011127596530549245,0.00014174603280566988,0.013518466424559117,0.00014174603280566988,0.01699568962632177,0.00014174603280566988,0.01793963860364206,0.011540989809479152,0.0498604184744843,0.00014174603280566988
2026-01-22,0.004003170958895029,0.003929237135506864,0.00014238095472729397,0.007269304425451262,0.00014238095472729397,0.011161182208248169,0.00014238095472729397,0.000497120113241462,0.0052233050172840745,-0.001,0.00014238095472729397
2026-01-23,0.0007843390847565029,0.001238652683251712,0.00014238095472729397,0.003157356478796336,0.00014238095472729397,0.0005299226448510028,0.00014238095472729397,0.002963456206436427,0.00036274314526618667,0.0,0.00014238095472729397
2026-01-26,0.0029437081665732653,0.002165730625742222,0.00014214285782405308,0.004400269315128824,0.00014214285782405308,0.004395799215758388,0.00014214285782405308,-0.00020765688904753055,0.005078168996109245,0.0,0.00014214285782405308
2026-01-27,-0.0014877146021616092,0.004828725939828393,0.0001418650812572903,0.009065231755267522,0.0001418650812572903,0.015715528245416367,0.0001418650812572903,-0.0013983925518965545,0.0039842915730679,0.0,0.0001418650812572903
2026-01-28,0.0033096737373600055,0.0030168254101397875,0.00014166666401757135,0.0033113909811974818,0.00014166666401757135,0.013388790896428488,0.00014166666401757135,0.001421726889138553,-0.00010073765791229761,0.0,0.00014166666401757135
2026-01-29,-0.001893786442370796,-0.001925256988824691,0.00014214285782405308,-0.00598522437627802,0.00014214285782405308,-0.0007091480956756823,0.00014214285782405308,-0.0021994875038603423,-0.0019843514508082194,0.0,0.00014214285782405308
2026-01-30,-0.004121493724088009,-0.010069817282501262,0.00014206348903595455,-0.01201090373626934,0.00014206348903595455,-0.04634596294294942,0.00014206348903595455,0.0006232251093113155,-0.0029825340247910948,0.0,0.00014206348903595455
2026-02-02,0.0025283690607848667,0.000543778166034643,0.00014174603280566988,0.006866562242869634,0.00014174603280566988,-0.009086644669953792,0.00014174603280566988,-0.002287806678369364,0.004971300173138626,0.0,0.00014174603280566988
2026-02-03,-0.0028957386402585173,0.00037768151632372406,0.00014198412970891077,-0.01536396384183314,0.00014198412970891077,0.02375796000211109,0.00014198412970891077,0.012429900185529114,-0.008455418456572827,0.0,0.00014198412970891077
2026-02-04,-0.00843046072394946,-0.0042929414285551686,0.00014246031405433778,-0.017469240412525178,0.00014246031405433778,-0.007575855780721286,0.00014246031405433778,0.01527735355158405,-0.00484383887388995,0.0,0.00014246031405433778
2026-02-05,-0.01722136827644981,-0.008254720053657079,0.00014265873129405674,-0.014395221638106248,0.00014265873129405674,-0.016408653856298562,0.00014265873129405674,-0.013042845797216901,-0.012489280981794804,0.0,0.00014265873129405674
2026-02-06,0.027932957058469723,0.015271793034120679,0.00014198412970891077,0.021137936669279433,0.00014198412970891077,0.030988627615484265,0.00014198412970891077,0.02175570500540497,0.0191847683064843,0.03356883517591924,0.00014198412970891077
2026-02-09,0.013006842528222564,0.005480755790598912,0.00014246031405433778,0.007660074439934883,0.00014246031405433778,0.013248686253445625,0.00014246031405433778,0.0036300016488823583,0.00482176499257525,0.016150042023986177,0.00014246031405433778
2026-02-10,0.0025228465761543057,-0.0017237897568490852,0.00014257936250595819,-0.004639285022135731,0.00014257936250595819,-0.003708106241691415,0.00014257936250595819,0.001936876408423882,-0.0026370466495768685,-0.001,0.00014257936250595819
2026-02-11,0.0009566900123398573,0.003100255632264046,0.00014246031405433778,0.002682105541488955,0.00014246031405433778,0.007535385564279536,0.00014246031405433778,0.012704590208176603,-0.00023116280847257364,0.0,0.00014246031405433778
2026-02-12,-0.017318507050256043,-0.010684735155515514,0.00014285713907272098,-0.020338825937092464,0.00014285713907272098,-0.02217273805670983,0.00014285713907272098,-0.011618850661594293,-0.015448819557001725,0.0,0.00014285713907272098
2026-02-13,0.009564708337513144,0.0032456910488827618,0.00014277777974567717,0.002130923473245172,0.00014277777974567717,0.014109289550171098,0.00014277777974567717,0.00871630987488764,0.0007044426839897255,-0.007486004383190691,0.00014277777974567717
2026-02-17,-0.0033608199283958334,-0.0015969316611285573,0.00014257936250595819,-0.001030077782878669,0.00014257936250595819,-0.01248412699951684,0.00014257936250595819,-0.004789968380819132,0.00161351967622414,0.016897028081386045,0.00014257936250595819
2026-02-18,0.004306929730942153,0.004399287909646952,0.00014257936250595819,0.007467310908450209,0.00014257936250595819,0.00963279303837076,0.00014257936250595819,0.006728152528237247,0.005037695790158558,-0.0001887900624253369,0.00014257936250595819
2026-02-19,6.946512727315038e-05,-0.001067073051705468,0.0001429761875243414,-0.0038299255851645952,0.0001429761875243414,-0.0008125446481517621,0.0001429761875243414,0.002136240597158029,-0.002637350384703585,-0.001,0.0001429761875243414
2026-02-20,0.0003132970342614161,0.00578423856603905,0.00014265873129405674,0.00884886598850465,0.00014265873129405674,0.016393704653295888,0.00014265873129405674,-0.00018171909479791637,0.007231744186485312,0.010847867574826586,0.00014265873129405674
2026-02-23,-0.015253264605416548,-0.0031571421214441433,0.00014265873129405674,-0.012154852193255183,0.00014265873129405674,0.003949341477197055,0.00014265873129405674,0.0005865280390784655,-0.010211295817177612,-0.001,0.00014265873129405674
2026-02-24,0.007603831619940577,0.004735571474409561,0.00014238095472729397,0.010741486606593798,0.00014238095472729397,0.0012312708152396974,0.00014238095472729397,0.0036794803669085996,0.007268496179203332,0.01812300280115353,0.00014238095472729397
2026-02-25,0.012019402870912934,0.004709594250719448,0.00014238095472729397,0.014493219410373515,0.00014238095472729397,0.006022129431836812,0.00014238095472729397,-0.004461844920857383,0.008438408868665537,-0.001,0.00014238095472729397
2026-02-26,-0.0027498330877394365,-0.003328687532961583,0.00014238095472729397,-0.012064483343630195,0.00014238095472729397,-0.0005843880336947231,0.00014238095472729397,0.001454039045001937,-0.0055544827571518685,0.0,0.00014238095472729397
2026-02-27,-0.0035415359553418336,0.00044109597813657403,0.00014238095472729397,-0.0032007731474020806,0.00014238095472729397,0.0030862131367164576,0.00014238095472729397,0.010922331901757343,-0.004801996079766391,0.0,0.00014238095472729397
2026-03-02,0.003921604419545335,-0.0003720654098234299,0.00014198412970891077,0.0013173568394246882,0.00014198412970891077,-0.008025358840997235,0.00014198412970891077,0.004136101361233352,0.0005685897092166936,0.0,0.00014198412970891077
2026-03-03,-0.010604471999342013,-0.01225008452378035,0.00014246031405433778,-0.010705670012813862,0.00014246031405433778,-0.04192269913456688,0.00014246031405433778,-0.016087297849353283,-0.008814360718000014,-0.021235098273483688,0.00014246031405433778
2026-03-04,0.0077351809740897545,0.006871258292937928,0.00014265873129405674,0.015243056661963017,0.00014265873129405674,0.010496839613564585,0.00014265873129405674,-0.0002384374006174912,0.007055245231977203,0.018686088908107523,0.00014265873129405674
2026-03-05,0.002293647681350447,-0.007271679607541064,0.00014265873129405674,-0.0030125655761713555,0.00014265873129405674,-0.019320960061614618,0.00014265873129405674,-0.015011520843566523,-0.005575510954580309,-0.03494885771952849,0.00014265873129405674
2026-03-06,-0.011150272197545993,-0.008620030596968777,0.00014238095472729397,-0.015043268708536672,0.00014238095472729397,0.000526221196077703,0.00014238095472729397,-0.00600024005054417,-0.013107174917892817,-0.06802716571272516,0.00014238095472729397
2026-03-09,0.009203177506939587,0.008190963704628362,0.00014166666401757135,0.013355523441756834,0.00014166666401757135,0.008289506005147846,0.00014166666401757135,0.003508644707550912,0.008760124399694647,0.05109482953758149,0.00014166666401757135
2026-03-10,-0.0012182613409180718,-0.0012482924813090922,0.00014257936250595819,1.6526024154916996e-05,0.00014257936250595819,0.005846038231401618,0.00014257936250595819,-0.007887905312894655,-0.0016071969630669924,-0.02532675422706021,0.00014257936250595819
2026-03-11,0.004317065636527121,0.0011875625343650599,0.00014265873129405674,-0.0001318029413015509,0.00014265873129405674,-0.0009834339923888344,0.00014265873129405674,0.002841957923368721,-0.0012550721328115078,0.022631977970043904,0.00014265873129405674
2026-03-12,-0.009455044432734224,-0.01114396970559484,0.00014285713907272098,-0.017163246964151946,0.00014285713907272098,-0.022421818265881445,0.00014285713907272098,-0.0065563317739148474,-0.015185020398155058,-0.03483608175240316,0.00014285713907272098
2026-03-13,-0.0008626767550910729,-0.003707579926453159,0.00014305555631243994,-0.005927118275966703,0.00014305555631243994,-0.009157717266987775,0.00014305555631243994,-0.00028273271549392144,-0.005660061445393549,-0.008917158865219044,0.00014305555631243994
2026-03-16,0.006799972383193435,0.008433340435494409,0.0001429761875243414,0.011217504869518224,0.0001429761875243414,0.015206263811646395,0.0001429761875243414,0.005567168470129946,0.010176873245252516,0.03963150090031098,0.0001429761875243414
2026-03-17,0.0003994608469659992,0.002016670424266494,0.00014305555631243994,0.004880223770939329,0.00014305555631243994,0.002190235798544493,0.00014305555631243994,0.0002853714282804176,0.0026305491982852036,0.003915154464980253,0.00014305555631243994
2026-03-18,-0.011732121594473403,-0.01111353328362525,0.00014305555631243994,-0.01393968844637461,0.00014305555631243994,-0.022990266215970147,0.00014305555631243994,-0.011890707263603695,-0.013953630828001051,-0.039819425139543396,0.00014305555631243994
2026-03-19,0.0024492679188048263,-0.0026350127654732377,0.00014325396409110418,-0.0031603622078371085,0.00014325396409110418,-0.013977008510680733,0.00014325396409110418,-0.003048442734289752,-0.0024643625774001254,0.013894859829850503,0.00014325396409110418
2026-03-20,-0.014023428623557578,-0.013844291226667096,0.0001433333328792027,-0.01848165574914795,0.0001433333328792027,-0.03175895703461166,0.0001433333328792027,-0.017025641090282095,-0.014335866992629342,-0.03457725867797379,0.0001433333328792027
2026-03-23,-0.002482695606513565,-0.0023623873113868933,0.0001435714297824436,-0.024166569435300045,0.0001435714297824436,0.01048704622817335,0.0001435714297824436,0.009552427984412137,-0.001,0.023585892001832143,0.0001435714297824436
2026-03-24,0.0029229786432843656,0.0010444992772784996,0.0001433333328792027,0.005850085747000966,0.0001433333328792027,-0.006503114118774577,0.0001433333328792027,0.011295921879653337,-0.0,-0.012374611256132595,0.0001433333328792027
2026-03-25,0.0013384704998203,0.004395172561185249,0.00014365078910948738,-0.0010905374916722055,0.00014365078910948738,0.02020102021791015,0.00014365078910948738,0.008024606680191282,0.0,0.01577013453874132,0.00014365078910948738
2026-03-26,-0.0006274309917566263,-0.004659435830203233,0.00014365078910948738,0.009461434978636829,0.00014365078910948738,-0.03074840532875748,0.00014365078910948738,-0.005132379199946385,-0.0,-0.038919647240295285,0.00014365078910948738
2026-03-27,0.000663712016129781,0.0023487735149288094,0.00014365078910948738,0.0118961761510048,0.00014365078910948738,0.007047062687764745,0.00014365078910948738,0.0020725271247510613,-0.0,-0.03872538289845584,0.00014365078910948738
2026-03-30,0.0014589365935096374,0.0013680004682326708,0.00014313492510053847,0.007481332173295607,0.00014313492510053847,-0.0018544145563339498,0.00014313492510053847,-0.005239134914449245,-0.0,0.005064484982922224,0.00014313492510053847
2026-03-31,0.006618727977302945,0.005666787608527773,0.00014277777974567717,-0.0028288515475118903,0.00014277777974567717,0.0249794907615557,0.00014277777974567717,0.0012991895258607504,0.0,0.04901510300337941,0.00014277777974567717
2026-04-01,-0.0025890436501586284,0.0001414660152793213,0.00014285713907272098,-0.0074468434801346906,0.00014285713907272098,0.01282836336749053,0.00014285713907272098,-0.004806079678830566,0.0,0.010262035557476734,0.00014285713907272098
2026-04-02,0.0018291759958693275,0.001426051414118497,0.00014305555631243994,0.012504479611710417,0.00014305555631243994,-0.01219260605825519,0.00014305555631243994,0.001255549045767329,0.0,-0.0008645108089820885,0.00014305555631243994
2026-04-06,0.004073954601952272,0.003027767202296338,0.00014313492510053847,0.005292858776381415,0.00014313492510053847,0.0033634391681820475,0.00014313492510053847,0.004505094194400122,0.0,0.014060167257519796,0.00014313492510053847
2026-04-07,0.0009171379864409267,-0.00030325948229593556,0.00014376983756110782,0.001404033550322925,0.00014376983756110782,0.003936010381561106,0.00014376983756110782,-0.003421632150064746,0.0,-0.018984628186234365,0.00014376983756110782
2026-04-08,-0.002679422001055769,0.003025104415386924,0.00014345238133082314,-0.023484053984182407,0.00014345238133082314,0.03331954900039687,0.00014345238133082314,0.013618951125072776,0.0,0.049793368498664003,0.00014345238133082314
2026-04-09,0.0030478213372779088,0.0029010630750121538,0.00014285713907272098,0.004764690477389479,0.00014285713907272098,0.0009275543701128262,0.00014285713907272098,0.0011030795812063954,0.004769096571727417,0.021126770578980603,0.00014285713907272098
2026-04-10,-0.013673766730164247,0.00011259333651246738,0.00014238095472729397,0.0014421634998613708,0.00014238095472729397,0.0017066105926037967,0.00014238095472729397,-0.00450578336712304,-0.0006617946789001516,-0.001,0.00014238095472729397
2026-04-13,0.0198874077720412,0.004004557178201594,0.00014257936250595819,0.010342458753533679,0.00014257936250595819,0.0035125995454127574,0.00014257936250595819,0.001127889732834314,0.009772337225445238,0.0,0.00014257936250595819
2026-04-14,0.007566137113674941,0.00744981797434669,0.0001429761875243414,0.018156976393979063,0.0001429761875243414,0.016526953463655847,0.0001429761875243414,-0.005288050304415537,0.012184915010662545,0.0,0.0001429761875243414
2026-04-15,0.014652606763497195,0.002600330644369554,0.0001433333328792027,0.013999461125057566,0.0001433333328792027,-0.004743068578804799,0.0001433333328792027,-0.008264858802133346,0.00789104262604634,0.0,0.0001433333328792027
2026-04-16,0.002846605382095199,0.0021072537406736295,0.0001433333328792027,0.0048164068171479,0.0001433333328792027,8.42205572660164e-05,0.0001433333328792027,0.006596370174004634,0.0024573146961406334,0.0,0.0001433333328792027
2026-04-17,0.004646946659734149,0.007044675074181314,0.00014325396409110418,0.013084099653997816,0.00014325396409110418,0.017314927775524607,0.00014325396409110418,0.0022342522968366585,0.012085709684531931,0.0,0.00014325396409110418
2026-04-20,0.005136356372707818,-0.0011230063615355996,0.00014285713907272098,-0.0031748578483062895,0.00014285713907272098,-0.0033820904300227994,0.00014285713907272098,0.0028157636668990627,-0.0019997769579219726,0.0,0.00014285713907272098
2026-04-21,-0.002214466163234444,-0.004801715585924874,0.00014277777974567717,-0.003803352544907046,0.00014277777974567717,-0.01775986844782451,0.00014277777974567717,-0.007422841410881176,-0.006546877598048839,0.0,0.00014277777974567717
2026-04-22,0.009625668632193515,0.007005016370074714,0.00014277777974567717,0.016730653873212376,0.00014277777974567717,0.012858241885902231,0.00014277777974567717,0.0008771290716497737,0.010126679110719516,0.0,0.00014277777974567717
2026-04-23,-0.0016951164998709545,-0.0022084079671502504,0.00014265873129405674,-0.005632759995443659,0.00014265873129405674,-0.009806255184032404,0.00014265873129405674,0.009154100176914898,-0.0038807172806204493,0.0,0.00014265873129405674
2026-04-24,0.006950140607508546,0.006686621963231125,0.00014265873129405674,0.019127514037256654,0.00014265873129405674,0.010507289868721292,0.00014265873129405674,-0.0029890733676892767,0.0077492429694283604,0.0,0.00014265873129405674
2026-04-27,-0.0008907865574743893,-0.0004931900965694418,0.00014257936250595819,0.0005271905772745722,0.00014257936250595819,-0.00251760966573226,0.00014257936250595819,-0.0042290520879138815,0.0017229416659827468,0.0,0.00014257936250595819
2026-04-28,-0.005090454871278429,-0.004620969185979464,0.00014246031405433778,-0.01005674119631117,0.00014246031405433778,-0.01347713328331294,0.00014246031405433778,0.0023343505900578487,-0.004865980739709008,0.0,0.00014246031405433778
2026-04-29,0.003689374848061013,0.0006137676210029231,0.00014246031405433778,0.006113613321933942,0.00014246031405433778,-0.007369856842777392,0.00014246031405433778,0.0015614079512442092,-0.0001546344034137892,0.0,0.00014246031405433778
2026-04-30,0.005400579296740907,0.007607959515018895,0.00014246031405433778,0.009326188605504049,0.00014246031405433778,0.01911948622980201,0.00014246031405433778,0.016159634383611454,0.009949685183250345,0.0,0.00014246031405433778
2026-05-01,0.0013387274040520332,0.00227511842619088,0.0001422619062756735,0.009599641508835965,0.0001422619062756735,0.0019224705316828925,0.0001422619062756735,-0.0066707695317690385,0.00276905737155686,0.0,0.0001422619062756735
2026-05-04,0.0006880050586248946,-0.0025591078977390998,0.0001418650812572903,-0.0018838353264988283,0.0001418650812572903,-0.008498570666001163,0.0001418650812572903,-0.005847160463031048,-0.0036633809509297732,0.0,0.0001418650812572903
2026-05-05,0.007350001154893143,0.00734781625459721,0.00014246031405433778,0.012974028218234235,0.00014246031405433778,0.015235646464182517,0.00014246031405433778,0.011709944098630243,0.008022242913074518,0.0,0.00014246031405433778
2026-05-06,0.004825469232802328,0.010855080687191036,0.00014285713907272098,0.020774385215872604,0.00014285713907272098,0.025767308524368444,0.00014285713907272098,0.007075031296069845,0.013899418730159985,0.0,0.00014285713907272098
2026-05-07,-0.002480208575501343,-0.0032544418588652028,0.00014285713907272098,-0.0011929535040877681,0.00014285713907272098,-0.009164787102206546,0.00014285713907272098,-0.013979573173875354,-0.0030660889376450395,0.0,0.00014285713907272098
2026-05-08,0.009980407167372278,0.00967456845182302,0.00014277777974567717,0.023440885181338134,0.00014277777974567717,0.01616037589836809,0.00014277777974567717,0.00724683886721092,0.008256054754597786,0.0,0.00014277777974567717
2026-05-11,0.005807727980162585,0.0028395561408551305,0.00014265873129405674,0.0028963137231159397,0.00014265873129405674,0.002080731253657264,0.00014265873129405674,0.01586186670282458,0.0022775635209937306,0.0,0.00014265873129405674
2026-05-12,-0.002418624598118646,-0.004977591203808492,0.00014285713907272098,-0.008481796863919255,0.00014285713907272098,-0.01621506069858077,0.00014285713907272098,-0.003576941269993472,-0.0015148976832113359,0.0,0.00014285713907272098
2026-05-13,0.00812829101699622,0.004826841438042743,0.0001429761875243414,0.010562283683906104,0.0001429761875243414,0.010678144347143387,0.0001429761875243414,0.0011846765013342753,0.005594852718878274,0.0,0.0001429761875243414
2026-05-14,0.007577557257070831,0.0037184876458786994,0.00014285713907272098,0.0071077082416364235,0.00014285713907272098,0.005311392494679268,0.00014285713907272098,0.005063544297119499,0.007894249484761584,0.0,0.00014285713907272098
2026-05-15,-0.006612333598999882,-0.009270309722756916,0.00014238095472729397,-0.015087657190182235,0.00014238095472729397,-0.024484177992597906,0.00014238095472729397,-0.00969845932131888,-0.012029288059682064,0.0,0.00014238095472729397
2026-05-18,-0.0014481418189773508,-0.0015921857146315751,0.00014238095472729397,-0.004302311194844144,0.00014238095472729397,-0.003903596987597938,0.00014238095472729397,0.000754213301253498,-0.0007035134425675826,0.0,0.00014238095472729397
2026-05-19,-0.0037061430087738786,-0.004136072894548953,0.00014158730469052754,-0.006162428965955091,0.00014158730469052754,-0.00928417441805888,0.00014158730469052754,-0.007492890477009018,-0.006660884222331576,0.0,0.00014158730469052754
2026-05-20,0.004431696378714836,0.008572384038515513,0.0001418650812572903,0.016563783317203207,0.0001418650812572903,0.020134225690732716,0.0001418650812572903,0.00596521004267081,0.010249029332388027,0.0,0.0001418650812572903
2026-05-21,0.0005613100643093347,0.0017176710016599177,0.00014115079054756772,0.0019069796363839764,0.00014115079054756772,0.006658689792033101,0.00014115079054756772,0.00047513907712468106,0.0019831294549137457,0.0,0.00014115079054756772
2026-05-22,0.0035985848511183144,0.0026846679145520976,0.00014214285782405308,0.004240633637315083,0.00014214285782405308,0.003759655397097809,0.00014214285782405308,0.007194973346612121,0.003931565762728351,0.0,0.00014214285782405308
2026-05-26,0.0036708078595187135,0.009413790268635838,0.0001422619062756735,0.01775519420859828,0.0001422619062756735,0.02497033227262483,0.0001422619062756735,0.006853125165590723,0.006638589859918387,0.0,0.0001422619062756735
2026-05-27,-0.0020355350747926436,-0.0007135495433455753,0.00014214285782405308,-0.001136579405231486,0.00014214285782405308,-0.0005882419795345539,0.00014214285782405308,-0.0037437004461421397,-0.000173263723814987,0.0,0.00014214285782405308
2026-05-28,0.0032858282413253097,0.00376264475122033,0.0001422619062756735,0.008430907104224783,0.0001422619062756735,0.005788227139814935,0.0001422619062756735,0.003267017838807368,0.005516626676954184,0.0,0.0001422619062756735
2026-05-29,-0.0013972546320757588,0.0011267586367149896,0.00014246031405433778,0.0036840899135461846,0.00014246031405433778,-0.0006468814324090967,0.00014246031405433778,0.0006961278621483991,0.002491413132097442,0.0,0.00014246031405433778
2026-06-01,0.005715757005138219,0.0037307734552797897,0.00014238095472729397,0.006000274716762455,0.00014238095472729397,0.007527374012092876,0.00014238095472729397,0.008510950815209667,0.0027230637662387647,0.0,0.00014238095472729397
2026-06-02,0.004370738632422469,0.0036622623875758346,0.00014365078910948738,0.004604447930300237,0.00014365078910948738,0.008050787339952903,0.00014365078910948738,0.011549960857979491,0.0013579961566574372,0.0,0.00014365078910948738
2026-06-03,-0.002380042402437556,-0.0024620475080543913,0.0001435714297824436,-0.0026132570557489965,0.0001435714297824436,-0.009574341832071249,0.0001435714297824436,0.0010704452001164266,-0.00701716271996522,0.0,0.0001435714297824436
2026-06-04,-0.0017195439799425195,-0.0010277293641590764,0.00014376983756110782,-0.004837399690344579,0.00014376983756110782,-0.0004927809451165479,0.00014376983756110782,-0.0007458506824050415,0.003778634283035931,0.0,0.00014376983756110782
2026-06-05,-0.023009741393034886,-0.02421227079848036,0.00014365078910948738,-0.04800095670568172,0.00014365078910948738,-0.04958231117166071,0.00014365078910948738,-0.02885668731853075,-0.025809369612244448,0.0,0.00014365078910948738
2026-06-08,0.013834342902917022,0.007139613358407256,0.00014384920634920634,0.015615670011939864,0.00014384920634920634,0.014103084395850876,0.00014384920634920634,0.0041433316883940086,0.002264222440912178,0.009786647041467034,0.00014384920634920634
2026-06-09,-0.004734770001952065,-0.003638937980835847,0.0001439682548008268,-0.011507290544565008,0.0001439682548008268,-0.002413193732331657,0.0001439682548008268,-0.0017676818780915926,-0.002935437064612745,-0.001,0.0001439682548008268
2026-06-10,-0.009340259058400916,-0.010150415748025294,0.00014424603136758957,-0.019976500775947925,0.00014424603136758957,-0.016006863695756136,0.00014424603136758957,-0.016197214898785256,-0.015765592933211114,0.0,0.00014424603136758957
2026-06-11,0.01655601588186895,0.017392200131826054,0.00014424603136758957,0.033775843891297175,0.00014424603136758957,0.03577933062197284,0.00014424603136758957,0.011739800353236601,0.016996857394830034,0.021714305311509086,0.00014424603136758957
2026-06-12,0.004116379556545053,0.0038572888281459667,0.00014376983756110782,0.005884676445148118,0.00014376983756110782,0.006753528988653926,0.00014376983756110782,0.009707496225370982,0.005408207317551872,-0.001,0.00014376983756110782
2026-06-15,0.010400191678656991,0.013430729418907493,0.0001435714297824436,0.031413770612350955,0.0001435714297824436,0.02415471013596567,0.0001435714297824436,0.005848688264454782,0.017634009390668393,0.0,0.0001435714297824436
2026-06-16,-0.009833997789323938,-0.007846634111035294,0.0001435714297824436,-0.019005412853389303,0.0001435714297824436,-0.014536039349061483,0.0001435714297824436,-0.005144175485684521,-0.005961575485861181,0.0,0.0001435714297824436
2026-06-17,-0.005580835089797534,-0.005109895984405636,0.0001440476235889253,-0.010070425515599668,0.0001440476235889253,-0.006256017358516701,0.0001440476235889253,-0.007641103596573273,-0.01248789492983049,0.0,0.0001440476235889253
2026-06-18,0.009776676596975033,0.011386407438198196,0.0001447222251740713,0.025065482590181487,0.0001447222251740713,0.02576320189163228,0.0001447222251740713,0.00428748298169182,0.010396979807429707,0.0,0.0001447222251740713
2026-06-22,-0.0005094550049590148,0.0004178561191006117,0.00014515872985597643,-0.0025101621760993398,0.00014515872985597643,0.0040616619071081415,0.00014515872985597643,0.006249904098549808,-0.0031469282666526377,0.0,0.00014515872985597643
2026-06-23,-0.013821299880224886,-0.01595247466933738,0.00014603174868084136,-0.03292899719133657,0.00014603174868084136,-0.033084700384535405,0.00014603174868084136,-0.017158297152681773,-0.014522012225013592,0.0,0.00014603174868084136
2026-06-24,-0.0032567070747493614,-0.0011010887886032947,0.00014642857369922456,-0.004245791899862628,0.00014642857369922456,0.0005280853601315656,0.00014642857369922456,-0.0013168037652542264,-0.0004635003677893046,0.0,0.00014642857369922456
2026-06-25,0.004659708170797242,0.004814659344832017,0.00014642857369922456,0.008105545686541538,0.00014642857369922456,0.008715220835011786,0.00014642857369922456,0.013249777493382575,0.0014456368287247834,0.0,0.00014642857369922456
2026-06-26,-0.005036786701704798,-0.006132995955494209,0.00014603174868084136,-0.013763553147168484,0.00014603174868084136,-0.007338617196184671,0.00014603174868084136,-0.010964254975467214,-0.007231332133985857,0.0,0.00014603174868084136
2026-06-29,0.009286524466781949,0.009235510790660628,0.00014535714709569536,0.024854164910073306,0.00014535714709569536,0.008519269421962423,0.00014535714709569536,0.004612271201213186,0.01647481275894025,0.0,0.00014535714709569536
2026-06-30,0.005566897838339057,0.007022354399330456,0.00014603174868084136,0.017014713891123634,0.00014603174868084136,0.012166251435407283,0.00014603174868084136,0.003122667508237059,0.007786815227913024,0.0,0.00014603174868084136
2026-07-01,-0.00826376526636451,-0.007178375979039797,0.00014809524256085592,-0.015249963514154086,0.00014809524256085592,-0.015741101255912583,0.00014809524256085592,-0.009514130923805403,-0.0013525036475483532,0.0,0.00014809524256085592
2026-07-02,-0.004329129760461947,-0.006253731564836397,0.00014682539871760776,-0.01733382526666305,0.00014682539871760776,-0.011626656858763258,0.00014682539871760776,-0.0012544116817241324,-0.0013140507435593918,0.0,0.00014682539871760776
2026-07-06,0.005120115174669029,0.007025695180562603,0.00014555555487435963,0.014341917254311332,0.00014555555487435963,0.015746814308822705,0.00014555555487435963,0.0037633374851848145,0.008727392224116226,0.0,0.00014555555487435963
2026-07-07,-0.003725647597858169,-0.007665600508563433,0.00014642857369922456,-0.018524717261255708,0.00014642857369922456,-0.018323430455284506,0.00014642857369922456,0.00022895864056324267,-0.004751890339538711,0.0,0.00014642857369922456
2026-07-08,0.0008206707593996908,0.0006650612500746561,0.00014781745653303844,0.002833298395807704,0.00014781745653303844,0.0004813638620219849,0.00014781745653303844,0.000681970848640856,-0.0030894091522385425,0.0,0.00014781745653303844
2026-07-09,0.005629396811820458,0.0070659791529207,0.00014773809720599462,0.016642333885830585,0.00014773809720599462,0.012586119079774397,0.00014773809720599462,0.0033456868117372474,0.008465256756416295,0.0,0.00014773809720599462
2026-07-10,0.001274212227199548,0.0015879982884697053,0.00014611110800788514,0.003083152100227471,0.00014611110800788514,0.0002249034981840481,0.00014611110800788514,0.004127297650922568,0.004310118179872147,0.0,0.00014611110800788514
2026-07-13,-0.006704422091700332,-0.008362731844801574,0.0001466269814778888,-0.01897984931090735,0.0001466269814778888,-0.021111393355578656,0.0001466269814778888,0.0007549626313422264,-0.007656140611366324,0.0,0.0001466269814778888
2026-07-14,0.0038982589034956853,0.005051070043899168,0.00014793650498465887,0.011169877197279243,0.00014793650498465887,0.010939659933230168,0.00014793650498465887,0.0030327454672331167,0.0035506379166867497,0.0,0.00014793650498465887
2026-07-15,-0.00141126850930648,-0.0008144530427919331,0.00014682539871760776,-0.0027095386610569427,0.00014682539871760776,1.5298205071697323e-05,0.00014682539871760776,-0.004843536819680944,0.003963630921285599,0.0,0.00014682539871760776
2026-07-16,-0.006671005267132779,-0.00618517640942365,0.00014634920491112604,-0.016440498089291156,0.00014634920491112604,-0.012698385645566282,0.00014634920491112604,0.0018853873005839628,-0.005418616825605738,0.0,0.00014634920491112604
2026-07-17,-0.004771406012815055,-0.0062738341859949805,0.00014670635026598736,-0.015029581322824392,0.00014670635026598736,-0.011431406703963993,0.00014670635026598736,-0.0010711743173955068,-0.009897199757215702,0.0,0.00014670635026598736
2026-07-20,-0.0013975351418802756,-0.0003877616281197497,0.00014710317528437056,0.0010498726409937653,0.00014710317528437056,-0.002816012399913469,0.00014710317528437056,-0.0015455994809301654,-0.0016143534967409945,0.0,0.00014710317528437056
2026-07-21,0.010295022399209385,0.0092835472098547,0.000147023806496272,0.01854722842715173,0.000147023806496272,0.019674388714243356,0.000147023806496272,0.010221995305756598,0.008341327043244195,0.0,0.000147023806496272
2026-07-22,-1.9472863184371127e-06,-0.0021523189701008346,0.0001480158737727574,-0.005106055642898566,0.0001480158737727574,-0.006578775587084454,0.0001480158737727574,0.001501136250016577,-0.001162766737217713,0.0,0.0001480158737727574
2026-07-23,-0.005467026601926898,-0.007357474752448613,0.00014861110656980484,-0.01898336374339682,0.00014861110656980484,-0.013039705611493329,0.00014861110656980484,0.002222174492989948,-0.012349253784127878,0.0,0.00014861110656980484
2026-07-24,-0.0039611197916102035,-0.0040705011583771255,0.00015079364890143983,-0.011171210722356162,0.00015079364890143983,-0.011993402803479637,0.00015079364890143983,0.003961065751114795,0.0010159657563921787,0.0,0.00015079364890143983
2026-07-27,-0.005315870389328782,-0.0011144553031797683,0.00015099206614115881,-0.0030837356474000543,0.00015099206614115881,0.0024904044506278327,0.00015099206614115881,-0.007824007210960271,0.00021661654234961247,0.0,0.00015099206614115881
2026-07-28,-0.004635916879441401,-0.004358203294682627,0.00015067460044981942,-0.009719710851298968,0.00015067460044981942,-0.009318110256463858,0.00015067460044981942,-0.0075913579085087335,0.0023947666975516757,0.0,0.00015067460044981942
2026-07-29,-0.009487438862932903,-0.009325253422361188,0.000149206348827907,-0.02037047288151972,0.000149206348827907,-0.018039813042570737,0.000149206348827907,-0.004210969337320347,-0.015387445003102407,0.0,0.000149206348827907
2026-07-30,0.0171578044243522,0.015109823476882587,0.00014515872985597643,0.03297419933967949,0.00014515872985597643,0.021223560551191456,0.00014515872985597643,0.007388794415691069,0.01676574369337569,0.03278505507017038,0.00014515872985597643
2026-07-31,0.0006902220327059974,0.002601377678049855,0.0001458333314411224,0.006495569881900698,0.0001458333314411224,0.0029815835377676367,0.0001458333314411224,-7.13834534254716e-05,0.007199869193782904,-0.001,0.0001458333314411224
2026-08-03,0.006852866100562194,0.008275998519184438,0.00014611110800788514,0.017558420982753953,0.00014611110800788514,0.016346812544229723,0.00014611110800788514,0.0031866098567888412,0.014242990614400597,0.0,0.00014611110800788514
2026-08-04,0.014455437004532026,0.014759991895301921,0.00014682539871760776,0.03396794626081601,0.00014682539871760776,0.02351011613997467,0.00014682539871760776,0.013415982435196733,0.01802895214665101,0.0,0.00014682539871760776
2026-08-05,-0.005754372282762422,-0.0038918153192992644,0.0001480158737727574,-0.009048794851582387,0.0001480158737727574,-0.00582511349873734,0.0001480158737727574,-0.006542125548596289,-0.0019965624761277834,0.0,0.0001480158737727574
2026-08-06,-0.0019645095603525497,-0.0021524300375533206,0.00014781745653303844,-0.0036943750473806825,0.00014781745653303844,-0.003454224352281746,0.00014781745653303844,-0.006389078110097368,-0.0015978064697251826,0.0,0.00014781745653303844
2026-08-07,0.005061028892522321,0.004873689222067042,0.00014809524256085592,0.011726019049234537,0.00014809524256085592,0.009646454424966144,0.00014809524256085592,-0.00011564263706775836,0.0061153280785064545,0.0,0.00014809524256085592
2026-08-10,-0.0008121935205617722,-0.0001889258081733272,0.00014722222373599096,-0.0029874614166396363,0.00014722222373599096,-0.0028414227399690497,0.00014722222373599096,0.009586139689083562,-0.0002974431285415191,0.0,0.00014722222373599096
2026-08-11,-0.0028842317294260956,-0.001027671237044457,0.00014753967996627567,-0.0033570539834080204,0.00014753967996627567,-0.0010618035448809828,0.00014753967996627567,0.0016255239315441932,-0.003195199981383512,0.0,0.00014753967996627567
2026-08-12,0.002674287177261277,0.003368189892171862,0.0001480158737727574,0.007307443460370822,0.0001480158737727574,0.005175504499277839,0.0001480158737727574,0.005290525260965906,0.0025046088948632583,0.0,0.0001480158737727574
2026-08-13,0.003545028260756861,0.004923119354995033,0.00014710317528437056,0.011565537129121894,0.00014710317528437056,0.007050927279370177,0.00014710317528437056,0.004029738182834919,0.006977515074108265,0.0,0.00014710317528437056
2026-08-14,-0.0032227114140618417,-0.00029198979109716573,0.000147023806496272,-0.0013659941160515388,0.000147023806496272,0.0006310652659976914,0.000147023806496272,0.0005554751190042229,-0.0019797506799419384,0.0,0.000147023806496272
2026-08-17,-0.002032663494359049,-0.0012179224510424928,0.00014670635026598736,-0.0016414852746460262,0.00014670635026598736,-0.0032482961610330223,0.00014670635026598736,-0.00013434098237161086,-0.004727362317670902,0.0,0.00014670635026598736
2026-08-18,-0.006773656651856591,-0.006220848631332529,0.0001469444471692282,-0.01693448594486635,0.0001469444471692282,-0.012095458990808512,0.0001469444471692282,0.0028601563023596126,-0.00675574496080833,0.0,0.0001469444471692282
2026-08-19,0.00018961862831725848,0.00037509679281642135,0.000147023806496272,-0.0019930264086855942,0.000147023806496272,0.0016891680346197517,0.000147023806496272,0.004148615974021691,0.0020977847370853286,0.0,0.000147023806496272
2026-08-20,-0.0037826824658882606,-0.00453635906182581,0.00014682539871760776,-0.0071919537489711916,0.00014682539871760776,-0.009671584307427317,0.00014682539871760776,-0.00705364138544648,-0.008399827926766523,0.0,0.00014682539871760776
2026-08-21,0.0010455312176024475,0.002544603815350796,0.0001469444471692282,0.003530669955839505,0.0001469444471692282,0.0051049857369943235,0.0001469444471692282,0.005415892711223835,0.004091229991858514,0.0,0.0001469444471692282
2026-08-24,-0.003860170672673684,-0.003964622132874391,0.00014722222373599096,-0.009979845564302758,0.00014722222373599096,-0.00651751836803401,0.00014722222373599096,-0.003194975006375167,-0.0029384361156037375,0.0,0.00014722222373599096
2026-08-25,6.44959527773759e-05,0.003071704005868403,0.0001469444471692282,0.006229422572993526,0.0001469444471692282,0.00856736796833868,0.0001469444471692282,-0.0005820926047211128,0.003195939766817757,0.0,0.0001469444471692282
2026-08-26,0.0019841185112694265,0.0002585436266269566,0.000147023806496272,0.0009146072815255923,0.000147023806496272,-0.00042586849978309965,0.000147023806496272,0.000293387681320173,0.00022200767959623668,0.0,0.000147023806496272
2026-08-27,0.004357989687744528,0.0054087990455240695,0.00014642857369922456,0.013691886096947492,0.00014642857369922456,0.007728741624019337,0.00014642857369922456,0.0028746364400029645,0.006552844629756693,0.0,0.00014642857369922456
2026-08-28,-0.003549743131772927,-0.003291131043479271,0.00014595237989274283,-0.006489968792703249,0.00014595237989274283,-0.008994492847221905,0.00014595237989274283,-0.0019668792337865504,-0.0022694869107554583,0.0,0.00014595237989274283
2026-08-31,0.000513317431941119,-7.378484318506335e-05,0.0001480158737727574,0.00046060937059055895,0.0001480158737727574,-0.0024935497477927373,0.0001480158737727574,0.0036120621992947743,-0.002989548034258882,0.0,0.0001480158737727574
2026-09-01,-0.003506919905760239,-0.005164464972062305,0.00014809524256085592,-0.01272396313002655,0.00014809524256085592,-0.009295138974595513,0.00014809524256085592,-0.0012205325188806015,-0.006870413937474118,0.0,0.00014809524256085592
2026-09-02,0.0009328570471077225,0.002445607219731459,0.00014968254263438875,0.0022610270072151994,0.00014968254263438875,0.0065970162250958975,0.00014968254263438875,0.005093824755700221,0.004436916429827686,0.0,0.00014968254263438875
2026-09-03,0.0062897037883819645,0.005411914053152788,0.00014968254263438875,0.01188593267524074,0.00014968254263438875,0.0068882992942614525,0.00014968254263438875,0.005734078182319607,0.010468417941536634,0.0,0.00014968254263438875
2026-09-04,-0.0021178617071466455,0.0008507411147251108,0.0001484126987911406,0.0017975381542669755,0.0001484126987911406,0.007601898401350022,0.0001484126987911406,-0.004980948916445516,-0.0038542322600894074,0.0,0.0001484126987911406
2026-09-08,-0.0009064341610083718,-0.001363860345421882,0.0001490873003762866,-0.0008345245704174387,0.0001490873003762866,-0.001156356328507376,0.0001490873003762866,-0.006183157064126199,-0.005492178930014524,0.0,0.0001490873003762866
2026-09-09,-0.0023735432975101837,-0.0020726207130539963,0.0001498015910860092,-0.002853702094152255,0.0001498015910860092,-0.007204994312880944,0.0001498015910860092,0.00021447248648473471,-0.004647717444469568,0.0,0.0001498015910860092
2026-09-10,-0.004287565678005626,-0.005897653999177772,0.00015099206614115881,-0.010637841445189311,0.00015099206614115881,-0.014121883124852259,0.00015099206614115881,-0.007194129128892307,-0.005994275703456675,0.0,0.00015099206614115881
2026-09-11,0.0037597831914939874,0.0046762261260758315,0.00015257936621469165,0.008734391341528314,0.00015257936621469165,0.008469324323824079,0.00015257936621469165,0.005333187385166471,0.008524301461116268,0.0,0.00015257936621469165
2026-09-14,-0.004881063754199822,-0.004629739802641816,0.0001552777820163303,-0.007973401255785939,0.0001552777820163303,-0.012878609637726874,0.0001552777820163303,-0.00420439310824805,-0.004461653484890693,0.0,0.0001552777820163303
2026-09-15,-0.0022588696914170032,-0.002560344039487371,0.0001561507913801405,-0.006542800059618603,0.0001561507913801405,-0.006721306675533314,0.0001561507913801405,0.003768094002338296,-0.004586752409134642,0.0,0.0001561507913801405
2026-09-16,-0.005297280410563306,-0.001636716977190084,0.0001571428586566259,0.00025548151370968775,0.0001571428586566259,-0.0022542284598825817,0.0001571428586566259,-0.010827834793398494,-0.0044098804847823025,0.0,0.0001571428586566259
2026-09-17,0.00763430041457027,0.008287357990252125,0.0001575396836750091,0.01731186438003518,0.0001575396836750091,0.015585925339388998,0.0001575396836750091,0.00719896169194123,0.011338753705953053,0.0,0.0001575396836750091
2026-09-18,0.002271653830766082,0.0020921711963454498,0.00015734126643529014,0.006318759752816483,0.00015734126643529014,0.0031330332083612245,0.00015734126643529014,-0.0010513156367621124,0.0012869590529585029,0.0,0.00015734126643529014
2026-09-21,0.012660861312452552,0.013241027968252047,0.00015785713990529377,0.02882053954743813,0.00015785713990529377,0.023726408466945736,0.00015785713990529377,0.012627538247075465,0.015504992215651825,0.0,0.00015785713990529377
2026-09-22,0.004038961931562707,0.0024647455213456233,0.00015801587748149085,0.008078616135797079,0.00015801587748149085,0.003948714238494336,0.00015801587748149085,-0.0018693585860574398,-0.00015513266604716414,0.0,0.00015801587748149085
2026-09-23,-0.003270106156278813,-0.004785332098752946,0.0001589285759698777,-0.008361651213807164,0.0001589285759698777,-0.011893192694864996,0.0001589285759698777,-0.004224301018193821,-0.007202161019229769,0.0,0.0001589285759698777
2026-09-24,0.0011581512215078841,-0.0003193907932368332,0.0001598412649972098,-0.00014846856283168286,0.0001598412649972098,-0.0025875519707801997,0.0001598412649972098,0.0011544987102340425,-0.000820521854125067,0.0,0.0001598412649972098
2026-09-25,0.0027915726107613364,0.0028919268122877713,0.00016142856507074264,0.004587808023302609,0.00016142856507074264,0.00695944844088503,0.00016142856507074264,0.0024093309707409194,0.005435468794763754,0.0,0.00016142856507074264
